id,title,abstract,categories,authors,keywords,topic,combined_text
704.0043,Nonequilibrium entropy limiters in lattice Boltzmann methods,"  We construct a system of nonequilibrium entropy limiters for the lattice
Boltzmann methods (LBM). These limiters erase spurious oscillations without
blurring of shocks, and do not affect smooth solutions. In general, they do the
same work for LBM as flux limiters do for finite differences, finite volumes
and finite elements methods, but for LBM the main idea behind the construction
of nonequilibrium entropy limiter schemes is to transform a field of a scalar
quantity - nonequilibrium entropy. There are two families of limiters: (i)
based on restriction of nonequilibrium entropy (entropy ""trimming"") and (ii)
based on filtering of nonequilibrium entropy (entropy filtering). The physical
properties of LBM provide some additional benefits: the control of entropy
production and accurate estimate of introduced artificial dissipation are
possible. The constructed limiters are tested on classical numerical examples:
1D athermal shock tubes with an initial density ratio 1:2 and the 2D lid-driven
cavity for Reynolds numbers Re between 2000 and 7500 on a coarse 100*100 grid.
All limiter constructions are applicable for both entropic and non-entropic
quasiequilibria.
",cond-mat.stat-mech; cond-mat.mtrl-sci,R.A. Brownlee; A.N. Gorban; J. Levesley,entropy; finite; 100; methods; based,9,"Nonequilibrium entropy limiters in lattice Boltzmann methods   We construct a system of nonequilibrium entropy limiters for the lattice
Boltzmann methods (LBM). These limiters erase spurious oscillations without
blurring of shocks, and do not affect smooth solutions. In general, they do the
same work for LBM as flux limiters do for finite differences, finite volumes
and finite elements methods, but for LBM the main idea behind the construction
of nonequilibrium entropy limiter schemes is to transform a field of a scalar
quantity - nonequilibrium entropy. There are two families of limiters: (i)
based on restriction of nonequilibrium entropy (entropy ""trimming"") and (ii)
based on filtering of nonequilibrium entropy (entropy filtering). The physical
properties of LBM provide some additional benefits: the control of entropy
production and accurate estimate of introduced artificial dissipation are
possible. The constructed limiters are tested on classical numerical examples:
1D athermal shock tubes with an initial density ratio 1:2 and the 2D lid-driven
cavity for Reynolds numbers Re between 2000 and 7500 on a coarse 100*100 grid.
All limiter constructions are applicable for both entropic and non-entropic
quasiequilibria.
"
704.01,Topology Change of Black Holes,"  The topological structure of the event horizon has been investigated in terms
of the Morse theory. The elementary process of topological evolution can be
understood as a handle attachment. It has been found that there are certain
constraints on the nature of black hole topological evolution: (i) There are n
kinds of handle attachments in (n+1)-dimensional black hole space-times. (ii)
Handles are further classified as either of black or white type, and only black
handles appear in real black hole space-times. (iii) The spatial section of an
exterior of the black hole region is always connected. As a corollary, it is
shown that the formation of a black hole with an S**(n-2) x S**1 horizon from
that with an S**(n-1) horizon must be non-axisymmetric in asymptotically flat
space-times.
",gr-qc,Daisuke Ida and Masaru Siino,black; hole; horizon; topological; times,9,"Topology Change of Black Holes   The topological structure of the event horizon has been investigated in terms
of the Morse theory. The elementary process of topological evolution can be
understood as a handle attachment. It has been found that there are certain
constraints on the nature of black hole topological evolution: (i) There are n
kinds of handle attachments in (n+1)-dimensional black hole space-times. (ii)
Handles are further classified as either of black or white type, and only black
handles appear in real black hole space-times. (iii) The spatial section of an
exterior of the black hole region is always connected. As a corollary, it is
shown that the formation of a black hole with an S**(n-2) x S**1 horizon from
that with an S**(n-1) horizon must be non-axisymmetric in asymptotically flat
space-times.
"
704.0138,"Circular and non-circular nearly horizon-skimming orbits in Kerr
  spacetimes","  We have performed a detailed analysis of orbital motion in the vicinity of a
nearly extremal Kerr black hole. For very rapidly rotating black holes (spin
a=J/M>0.9524M) we have found a class of very strong field eccentric orbits
whose angular momentum L_z increases with the orbit's inclination with respect
to the equatorial plane, while keeping latus rectum and eccentricity fixed.
This behavior is in contrast with Newtonian intuition, and is in fact opposite
to the ""normal"" behavior of black hole orbits. Such behavior was noted
previously for circular orbits; since it only applies to orbits very close to
the black hole, they were named ""nearly horizon-skimming orbits"". Our analysis
generalizes this result, mapping out the full generic (inclined and eccentric)
family of nearly horizon-skimming orbits. The earlier work on circular orbits
reported that, under gravitational radiation emission, nearly horizon-skimming
orbits tend to evolve to smaller orbit inclination, toward prograde equatorial
configuration. Normal orbits, by contrast, always demonstrate slowly growing
orbit inclination (orbits evolve toward the retrograde equatorial
configuration). Using up-to-date Teukolsky-fluxes, we have concluded that the
earlier result was incorrect: all circular orbits, including nearly
horizon-skimming ones, exhibit growing orbit inclination. Using kludge fluxes
based on a Post-Newtonian expansion corrected with fits to circular and to
equatorial Teukolsky-fluxes, we argue that the inclination grows also for
eccentric nearly horizon-skimming orbits. We also find that the inclination
change is, in any case, very small. As such, we conclude that these orbits are
not likely to have a clear and peculiar imprint on the gravitational waveforms
expected to be measured by the space-based detector LISA.
",gr-qc; astro-ph,Enrico Barausse; Scott A. Hughes; Luciano Rezzolla,orbits; horizon; orbit; black; hole,9,"Circular and non-circular nearly horizon-skimming orbits in Kerr
  spacetimes   We have performed a detailed analysis of orbital motion in the vicinity of a
nearly extremal Kerr black hole. For very rapidly rotating black holes (spin
a=J/M>0.9524M) we have found a class of very strong field eccentric orbits
whose angular momentum L_z increases with the orbit's inclination with respect
to the equatorial plane, while keeping latus rectum and eccentricity fixed.
This behavior is in contrast with Newtonian intuition, and is in fact opposite
to the ""normal"" behavior of black hole orbits. Such behavior was noted
previously for circular orbits; since it only applies to orbits very close to
the black hole, they were named ""nearly horizon-skimming orbits"". Our analysis
generalizes this result, mapping out the full generic (inclined and eccentric)
family of nearly horizon-skimming orbits. The earlier work on circular orbits
reported that, under gravitational radiation emission, nearly horizon-skimming
orbits tend to evolve to smaller orbit inclination, toward prograde equatorial
configuration. Normal orbits, by contrast, always demonstrate slowly growing
orbit inclination (orbits evolve toward the retrograde equatorial
configuration). Using up-to-date Teukolsky-fluxes, we have concluded that the
earlier result was incorrect: all circular orbits, including nearly
horizon-skimming ones, exhibit growing orbit inclination. Using kludge fluxes
based on a Post-Newtonian expansion corrected with fits to circular and to
equatorial Teukolsky-fluxes, we argue that the inclination grows also for
eccentric nearly horizon-skimming orbits. We also find that the inclination
change is, in any case, very small. As such, we conclude that these orbits are
not likely to have a clear and peculiar imprint on the gravitational waveforms
expected to be measured by the space-based detector LISA.
"
704.014,Entanglement entropy of two-dimensional Anti-de Sitter black holes,"  Using the AdS/CFT correspondence we derive a formula for the entanglement
entropy of the anti-de Sitter black hole in two spacetime dimensions. The
leading term in the large black hole mass expansion of our formula reproduces
exactly the Bekenstein-Hawking entropy S_{BH}, whereas the subleading term
behaves as ln S_{BH}. This subleading term has the universal form typical for
the entanglement entropy of physical systems described by effective conformal
fields theories (e.g. one-dimensional statistical models at the critical
point). The well-known form of the entanglement entropy for a two-dimensional
conformal field theory is obtained as analytic continuation of our result and
is related with the entanglement entropy of a black hole with negative mass.
",hep-th,Mariano Cadoni,entropy; entanglement; term; black; hole,9,"Entanglement entropy of two-dimensional Anti-de Sitter black holes   Using the AdS/CFT correspondence we derive a formula for the entanglement
entropy of the anti-de Sitter black hole in two spacetime dimensions. The
leading term in the large black hole mass expansion of our formula reproduces
exactly the Bekenstein-Hawking entropy S_{BH}, whereas the subleading term
behaves as ln S_{BH}. This subleading term has the universal form typical for
the entanglement entropy of physical systems described by effective conformal
fields theories (e.g. one-dimensional statistical models at the critical
point). The well-known form of the entanglement entropy for a two-dimensional
conformal field theory is obtained as analytic continuation of our result and
is related with the entanglement entropy of a black hole with negative mass.
"
704.0149,Construction of initial data for 3+1 numerical relativity,"  This lecture is devoted to the problem of computing initial data for the
Cauchy problem of 3+1 general relativity. The main task is to solve the
constraint equations. The conformal technique, introduced by Lichnerowicz and
enhanced by York, is presented. Two standard methods, the conformal
transverse-traceless one and the conformal thin sandwich, are discussed and
illustrated by some simple examples. Finally a short review regarding initial
data for binary systems (black holes and neutron stars) is given.
",gr-qc,Eric Gourgoulhon (LUTH; CNRS / Observatoire de Paris / Univ. Paris 7),initial; problem; data; constraint; relativity,9,"Construction of initial data for 3+1 numerical relativity   This lecture is devoted to the problem of computing initial data for the
Cauchy problem of 3+1 general relativity. The main task is to solve the
constraint equations. The conformal technique, introduced by Lichnerowicz and
enhanced by York, is presented. Two standard methods, the conformal
transverse-traceless one and the conformal thin sandwich, are discussed and
illustrated by some simple examples. Finally a short review regarding initial
data for binary systems (black holes and neutron stars) is given.
"
704.0226,"Correlated modulation between the redshifted Fe K alpha line and the
  continuum emission in NGC 3783","  It has been suggested that X-ray observations of rapidly variable Seyfert
galaxies may hold the key to probe the gas orbital motions in the innermost
regions of accretion discs around black holes and, thus, trace flow patterns
under the effect of the hole strong gravitational field. We explore this
possibility analizing XMM-Newton observations of the seyfert 1 galaxy NGC 3783.
A detiled time-resolved spectral analysis is performed down to the shortest
possible time-scales (few ks) using ""excess maps"" and cross-correlating light
curves in different energy bands. In addition to a constant core of the Fe K
alpha line, we detected a variable and redshifted Fe K alpha emission feature
between 5.3-6.1 keV. The line exhibits a modulation on a time-scale of 27 ks
that is similar to and in phase with a modulation of the 0.3-10 keV source
continuum. The time-scale of the correlated variability of the redshifted Fe
line and continuum agrees with the local dynamical time-scale of the accretion
disc at 10 r_g around a black hole of 10^7 M_sun. Given the shape of the
redshfted line emission and the overall X-ray variability pattern, the line is
likely to arise from the relativistic region near the black hole.
",astro-ph,"F. Tombesi (1; 2); B. De Marco (3); K. Iwasawa (4); M. Cappi (1); M.
  Dadina (1); G. Ponti (1; 2); G. Miniutti (5) and G.G.C. Palumbo (2) ((1)
  INAF-IASF Bologna; (2) UNIBO; (3) SISSA; (4) MPE; (5) Institute of Astronomy; Cambridge)",line; fe; time; black; hole,9,"Correlated modulation between the redshifted Fe K alpha line and the
  continuum emission in NGC 3783   It has been suggested that X-ray observations of rapidly variable Seyfert
galaxies may hold the key to probe the gas orbital motions in the innermost
regions of accretion discs around black holes and, thus, trace flow patterns
under the effect of the hole strong gravitational field. We explore this
possibility analizing XMM-Newton observations of the seyfert 1 galaxy NGC 3783.
A detiled time-resolved spectral analysis is performed down to the shortest
possible time-scales (few ks) using ""excess maps"" and cross-correlating light
curves in different energy bands. In addition to a constant core of the Fe K
alpha line, we detected a variable and redshifted Fe K alpha emission feature
between 5.3-6.1 keV. The line exhibits a modulation on a time-scale of 27 ks
that is similar to and in phase with a modulation of the 0.3-10 keV source
continuum. The time-scale of the correlated variability of the redshifted Fe
line and continuum agrees with the local dynamical time-scale of the accretion
disc at 10 r_g around a black hole of 10^7 M_sun. Given the shape of the
redshfted line emission and the overall X-ray variability pattern, the line is
likely to arise from the relativistic region near the black hole.
"
704.0228,"Einstein vs Maxwell: Is gravitation a curvature of space, a field in
  flat space, or both?","  Starting with a field theoretic approach in Minkowski space, the
gravitational energy momentum tensor is derived from the Einstein equations in
a straightforward manner. This allows to present them as {\it acceleration
tensor} = const. $\times$ {\it total energy momentum tensor}. For flat space
cosmology the gravitational energy is negative and cancels the material energy.
In the relativistic theory of gravitation a bimetric coupling between the
Riemann and Minkowski metrics breaks general coordinate invariance. The case of
a positive cosmological constant is considered. A singularity free version of
the Schwarzschild black hole is solved analytically. In the interior the
components of the metric tensor quickly die out, but do not change sign,
leaving the role of time as usual. For cosmology the $\Lambda$CDM model is
covered, while there appears a form of inflation at early times. Here both the
total energy and the zero point energy vanish.
",gr-qc; astro-ph; quant-ph,Theo M. Nieuwenhuizen,tensor; energy; gravitational; momentum; total,9,"Einstein vs Maxwell: Is gravitation a curvature of space, a field in
  flat space, or both?   Starting with a field theoretic approach in Minkowski space, the
gravitational energy momentum tensor is derived from the Einstein equations in
a straightforward manner. This allows to present them as {\it acceleration
tensor} = const. $\times$ {\it total energy momentum tensor}. For flat space
cosmology the gravitational energy is negative and cancels the material energy.
In the relativistic theory of gravitation a bimetric coupling between the
Riemann and Minkowski metrics breaks general coordinate invariance. The case of
a positive cosmological constant is considered. A singularity free version of
the Schwarzschild black hole is solved analytically. In the interior the
components of the metric tensor quickly die out, but do not change sign,
leaving the role of time as usual. For cosmology the $\Lambda$CDM model is
covered, while there appears a form of inflation at early times. Here both the
total energy and the zero point energy vanish.
"
704.0284,"Second Order Perturbative Calculation of Quasinormal Modes of
  Schwarzschild Black Holes","  We analytically calculate to second order the correction to the asymptotic
form of quasinormal frequencies of four dimensional Schwarzschild black holes
based on the monodromy analysis proposed by Motl and Neitzke. Our results are
in good agreement with those obtained from numerical calculation.
",hep-th; gr-qc,Hsien-chung Kao,correction; frequencies; calculation; holes; asymptotic,9,"Second Order Perturbative Calculation of Quasinormal Modes of
  Schwarzschild Black Holes   We analytically calculate to second order the correction to the asymptotic
form of quasinormal frequencies of four dimensional Schwarzschild black holes
based on the monodromy analysis proposed by Motl and Neitzke. Our results are
in good agreement with those obtained from numerical calculation.
"
704.0316,"The Millennium Galaxy Catalogue: The local supermassive black hole mass
  function in early- and late-type galaxies","  We provide a new estimate of the local supermassive black hole mass function
using (i) the empirical relation between supermassive black hole mass and the
Sersic index of the host spheroidal stellar system and (ii) the measured
(spheroid) Sersic indices drawn from 10k galaxies in the Millennium Galaxy
Catalogue. The observational simplicity of our approach, and the direct
measurements of the black hole predictor quantity, i.e. the Sersic index, for
both elliptical galaxies and the bulges of disc galaxies makes it
straightforward to estimate accurate black hole masses in early- and late-type
galaxies alike. We have parameterised the supermassive black hole mass function
with a Schechter function and find, at the low-mass end, a logarithmic slope
(1+alpha) of ~0.7 for the full galaxy sample and ~1.0 for the early-type galaxy
sample. Considering spheroidal stellar systems brighter than M_B = -18 mag, and
integrating down to black hole masses of 10^6 M_sun, we find that the local
mass density of supermassive black holes in early-type galaxies rho_{bh,
early-type} = (3.5+/-1.2) x 10^5 h^3_{70} M_sun Mpc^{-3}, and in late-type
galaxies rho_{bh, late-type} = (1.0+/-0.5) x 10^5 h^3_{70} M_sun Mpc^{-3}. The
uncertainties are derived from Monte Carlo simulations which include
uncertainties in the M_bh-n relation, the catalogue of Sersic indices, the
galaxy weights and Malmquist bias. The combined, cosmological, supermassive
black hole mass density is thus Omega_{bh, total} = (3.2+/-1.2) x 10^{-6} h_70.
That is, using a new and independent method, we conclude that (0.007+/-0.003)
h^3_{70} per cent of the universe's baryons are presently locked up in
supermassive black holes at the centres of galaxies.
",astro-ph,Alister W. Graham; Simon P. Driver; Paul D. Allen; Jochen Liske,black; galaxies; hole; type; early,9,"The Millennium Galaxy Catalogue: The local supermassive black hole mass
  function in early- and late-type galaxies   We provide a new estimate of the local supermassive black hole mass function
using (i) the empirical relation between supermassive black hole mass and the
Sersic index of the host spheroidal stellar system and (ii) the measured
(spheroid) Sersic indices drawn from 10k galaxies in the Millennium Galaxy
Catalogue. The observational simplicity of our approach, and the direct
measurements of the black hole predictor quantity, i.e. the Sersic index, for
both elliptical galaxies and the bulges of disc galaxies makes it
straightforward to estimate accurate black hole masses in early- and late-type
galaxies alike. We have parameterised the supermassive black hole mass function
with a Schechter function and find, at the low-mass end, a logarithmic slope
(1+alpha) of ~0.7 for the full galaxy sample and ~1.0 for the early-type galaxy
sample. Considering spheroidal stellar systems brighter than M_B = -18 mag, and
integrating down to black hole masses of 10^6 M_sun, we find that the local
mass density of supermassive black holes in early-type galaxies rho_{bh,
early-type} = (3.5+/-1.2) x 10^5 h^3_{70} M_sun Mpc^{-3}, and in late-type
galaxies rho_{bh, late-type} = (1.0+/-0.5) x 10^5 h^3_{70} M_sun Mpc^{-3}. The
uncertainties are derived from Monte Carlo simulations which include
uncertainties in the M_bh-n relation, the catalogue of Sersic indices, the
galaxy weights and Malmquist bias. The combined, cosmological, supermassive
black hole mass density is thus Omega_{bh, total} = (3.2+/-1.2) x 10^{-6} h_70.
That is, using a new and independent method, we conclude that (0.007+/-0.003)
h^3_{70} per cent of the universe's baryons are presently locked up in
supermassive black holes at the centres of galaxies.
"
704.0326,On generalized entropy measures and pathways,"  Product probability property, known in the literature as statistical
independence, is examined first. Then generalized entropies are introduced, all
of which give generalizations to Shannon entropy. It is shown that the nature
of the recursivity postulate automatically determines the logarithmic
functional form for Shannon entropy. Due to the logarithmic nature, Shannon
entropy naturally gives rise to additivity, when applied to situations having
product probability property. It is argued that the natural process is
non-additivity, important, for example, in statistical mechanics, even in
product probability property situations and additivity can hold due to the
involvement of a recursivity postulate leading to a logarithmic function.
Generalizations, including Mathai's generalized entropy are introduced and some
of the properties are examined. Situations are examined where Mathai's entropy
leads to pathway models, exponential and power law behavior and related
differential equations. Connection of Mathai's entropy to Kerridge's measure of
""inaccuracy"" is also explored.
",math.ST; cond-mat.stat-mech; stat.TH,A.M. Mathai; H.J. Haubold,entropy; property; product; probability; statistical,9,"On generalized entropy measures and pathways   Product probability property, known in the literature as statistical
independence, is examined first. Then generalized entropies are introduced, all
of which give generalizations to Shannon entropy. It is shown that the nature
of the recursivity postulate automatically determines the logarithmic
functional form for Shannon entropy. Due to the logarithmic nature, Shannon
entropy naturally gives rise to additivity, when applied to situations having
product probability property. It is argued that the natural process is
non-additivity, important, for example, in statistical mechanics, even in
product probability property situations and additivity can hold due to the
involvement of a recursivity postulate leading to a logarithmic function.
Generalizations, including Mathai's generalized entropy are introduced and some
of the properties are examined. Situations are examined where Mathai's entropy
leads to pathway models, exponential and power law behavior and related
differential equations. Connection of Mathai's entropy to Kerridge's measure of
""inaccuracy"" is also explored.
"
704.0366,Generalized Nariai Solutions for Yang-type Monopoles,"  A detailed study of the geometries that emerge by a gravitating generalized
Yang monopole in even dimensions is carried out. In particular, those which
present black hole and cosmological horizons. This two-horizon system is
thermally unstable. The process of thermalization will drive both horizons to
coalesce. This limit is what is profusely studied in this paper. It is shown
that eventhough coordinate distance shrinks to zero, physical distance does
not. So, there is some remaining space which geometry has been computed and
identified as a generalized Nariai solution. The thermal properties of this new
spacetime are then calculated. Topics, as the elliptical relation between radii
of spheres in the geometry or a discussion about whether a mass-type term
should be present in the line element or not, are also included.
",gr-qc; hep-th,Pablo Diaz; Antonio Segui,geometry; generalized; distance; horizon; present,9,"Generalized Nariai Solutions for Yang-type Monopoles   A detailed study of the geometries that emerge by a gravitating generalized
Yang monopole in even dimensions is carried out. In particular, those which
present black hole and cosmological horizons. This two-horizon system is
thermally unstable. The process of thermalization will drive both horizons to
coalesce. This limit is what is profusely studied in this paper. It is shown
that eventhough coordinate distance shrinks to zero, physical distance does
not. So, there is some remaining space which geometry has been computed and
identified as a generalized Nariai solution. The thermal properties of this new
spacetime are then calculated. Topics, as the elliptical relation between radii
of spheres in the geometry or a discussion about whether a mass-type term
should be present in the line element or not, are also included.
"
704.0389,"Evolution of the Carter constant for inspirals into a black hole: effect
  of the black hole quadrupole","  We analyze the effect of gravitational radiation reaction on generic orbits
around a body with an axisymmetric mass quadrupole moment Q to linear order in
Q, to the leading post-Newtonian order, and to linear order in the mass ratio.
This system admits three constants of the motion in absence of radiation
reaction: energy, angular momentum, and a third constant analogous to the
Carter constant. We compute instantaneous and time-averaged rates of change of
these three constants. For a point particle orbiting a black hole, Ryan has
computed the leading order evolution of the orbit's Carter constant, which is
linear in the spin. Our result, when combined with an interaction quadratic in
the spin (the coupling of the black hole's spin to its own radiation reaction
field), gives the next to leading order evolution. The effect of the
quadrupole, like that of the linear spin term, is to circularize eccentric
orbits and to drive the orbital plane towards antialignment with the symmetry
axis. In addition we consider a system of two point masses where one body has a
single mass multipole or current multipole. To linear order in the mass ratio,
to linear order in the multipole, and to the leading post-Newtonian order, we
show that there does not exist an analog of the Carter constant for such a
system (except for the cases of spin and mass quadrupole). With mild additional
assumptions, this result falsifies the conjecture that all vacuum, axisymmetric
spacetimes posess a third constant of geodesic motion.
",gr-qc,Eanna E. Flanagan and Tanja Hinderer,order; linear; constant; spin; leading,9,"Evolution of the Carter constant for inspirals into a black hole: effect
  of the black hole quadrupole   We analyze the effect of gravitational radiation reaction on generic orbits
around a body with an axisymmetric mass quadrupole moment Q to linear order in
Q, to the leading post-Newtonian order, and to linear order in the mass ratio.
This system admits three constants of the motion in absence of radiation
reaction: energy, angular momentum, and a third constant analogous to the
Carter constant. We compute instantaneous and time-averaged rates of change of
these three constants. For a point particle orbiting a black hole, Ryan has
computed the leading order evolution of the orbit's Carter constant, which is
linear in the spin. Our result, when combined with an interaction quadratic in
the spin (the coupling of the black hole's spin to its own radiation reaction
field), gives the next to leading order evolution. The effect of the
quadrupole, like that of the linear spin term, is to circularize eccentric
orbits and to drive the orbital plane towards antialignment with the symmetry
axis. In addition we consider a system of two point masses where one body has a
single mass multipole or current multipole. To linear order in the mass ratio,
to linear order in the multipole, and to the leading post-Newtonian order, we
show that there does not exist an analog of the Carter constant for such a
system (except for the cases of spin and mass quadrupole). With mild additional
assumptions, this result falsifies the conjecture that all vacuum, axisymmetric
spacetimes posess a third constant of geodesic motion.
"
704.0399,Hawking radiation of linear dilaton black holes,"  We compute exactly the semi-classical radiation spectrum for a class of
non-asymptotically flat charged dilaton black holes, the so-called linear
dilaton black holes. In the high frequency regime, the temperature for these
black holes generically agrees with the surface gravity result. In the special
case where the black hole is massless, we show that, although the surface
gravity remains finite, there is no radiation, in agreement with the fact that
massless objects cannot radiate.
",gr-qc; hep-th,G. Clement; J.C. Fabris and G.T. Marques,black; holes; radiation; gravity; surface,9,"Hawking radiation of linear dilaton black holes   We compute exactly the semi-classical radiation spectrum for a class of
non-asymptotically flat charged dilaton black holes, the so-called linear
dilaton black holes. In the high frequency regime, the temperature for these
black holes generically agrees with the surface gravity result. In the special
case where the black hole is massless, we show that, although the surface
gravity remains finite, there is no radiation, in agreement with the fact that
massless objects cannot radiate.
"
704.041,"Cyclotron Resonance study of the electron and hole velocity in graphene
  monolayers","  We report studies of cyclotron resonance in monolayer graphene. Cyclotron
resonance is detected using the photoconductive response of the sample for
several different Landau level occupancies. The experiments measure an electron
velocity at the K- (Dirac) point of $c_{K}^{*}$ = 1.093 x 10$^{6}$ ms$^{-1}$
and in addition detect a significant asymmetry between the electron and hole
bands, leading to a difference in the electron and hole velocities of 5% by
energies of 125 meV away from the Dirac point.
",cond-mat.mes-hall,R.S. Deacon; K-C. Chuang; R. J.Nicholas; K.S. Novoselov; A.K. Geim,electron; dirac; resonance; hole; point,9,"Cyclotron Resonance study of the electron and hole velocity in graphene
  monolayers   We report studies of cyclotron resonance in monolayer graphene. Cyclotron
resonance is detected using the photoconductive response of the sample for
several different Landau level occupancies. The experiments measure an electron
velocity at the K- (Dirac) point of $c_{K}^{*}$ = 1.093 x 10$^{6}$ ms$^{-1}$
and in addition detect a significant asymmetry between the electron and hole
bands, leading to a difference in the electron and hole velocities of 5% by
energies of 125 meV away from the Dirac point.
"
704.0431,Fragmentation of general relativistic quasi-toroidal polytropes,"  We investigate the role of rotational instabilities in the context of black
hole formation in relativistic stars. In addition to the standard scenario - an
axially symmetric dynamical instability forming a horizon at the star's center
- the recently found low-$T/|W|$ instabilities are shown to lead to
fragmentation and off-center horizon formation in differentially rotating
stars. This process might be an alternative pathway to produce SMBHs from
supermassive stars with inefficient angular momentum transport.
",gr-qc; astro-ph.HE,"Burkhard Zink; Nikolaos Stergioulas; Ian Hawke; Christian D. Ott; Erik
  Schnetter; Ewald Mueller",stars; horizon; center; formation; rotating,9,"Fragmentation of general relativistic quasi-toroidal polytropes   We investigate the role of rotational instabilities in the context of black
hole formation in relativistic stars. In addition to the standard scenario - an
axially symmetric dynamical instability forming a horizon at the star's center
- the recently found low-$T/|W|$ instabilities are shown to lead to
fragmentation and off-center horizon formation in differentially rotating
stars. This process might be an alternative pathway to produce SMBHs from
supermassive stars with inefficient angular momentum transport.
"
704.0435,Type D Einstein spacetimes in higher dimensions,"  We show that all static spacetimes in higher dimensions are of Weyl types G,
I_i, D or O. This applies also to stationary spacetimes if additional
conditions are fulfilled, as for most known black hole/ring solutions. (The
conclusions change when the Killing generator becomes null, such as at Killing
horizons.) Next we demonstrate that the same Weyl types characterize warped
product spacetimes with a one-dimensional Lorentzian (timelike) factor, whereas
warped spacetimes with a two-dimensional Lorentzian factor are restricted to
the types D or O. By exploring the Bianchi identities, we then analyze the
simplest non-trivial case from the above classes - type D vacuum spacetimes,
possibly with a cosmological constant, dropping, however, the assumptions that
the spacetime is static, stationary or warped. It is shown that for ``generic''
type D vacuum spacetimes the corresponding principal null directions are
geodetic in any dimension (this applies also to type II spacetimes). For n>=5,
however, there may exist particular cases of type D spacetimes which admit
non-geodetic multiple principal null directions and we present such examples in
any n>=7. Further studies are restricted to five dimensions, where the type D
Weyl tensor is described by a 3x3 matrix \Phi_{ij}. In the case with
``twistfree'' (A_{ij}=0) principal null geodesics we show that in a ``generic''
case \Phi_{ij} is symmetric and eigenvectors of \Phi_{ij} coincide with those
of the expansion matrix S_{ij}, providing us with three preferred spacelike
directions of the spacetime. Similar results are also obtained when relaxing
the twistfree condition and assuming instead that \Phi_{ij} is symmetric. The
n=5 Myers-Perry black hole and Kerr-NUT-AdS metrics in arbitrary dimension are
briefly studied as specific examples of type D vacuum spacetime.
",gr-qc; hep-th,Vojtech Pravda; Alena Pravdova; Marcello Ortaggio,type; spacetime; vacuum; types; stationary,9,"Type D Einstein spacetimes in higher dimensions   We show that all static spacetimes in higher dimensions are of Weyl types G,
I_i, D or O. This applies also to stationary spacetimes if additional
conditions are fulfilled, as for most known black hole/ring solutions. (The
conclusions change when the Killing generator becomes null, such as at Killing
horizons.) Next we demonstrate that the same Weyl types characterize warped
product spacetimes with a one-dimensional Lorentzian (timelike) factor, whereas
warped spacetimes with a two-dimensional Lorentzian factor are restricted to
the types D or O. By exploring the Bianchi identities, we then analyze the
simplest non-trivial case from the above classes - type D vacuum spacetimes,
possibly with a cosmological constant, dropping, however, the assumptions that
the spacetime is static, stationary or warped. It is shown that for ``generic''
type D vacuum spacetimes the corresponding principal null directions are
geodetic in any dimension (this applies also to type II spacetimes). For n>=5,
however, there may exist particular cases of type D spacetimes which admit
non-geodetic multiple principal null directions and we present such examples in
any n>=7. Further studies are restricted to five dimensions, where the type D
Weyl tensor is described by a 3x3 matrix \Phi_{ij}. In the case with
``twistfree'' (A_{ij}=0) principal null geodesics we show that in a ``generic''
case \Phi_{ij} is symmetric and eigenvectors of \Phi_{ij} coincide with those
of the expansion matrix S_{ij}, providing us with three preferred spacelike
directions of the spacetime. Similar results are also obtained when relaxing
the twistfree condition and assuming instead that \Phi_{ij} is symmetric. The
n=5 Myers-Perry black hole and Kerr-NUT-AdS metrics in arbitrary dimension are
briefly studied as specific examples of type D vacuum spacetime.
"
704.0507,E_6 and the bipartite entanglement of three qutrits,"  Recent investigations have established an analogy between the entropy of
four-dimensional supersymmetric black holes in string theory and entanglement
in quantum information theory. Examples include: (1) N=2 STU black holes and
the tripartite entanglement of three qubits (2-state systems), where the common
symmetry is [SL(2)]^3 and (2) N=8 black holes and the tripartite entanglement
of seven qubits where the common symmetry is E_7 which contains [SL(2)]^7. Here
we present another example: N=8 black holes (or black strings) in five
dimensions and the bipartite entanglement of three qutrits (3-state systems),
where the common symmetry is E_6 which contains [SL(3)]^3. Both the black hole
(or black string) entropy and the entanglement measure are provided by the
Cartan cubic E_6 invariant. Similar analogies exist for ``magic'' N=2
supergravity black holes in both four and five dimensions.
",hep-th; quant-ph,M. J. Duff and S. Ferrara,black; entanglement; holes; common; symmetry,9,"E_6 and the bipartite entanglement of three qutrits   Recent investigations have established an analogy between the entropy of
four-dimensional supersymmetric black holes in string theory and entanglement
in quantum information theory. Examples include: (1) N=2 STU black holes and
the tripartite entanglement of three qubits (2-state systems), where the common
symmetry is [SL(2)]^3 and (2) N=8 black holes and the tripartite entanglement
of seven qubits where the common symmetry is E_7 which contains [SL(2)]^7. Here
we present another example: N=8 black holes (or black strings) in five
dimensions and the bipartite entanglement of three qutrits (3-state systems),
where the common symmetry is E_6 which contains [SL(3)]^3. Both the black hole
(or black string) entropy and the entanglement measure are provided by the
Cartan cubic E_6 invariant. Similar analogies exist for ``magic'' N=2
supergravity black holes in both four and five dimensions.
"
704.0607,"Plasmon Amplification through Stimulated Emission at Terahertz
  Frequencies in Graphene","  We show that plasmons in two-dimensional graphene can have net gain at
terahertz frequencies. The coupling of the plasmons to interband electron-hole
transitions in population inverted graphene layers can lead to plasmon
amplification through the process of stimulated emission. We calculate plasmon
gain for different electron-hole densities and temperatures and show that the
gain values can exceed $10^{4}$ cm$^{-1}$ in the 1-10 terahertz frequency
range, for electron-hole densities in the $10^{9}$-$10^{11}$ cm$^{-2}$ range,
even when plasmon energy loss due to intraband scattering is considered.
Plasmons are found to exhibit net gain for intraband scattering times shorter
than 100 fs. Such high gain values could allow extremely compact terahertz
amplifiers and oscillators that have dimensions in the 1-10 $\mu$m range.
",cond-mat.mes-hall; cond-mat.mtrl-sci,Farhan Rana; Faisal R. Ahmad,10; hole; electron; graphene; range,9,"Plasmon Amplification through Stimulated Emission at Terahertz
  Frequencies in Graphene   We show that plasmons in two-dimensional graphene can have net gain at
terahertz frequencies. The coupling of the plasmons to interband electron-hole
transitions in population inverted graphene layers can lead to plasmon
amplification through the process of stimulated emission. We calculate plasmon
gain for different electron-hole densities and temperatures and show that the
gain values can exceed $10^{4}$ cm$^{-1}$ in the 1-10 terahertz frequency
range, for electron-hole densities in the $10^{9}$-$10^{11}$ cm$^{-2}$ range,
even when plasmon energy loss due to intraband scattering is considered.
Plasmons are found to exhibit net gain for intraband scattering times shorter
than 100 fs. Such high gain values could allow extremely compact terahertz
amplifiers and oscillators that have dimensions in the 1-10 $\mu$m range.
"
704.0628,"Black hole puncture initial data with realistic gravitational wave
  content","  We present improved post-Newtonian-inspired initial data for non-spinning
black-hole binaries, suitable for numerical evolution with punctures. We
revisit the work of Tichy et al. [W. Tichy, B. Bruegmann, M. Campanelli, and P.
Diener, Phys. Rev. D 67, 064008 (2003)], explicitly calculating the remaining
integral terms. These terms improve accuracy in the far zone and, for the first
time, include realistic gravitational waves in the initial data. We investigate
the behavior of these data both at the center of mass and in the far zone,
demonstrating agreement of the transverse-traceless parts of the new metric
with quadrupole-approximation waveforms. These data can be used for numerical
evolutions, enabling a direct connection between the merger waveforms and the
post-Newtonian inspiral waveforms.
",gr-qc,Bernard J Kelly; Wolfgang Tichy; Manuela Campanelli; Bernard F Whiting,data; far; initial; numerical; terms,9,"Black hole puncture initial data with realistic gravitational wave
  content   We present improved post-Newtonian-inspired initial data for non-spinning
black-hole binaries, suitable for numerical evolution with punctures. We
revisit the work of Tichy et al. [W. Tichy, B. Bruegmann, M. Campanelli, and P.
Diener, Phys. Rev. D 67, 064008 (2003)], explicitly calculating the remaining
integral terms. These terms improve accuracy in the far zone and, for the first
time, include realistic gravitational waves in the initial data. We investigate
the behavior of these data both at the center of mass and in the far zone,
demonstrating agreement of the transverse-traceless parts of the new metric
with quadrupole-approximation waveforms. These data can be used for numerical
evolutions, enabling a direct connection between the merger waveforms and the
post-Newtonian inspiral waveforms.
"
704.0729,The First Law for Boosted Kaluza-Klein Black Holes,"  We study the thermodynamics of Kaluza-Klein black holes with momentum along
the compact dimension, but vanishing angular momentum. These black holes are
stationary, but non-rotating. We derive the first law for these spacetimes and
find that the parameter conjugate to variations in the length of the compact
direction is an effective tension, which generally differs from the ADM
tension. For the boosted black string, this effective tension is always
positive, while the ADM tension is negative for large boost parameter. We also
derive two Smarr formulas, one that follows from time translation invariance,
and a second one that holds only in the case of exact translation symmetry in
the compact dimension. Finally, we show that the `tension first law' derived by
Traschen and Fox in the static case has the form of a thermodynamic Gibbs-Duhem
relation and give its extension in the stationary, non-rotating case.
",hep-th,David Kastor; Sourya Ray and Jennie Traschen,compact; black; rotating; stationary; holes,9,"The First Law for Boosted Kaluza-Klein Black Holes   We study the thermodynamics of Kaluza-Klein black holes with momentum along
the compact dimension, but vanishing angular momentum. These black holes are
stationary, but non-rotating. We derive the first law for these spacetimes and
find that the parameter conjugate to variations in the length of the compact
direction is an effective tension, which generally differs from the ADM
tension. For the boosted black string, this effective tension is always
positive, while the ADM tension is negative for large boost parameter. We also
derive two Smarr formulas, one that follows from time translation invariance,
and a second one that holds only in the case of exact translation symmetry in
the compact dimension. Finally, we show that the `tension first law' derived by
Traschen and Fox in the static case has the form of a thermodynamic Gibbs-Duhem
relation and give its extension in the stationary, non-rotating case.
"
704.0734,GRO J1655-40: from ASCA and XMM-Newton Observations,"  We have analysed four ASCA observations (1994--1995, 1996--1997) and three
XMM-Newton observations (2005) of this source, in all of which the source is in
high/soft state. We modeled the continuum spectra with relativistic disk model
kerrbb, estimated the spin of the central black hole, and constrained the
spectral hardening factor f_col and the distance. If kerrbb model applies, for
normally used value of f_col, the distance cannot be very small, and f_col
changes with observations.
",astro-ph,"Xiao-Ling Zhang; Shuang Nan Zhang; Gloria Sala; Jochen Greiner; Yuxin
  Feng; Yangsen Yao",observations; distance; source; soft; estimated,9,"GRO J1655-40: from ASCA and XMM-Newton Observations   We have analysed four ASCA observations (1994--1995, 1996--1997) and three
XMM-Newton observations (2005) of this source, in all of which the source is in
high/soft state. We modeled the continuum spectra with relativistic disk model
kerrbb, estimated the spin of the central black hole, and constrained the
spectral hardening factor f_col and the distance. If kerrbb model applies, for
normally used value of f_col, the distance cannot be very small, and f_col
changes with observations.
"
704.0749,Binary Systems as Test-beds of Gravity Theories,"  We review the general relativistic theory of the motion, and of the timing,
of binary systems containing compact objects (neutron stars or black holes).
Then we indicate the various ways one can use binary pulsar data to test the
strong-field and/or radiative aspects of General Relativity, and of general
classes of alternative theories of relativistic gravity.
",gr-qc,Thibault Damour,general; binary; relativistic; radiative; relativity,9,"Binary Systems as Test-beds of Gravity Theories   We review the general relativistic theory of the motion, and of the timing,
of binary systems containing compact objects (neutron stars or black holes).
Then we indicate the various ways one can use binary pulsar data to test the
strong-field and/or radiative aspects of General Relativity, and of general
classes of alternative theories of relativistic gravity.
"
704.0754,General Relativity Today,"  After recalling the conceptual foundations and the basic structure of general
relativity, we review some of its main modern developments (apart from
cosmology) : (i) the post-Newtonian limit and weak-field tests in the solar
system, (ii) strong gravitational fields and black holes, (iii) strong-field
and radiative tests in binary pulsar observations, (iv) gravitational waves,
(v) general relativity and quantum theory.
",gr-qc,Thibault Damour,relativity; gravitational; strong; general; field,9,"General Relativity Today   After recalling the conceptual foundations and the basic structure of general
relativity, we review some of its main modern developments (apart from
cosmology) : (i) the post-Newtonian limit and weak-field tests in the solar
system, (ii) strong gravitational fields and black holes, (iii) strong-field
and radiative tests in binary pulsar observations, (iv) gravitational waves,
(v) general relativity and quantum theory.
"
704.0797,"Scalar self-force on eccentric geodesics in Schwarzschild spacetime: a
  time-domain computation","  We calculate the self-force acting on a particle with scalar charge moving on
a generic geodesic around a Schwarzschild black hole. This calculation requires
an accurate computation of the retarded scalar field produced by the moving
charge; this is done numerically with the help of a fourth-order convergent
finite-difference scheme formulated in the time domain. The calculation also
requires a regularization procedure, because the retarded field is singular on
the particle's world line; this is handled mode-by-mode via the mode-sum
regularization scheme first introduced by Barack and Ori. This paper presents
the numerical method, various numerical tests, and a sample of results for
mildly eccentric orbits as well as ``zoom-whirl'' orbits.
",gr-qc,Roland Haas,mode; orbits; requires; calculation; scheme,9,"Scalar self-force on eccentric geodesics in Schwarzschild spacetime: a
  time-domain computation   We calculate the self-force acting on a particle with scalar charge moving on
a generic geodesic around a Schwarzschild black hole. This calculation requires
an accurate computation of the retarded scalar field produced by the moving
charge; this is done numerically with the help of a fourth-order convergent
finite-difference scheme formulated in the time domain. The calculation also
requires a regularization procedure, because the retarded field is singular on
the particle's world line; this is handled mode-by-mode via the mode-sum
regularization scheme first introduced by Barack and Ori. This paper presents
the numerical method, various numerical tests, and a sample of results for
mildly eccentric orbits as well as ``zoom-whirl'' orbits.
"
704.0816,3-D Simulations of Ergospheric Disk Driven Poynting Jets,"  This Letter reports on 3-dimensional simulations of Kerr black hole
magnetospheres that obey the general relativistic equations of perfect
magnetohydrodynamics (MHD). In particular, we study powerful Poynting flux
dominated jets that are driven from dense gas in the equatorial plane in the
ergosphere. The physics of which has been previously studied in the simplified
limit of an ergopsheric disk. For high spin black holes, $a/M > 0.95$, the
ergospheric disk is prominent in the 3-D simulations and is responsible for
greatly enhanced Poynting flux emission. Any large scale poloidal magnetic flux
that is trapped in the equatorial region leads to an enormous release of
electromagnetic energy that dwarfs the jet energy produced by magnetic flux
threading the event horizon. The implication is that magnetic flux threading
the equatorial plane of the ergosphere is a likely prerequisite for the central
engine of powerful FRII quasars.
",astro-ph,Brian Punsly,flux; magnetic; disk; plane; black,9,"3-D Simulations of Ergospheric Disk Driven Poynting Jets   This Letter reports on 3-dimensional simulations of Kerr black hole
magnetospheres that obey the general relativistic equations of perfect
magnetohydrodynamics (MHD). In particular, we study powerful Poynting flux
dominated jets that are driven from dense gas in the equatorial plane in the
ergosphere. The physics of which has been previously studied in the simplified
limit of an ergopsheric disk. For high spin black holes, $a/M > 0.95$, the
ergospheric disk is prominent in the 3-D simulations and is responsible for
greatly enhanced Poynting flux emission. Any large scale poloidal magnetic flux
that is trapped in the equatorial region leads to an enormous release of
electromagnetic energy that dwarfs the jet energy produced by magnetic flux
threading the event horizon. The implication is that magnetic flux threading
the equatorial plane of the ergosphere is a likely prerequisite for the central
engine of powerful FRII quasars.
"
704.0854,"Polarization properties of subwavelength hole arrays consisting of
  rectangular holes","  Influence of hole shape on extraordinary optical transmission was
investigated using hole arrays consisting of rectangular holes with different
aspect ratio. It was found that the transmission could be tuned continuously by
rotating the hole array. Further more, a phase was generated in this process,
and linear polarization states could be changed to elliptical polarization
states. This phase was correlated with the aspect ratio of the holes. An
intuitional model was presented to explain these results.
",physics.optics,Xi-Feng Ren; Pei Zhang; Guo-Ping Guo; Yun-Feng Huang; Zhi-Wei Wang; Guang-Can Guo,hole; transmission; holes; polarization; ratio,9,"Polarization properties of subwavelength hole arrays consisting of
  rectangular holes   Influence of hole shape on extraordinary optical transmission was
investigated using hole arrays consisting of rectangular holes with different
aspect ratio. It was found that the transmission could be tuned continuously by
rotating the hole array. Further more, a phase was generated in this process,
and linear polarization states could be changed to elliptical polarization
states. This phase was correlated with the aspect ratio of the holes. An
intuitional model was presented to explain these results.
"
704.088,Stochastic action principle and maximum entropy,"  A stochastic action principle for stochastic dynamics is revisited. We
present first numerical diffusion experiments showing that the diffusion path
probability depend exponentially on average Lagrangian action. This result is
then used to derive an uncertainty measure defined in a way mimicking the heat
or entropy in the first law of thermodynamics. It is shown that the path
uncertainty (or path entropy) can be measured by the Shannon information and
that the maximum entropy principle and the least action principle of classical
mechanics can be unified into a concise form. It is argued that this action
principle, hence the maximum entropy principle, is simply a consequence of the
mechanical equilibrium condition extended to the case of stochastic dynamics.
",cond-mat.stat-mech,"Q. A. Wang (ISMANS); F. Tsobnang (ISMANS); S. Bangoup (ISMANS); F.
  Dzangue (ISMANS); A. Jeatsa (ISMANS); A. Le M\'ehaut\'e (ISMANS)",principle; entropy; action; path; stochastic,9,"Stochastic action principle and maximum entropy   A stochastic action principle for stochastic dynamics is revisited. We
present first numerical diffusion experiments showing that the diffusion path
probability depend exponentially on average Lagrangian action. This result is
then used to derive an uncertainty measure defined in a way mimicking the heat
or entropy in the first law of thermodynamics. It is shown that the path
uncertainty (or path entropy) can be measured by the Shannon information and
that the maximum entropy principle and the least action principle of classical
mechanics can be unified into a concise form. It is argued that this action
principle, hence the maximum entropy principle, is simply a consequence of the
mechanical equilibrium condition extended to the case of stochastic dynamics.
"
704.0943,"Search for gravitational-wave bursts in LIGO data from the fourth
  science run","  The fourth science run of the LIGO and GEO 600 gravitational-wave detectors,
carried out in early 2005, collected data with significantly lower noise than
previous science runs. We report on a search for short-duration
gravitational-wave bursts with arbitrary waveform in the 64-1600 Hz frequency
range appearing in all three LIGO interferometers. Signal consistency tests,
data quality cuts, and auxiliary-channel vetoes are applied to reduce the rate
of spurious triggers. No gravitational-wave signals are detected in 15.5 days
of live observation time; we set a frequentist upper limit of 0.15 per day (at
90% confidence level) on the rate of bursts with large enough amplitudes to be
detected reliably. The amplitude sensitivity of the search, characterized using
Monte Carlo simulations, is several times better than that of previous
searches. We also provide rough estimates of the distances at which
representative supernova and binary black hole merger signals could be detected
with 50% efficiency by this analysis.
",gr-qc,LIGO Scientific Collaboration,detected; gravitational; wave; 15; search,9,"Search for gravitational-wave bursts in LIGO data from the fourth
  science run   The fourth science run of the LIGO and GEO 600 gravitational-wave detectors,
carried out in early 2005, collected data with significantly lower noise than
previous science runs. We report on a search for short-duration
gravitational-wave bursts with arbitrary waveform in the 64-1600 Hz frequency
range appearing in all three LIGO interferometers. Signal consistency tests,
data quality cuts, and auxiliary-channel vetoes are applied to reduce the rate
of spurious triggers. No gravitational-wave signals are detected in 15.5 days
of live observation time; we set a frequentist upper limit of 0.15 per day (at
90% confidence level) on the rate of bursts with large enough amplitudes to be
detected reliably. The amplitude sensitivity of the search, characterized using
Monte Carlo simulations, is several times better than that of previous
searches. We also provide rough estimates of the distances at which
representative supernova and binary black hole merger signals could be detected
with 50% efficiency by this analysis.
"
704.0955,Charges from Attractors,"  We describe how to recover the quantum numbers of extremal black holes from
their near horizon geometries. This is achieved by constructing the
gravitational Noether-Wald charges which can be used for non-extremal black
holes as well. These charges are shown to be equivalent to the U(1) charges of
appropriately dimensionally reduced solutions. Explicit derivations are
provided for 10 dimensional type IIB supergravity and 5 dimensional minimal
gauged supergravity, with illustrative examples for various black hole
solutions. We also discuss how to derive the thermodynamic quantities and their
relations explicitly in the extremal limit, from the point of view of the
near-horizon geometry. We relate our results to the entropy function formalism.
",hep-th; gr-qc,Nemani V. Suryanarayana and Matthias C. Wapler,black; horizon; holes; solutions; near,9,"Charges from Attractors   We describe how to recover the quantum numbers of extremal black holes from
their near horizon geometries. This is achieved by constructing the
gravitational Noether-Wald charges which can be used for non-extremal black
holes as well. These charges are shown to be equivalent to the U(1) charges of
appropriately dimensionally reduced solutions. Explicit derivations are
provided for 10 dimensional type IIB supergravity and 5 dimensional minimal
gauged supergravity, with illustrative examples for various black hole
solutions. We also discuss how to derive the thermodynamic quantities and their
relations explicitly in the extremal limit, from the point of view of the
near-horizon geometry. We relate our results to the entropy function formalism.
"
704.0996,Brane World Black Rings,"  Five dimensional neutral rotating black rings are described from a
Randall-Sundrum brane world perspective in the bulk black string framework. To
this end we consider a rotating black string extension of a five dimensional
black ring into the bulk of a six dimensional Randall-Sundrum brane world with
a single four brane. The bulk solution intercepts the four brane in a five
dimensional black ring with the usual curvature singularity on the brane. The
bulk geodesics restricted to the plane of rotation of the black ring are
constructed and their projections on the four brane match with the usual black
ring geodesics restricted to the same plane. The asymptotic nature of the bulk
geodesics are elucidated with reference to a bulk singularity at the AdS
horizon. We further discuss the description of a brane world black ring as a
limit of a boosted bulk black 2 brane with periodic identification.
",hep-th,Anurag Sahay; Gautam Sengupta,brane; black; bulk; ring; world,9,"Brane World Black Rings   Five dimensional neutral rotating black rings are described from a
Randall-Sundrum brane world perspective in the bulk black string framework. To
this end we consider a rotating black string extension of a five dimensional
black ring into the bulk of a six dimensional Randall-Sundrum brane world with
a single four brane. The bulk solution intercepts the four brane in a five
dimensional black ring with the usual curvature singularity on the brane. The
bulk geodesics restricted to the plane of rotation of the black ring are
constructed and their projections on the four brane match with the usual black
ring geodesics restricted to the same plane. The asymptotic nature of the bulk
geodesics are elucidated with reference to a bulk singularity at the AdS
horizon. We further discuss the description of a brane world black ring as a
limit of a boosted bulk black 2 brane with periodic identification.
"
704.105,"Electrical transport properties of polar heterointerface between KTaO3
  and SrTiO3","  Electrical transport of a polar heterointerface between two insulating
perovskites, KTaO3 and SrTiO3, is studied. It is formed between a thin KTaO3
film deposited on a top of TiO2- terminated (100) SrTiO3 substrate. The
resulting (KO)1-(TiO2)0 heterointerface is expected to be hole-doped according
to formal valences of K (1+) and Ti (4+). We observed electrical conductivity
and mobility in the KTaO3/SrTiO3 similar to values measured earlier in
electron-doped LaAlO3/SrTiO3 heterointerfaces. However, the sign of the charge
carriers in KTaO3/SrTiO3 obtained from the Hall measurements is negative. The
result is an important clue to the true origin of the doping at perovskite
oxide hetero-interfaces.
",cond-mat.mtrl-sci; cond-mat.str-el,A. Kalabukhov; R. Gunnarsson; T. Claeson and D. Winkler,earlier; formed; origin; 100; negative,9,"Electrical transport properties of polar heterointerface between KTaO3
  and SrTiO3   Electrical transport of a polar heterointerface between two insulating
perovskites, KTaO3 and SrTiO3, is studied. It is formed between a thin KTaO3
film deposited on a top of TiO2- terminated (100) SrTiO3 substrate. The
resulting (KO)1-(TiO2)0 heterointerface is expected to be hole-doped according
to formal valences of K (1+) and Ti (4+). We observed electrical conductivity
and mobility in the KTaO3/SrTiO3 similar to values measured earlier in
electron-doped LaAlO3/SrTiO3 heterointerfaces. However, the sign of the charge
carriers in KTaO3/SrTiO3 obtained from the Hall measurements is negative. The
result is an important clue to the true origin of the doping at perovskite
oxide hetero-interfaces.
"
704.1056,Black Hole's Life at colliders,"  In the series of papers by Ida, Oda and Park, the complete description of
Hawking radiation to the brane localized Standard Model fields from mini black
holes in the low energy gravity scenarios are obtained. Here we briefly review
what we have learned in those papers.
",hep-ph,Seong Chan Park,brane; review; holes; series; radiation,9,"Black Hole's Life at colliders   In the series of papers by Ida, Oda and Park, the complete description of
Hawking radiation to the brane localized Standard Model fields from mini black
holes in the low energy gravity scenarios are obtained. Here we briefly review
what we have learned in those papers.
"
704.1086,Higher harmonics increase LISA's mass reach for supermassive black holes,"  Current expectations on the signal to noise ratios and masses of supermassive
black holes which the Laser Interferometer Space Antenna (LISA) can observe are
based on using in matched filtering only the dominant harmonic of the inspiral
waveform at twice the orbital frequency. Other harmonics will affect the
signal-to-noise ratio of systems currently believed to be observable by LISA.
More significantly, inclusion of other harmonics in our matched filters would
mean that more massive systems that were previously thought to be {\it not}
visible in LISA should be detectable with reasonable SNRs. Our estimates show
that we should be able to significantly increase the mass reach of LISA and
observe the more commonly occurring supermassive black holes of masses $\sim
10^8M_\odot.$ More specifically, with the inclusion of all known harmonics LISA
will be able to observe even supermassive black hole coalescences with total
mass $\sim 10^8 M_\odot (10^9M_\odot)$ (and mass-ratio 0.1) for a low frequency
cut-off of $10^{-4}{\rm Hz}$ $(10^{-5}{\rm Hz})$ with an SNR up to $\sim 60$
$(\sim 30)$ at a distance of 3 Gpc. This is important from the astrophysical
viewpoint since observational evidence for the existence of black holes in this
mass range is quite strong and binaries containing such supermassive black
holes will be inaccessible to LISA if one uses as detection templates only the
dominant harmonic.
",gr-qc; astro-ph,K.G. Arun; Bala R. Iyer; B. S. Sathyaprakash; Siddhartha Sinha,black; sim; holes; 10; observe,9,"Higher harmonics increase LISA's mass reach for supermassive black holes   Current expectations on the signal to noise ratios and masses of supermassive
black holes which the Laser Interferometer Space Antenna (LISA) can observe are
based on using in matched filtering only the dominant harmonic of the inspiral
waveform at twice the orbital frequency. Other harmonics will affect the
signal-to-noise ratio of systems currently believed to be observable by LISA.
More significantly, inclusion of other harmonics in our matched filters would
mean that more massive systems that were previously thought to be {\it not}
visible in LISA should be detectable with reasonable SNRs. Our estimates show
that we should be able to significantly increase the mass reach of LISA and
observe the more commonly occurring supermassive black holes of masses $\sim
10^8M_\odot.$ More specifically, with the inclusion of all known harmonics LISA
will be able to observe even supermassive black hole coalescences with total
mass $\sim 10^8 M_\odot (10^9M_\odot)$ (and mass-ratio 0.1) for a low frequency
cut-off of $10^{-4}{\rm Hz}$ $(10^{-5}{\rm Hz})$ with an SNR up to $\sim 60$
$(\sim 30)$ at a distance of 3 Gpc. This is important from the astrophysical
viewpoint since observational evidence for the existence of black holes in this
mass range is quite strong and binaries containing such supermassive black
holes will be inaccessible to LISA if one uses as detection templates only the
dominant harmonic.
"
704.1096,"Formation of a sonic horizon in isotropically expanding Bose-Einstein
  condensates","  We propose a simple experiment to create a sonic horizon in isotropically
trapped cold atoms within currently available experimental techniques.
Numerical simulation of the Gross-Pitaevskii equation shows that the sonic
horizon should appear by making the condensate expand. The expansion is
triggered by changing the interaction which can be controlled by the Feshbach
resonance in real experiments. The sonic horizon is shown to be quasi-static
for sufficiently strong interaction or large number of atoms. The
characteristic temperature that is associated with particle emission from the
horizon, which corresponds to the Hawking temperature in an ideal situation, is
estimated to be a few nK.
",cond-mat.other; gr-qc; hep-th,Yasunari Kurita; Takao Morinari,horizon; atoms; interaction; temperature; cold,9,"Formation of a sonic horizon in isotropically expanding Bose-Einstein
  condensates   We propose a simple experiment to create a sonic horizon in isotropically
trapped cold atoms within currently available experimental techniques.
Numerical simulation of the Gross-Pitaevskii equation shows that the sonic
horizon should appear by making the condensate expand. The expansion is
triggered by changing the interaction which can be controlled by the Feshbach
resonance in real experiments. The sonic horizon is shown to be quasi-static
for sufficiently strong interaction or large number of atoms. The
characteristic temperature that is associated with particle emission from the
horizon, which corresponds to the Hawking temperature in an ideal situation, is
estimated to be a few nK.
"
704.1109,"Spinning Strings, Black Holes and Stable Closed Timelike Geodesics","  The existence and stability under linear perturbation of closed timelike
curves in the spacetime associated to Schwarzschild black hole pierced by a
spinning string are studied. Due to the superposition of the black hole, we
find that the spinning string spacetime is deformed in such a way to allow the
existence of closed timelike geodesics.
",gr-qc,Valeria M. Rosa and Patricio S. letelier,spacetime; string; closed; black; hole,9,"Spinning Strings, Black Holes and Stable Closed Timelike Geodesics   The existence and stability under linear perturbation of closed timelike
curves in the spacetime associated to Schwarzschild black hole pierced by a
spinning string are studied. Due to the superposition of the black hole, we
find that the spinning string spacetime is deformed in such a way to allow the
existence of closed timelike geodesics.
"
704.1146,The Plasma Puddle as a Perturbative Black Hole,"  We argue that the weak coupling regime of a large N gauge theory in the Higgs
phase contains black hole-like objects. These so-called ``plasma puddles'' are
meta-stable lumps of hot plasma lying in locally un-Higgsed regions of space.
They decay via O(1/N) thermal radiation and, perhaps surprisingly, absorb all
incident matter. We show that an incident particle of energy E striking the
plasma puddle will shower into an enormous number of decay products whose
multiplicity grows linearly with E, and whose average energy is independent of
E. Once these ultra-soft particles reach the interior they are thermalized by
the plasma within, and so the object appears ``black.'' We determine some gross
properties like the size and temperature of the the plasma puddle in terms of
fundamental parameters in the gauge theory. Interestingly, demanding that the
plasma puddle emit thermal Hawking radiation implies that the object is black
(i.e. absorbs all incident particles), which implies classical stability, which
implies satisfaction of the Bekenstein entropy bound. Because of the AdS/CFT
duality and the many similarities between plasma puddles and black holes, we
conjecture that black objects are a robust feature of quantum gravity.
",hep-th,Clifford Cheung; Jared Kaplan,plasma; black; implies; object; radiation,9,"The Plasma Puddle as a Perturbative Black Hole   We argue that the weak coupling regime of a large N gauge theory in the Higgs
phase contains black hole-like objects. These so-called ``plasma puddles'' are
meta-stable lumps of hot plasma lying in locally un-Higgsed regions of space.
They decay via O(1/N) thermal radiation and, perhaps surprisingly, absorb all
incident matter. We show that an incident particle of energy E striking the
plasma puddle will shower into an enormous number of decay products whose
multiplicity grows linearly with E, and whose average energy is independent of
E. Once these ultra-soft particles reach the interior they are thermalized by
the plasma within, and so the object appears ``black.'' We determine some gross
properties like the size and temperature of the the plasma puddle in terms of
fundamental parameters in the gauge theory. Interestingly, demanding that the
plasma puddle emit thermal Hawking radiation implies that the object is black
(i.e. absorbs all incident particles), which implies classical stability, which
implies satisfaction of the Bekenstein entropy bound. Because of the AdS/CFT
duality and the many similarities between plasma puddles and black holes, we
conjecture that black objects are a robust feature of quantum gravity.
"
704.1149,Distortion of Gravitational-Wave Packets Due to their Self-Gravity,"  When a source emits a gravity-wave (GW) pulse over a short period of time,
the leading edge of the GW signal is redshifted more than the inner boundary of
the pulse. The GW pulse is distorted by the gravitational effect of the
self-energy residing in between these shells. We illustrate this distortion for
GW pulses from the final plunge of black hole (BH) binaries, leading to the
evolution of the GW profile as a function of the radial distance from the
source. The distortion depends on the total GW energy released and the duration
of the emission, scaled by the total binary mass, M. The effect should be
relevant in finite box simulations where the waveforms are extracted within a
radius of <~ 100M. For characteristic emission parameters at the final plunge
between binary BHs of arbitrary spins, this effect could distort the simulated
GW templates for LIGO and LISA by a fraction of 0.001. Accounting for the wave
distortion would significantly decrease the waveform extraction errors in
numerical simulations.
",astro-ph; gr-qc; hep-ph; hep-th,Bence Kocsis; Abraham Loeb (Harvard),effect; final; binary; leading; total,9,"Distortion of Gravitational-Wave Packets Due to their Self-Gravity   When a source emits a gravity-wave (GW) pulse over a short period of time,
the leading edge of the GW signal is redshifted more than the inner boundary of
the pulse. The GW pulse is distorted by the gravitational effect of the
self-energy residing in between these shells. We illustrate this distortion for
GW pulses from the final plunge of black hole (BH) binaries, leading to the
evolution of the GW profile as a function of the radial distance from the
source. The distortion depends on the total GW energy released and the duration
of the emission, scaled by the total binary mass, M. The effect should be
relevant in finite box simulations where the waveforms are extracted within a
radius of <~ 100M. For characteristic emission parameters at the final plunge
between binary BHs of arbitrary spins, this effect could distort the simulated
GW templates for LIGO and LISA by a fraction of 0.001. Accounting for the wave
distortion would significantly decrease the waveform extraction errors in
numerical simulations.
"
704.1154,"Information, information processing and gravity","  I discuss fundamental limits placed on information and information processing
by gravity. Such limits arise because both information and its processing
require energy, while gravitational collapse (formation of a horizon or black
hole) restricts the amount of energy allowed in a finite region. Specifically,
I use a criterion for gravitational collapse called the hoop conjecture. Once
the hoop conjecture is assumed a number of results can be obtained directly:
the existence of a fundamental uncertainty in spatial distance of order the
Planck length, bounds on information (entropy) in a finite region, and a bound
on the rate of information processing in a finite region. In the final section
I discuss some cosmological issues related to the total amount of information
in the universe, and note that almost all detailed aspects of the late universe
are determined by the randomness of quantum outcomes. This paper is based on a
talk presented at a 2007 Bellairs Research Institute (McGill University)
workshop on black holes and quantum information.
",hep-th; gr-qc; hep-ph; quant-ph,Stephen D.H. Hsu,information; region; finite; conjecture; limits,9,"Information, information processing and gravity   I discuss fundamental limits placed on information and information processing
by gravity. Such limits arise because both information and its processing
require energy, while gravitational collapse (formation of a horizon or black
hole) restricts the amount of energy allowed in a finite region. Specifically,
I use a criterion for gravitational collapse called the hoop conjecture. Once
the hoop conjecture is assumed a number of results can be obtained directly:
the existence of a fundamental uncertainty in spatial distance of order the
Planck length, bounds on information (entropy) in a finite region, and a bound
on the rate of information processing in a finite region. In the final section
I discuss some cosmological issues related to the total amount of information
in the universe, and note that almost all detailed aspects of the late universe
are determined by the randomness of quantum outcomes. This paper is based on a
talk presented at a 2007 Bellairs Research Institute (McGill University)
workshop on black holes and quantum information.
"
704.1218,"The impact of radio feedback from active galactic nuclei in cosmological
  simulations: Formation of disk galaxies","  In this paper, we present a new implementation of feedback due to active
galactic nuclei (AGN) in cosmological simulations of galaxy formation. We
assume that a fraction of jet energy, which is generated by an AGN, is
transferred to the surrounding gas as thermal energy. Combining a theoretical
model of mass accretion onto black holes with a multiphase description of
star-forming gas, we self-consistently follow evolution of both galaxies and
their central black holes. The novelty in our model is that we consider two
distinct accretion modes: standard radiatively efficient thin accretion disks
and radiatively inefficient accretion flows which we will generically refer to
as RIAFs; motivated by theoretical models for jet production in accretion
disks, we assume that only the RIAF is responsible for the AGN feedback. We
find that, after an initial episode of bursting star formation, the accretion
rate onto the central black hole drops so that the accretion disk switches to a
RIAF structure. At this point, the feedback from the AGN becomes efficient and
slightly suppresses star formation in the galactic disk and almost completely
halts star formation in the bulge. As a result, the nucleus becomes a
stochastically fuelled low-luminosity AGN (Seyfert galaxy) with recurrent
short-lived episodes of activity after the star bursts. Our model predicts
several properties of the low-luminosity AGN including the bolometric
luminosity, jet powers, the effect on kpc-scale of the radio jet and the AGN
lifetime, which are in broad agreement with observations of Seyfert galaxies
and their radio activity. We also find that the mass ratios between the central
black hole and the the host spheroid at z = 0 are ~10^{-3} regardless of the
strength of either supernova feedback or AGN feedback. (abridged)
",astro-ph,"Takashi Okamoto (1); Rodrigo S. Nemmen (2); Richard G. Bower (1) ((1)
  Durham University; (2) UFRGS)",agn; accretion; jet; star; black,9,"The impact of radio feedback from active galactic nuclei in cosmological
  simulations: Formation of disk galaxies   In this paper, we present a new implementation of feedback due to active
galactic nuclei (AGN) in cosmological simulations of galaxy formation. We
assume that a fraction of jet energy, which is generated by an AGN, is
transferred to the surrounding gas as thermal energy. Combining a theoretical
model of mass accretion onto black holes with a multiphase description of
star-forming gas, we self-consistently follow evolution of both galaxies and
their central black holes. The novelty in our model is that we consider two
distinct accretion modes: standard radiatively efficient thin accretion disks
and radiatively inefficient accretion flows which we will generically refer to
as RIAFs; motivated by theoretical models for jet production in accretion
disks, we assume that only the RIAF is responsible for the AGN feedback. We
find that, after an initial episode of bursting star formation, the accretion
rate onto the central black hole drops so that the accretion disk switches to a
RIAF structure. At this point, the feedback from the AGN becomes efficient and
slightly suppresses star formation in the galactic disk and almost completely
halts star formation in the bulge. As a result, the nucleus becomes a
stochastically fuelled low-luminosity AGN (Seyfert galaxy) with recurrent
short-lived episodes of activity after the star bursts. Our model predicts
several properties of the low-luminosity AGN including the bolometric
luminosity, jet powers, the effect on kpc-scale of the radio jet and the AGN
lifetime, which are in broad agreement with observations of Seyfert galaxies
and their radio activity. We also find that the mass ratios between the central
black hole and the the host spheroid at z = 0 are ~10^{-3} regardless of the
strength of either supernova feedback or AGN feedback. (abridged)
"
704.1239,"On the Entropy Function and the Attractor Mechanism for Spherically
  Symmetric Extremal Black Holes","  In this paper we elaborate on the relation between the entropy formula of
Wald and the ""entropy function"" method proposed by A. Sen. For spherically
symmetric extremal black holes, it is shown that the expression of extremal
black hole entropy given by A. Sen can be derived from the general entropy
definition of Wald, without help of the treatment of rescaling the AdS_2 part
of near horizon geometry of extremal black holes. In our procedure, we only
require that the surface gravity approaches to zero, and it is easy to
understand the Legendre transformation of f, the integration of Lagrangian
density on the horizon, with respect to the electric charges. Since the Noether
charge form can be defined in an ""off-shell"" form, we define a corresponding
entropy function, with which one can discuss the attractor mechanism for
extremal black holes with scalar fields.
",hep-th,Rong-Gen Cai and Li-Ming Cao,entropy; black; holes; horizon; form,9,"On the Entropy Function and the Attractor Mechanism for Spherically
  Symmetric Extremal Black Holes   In this paper we elaborate on the relation between the entropy formula of
Wald and the ""entropy function"" method proposed by A. Sen. For spherically
symmetric extremal black holes, it is shown that the expression of extremal
black hole entropy given by A. Sen can be derived from the general entropy
definition of Wald, without help of the treatment of rescaling the AdS_2 part
of near horizon geometry of extremal black holes. In our procedure, we only
require that the surface gravity approaches to zero, and it is easy to
understand the Legendre transformation of f, the integration of Lagrangian
density on the horizon, with respect to the electric charges. Since the Noether
charge form can be defined in an ""off-shell"" form, we define a corresponding
entropy function, with which one can discuss the attractor mechanism for
extremal black holes with scalar fields.
"
704.1252,"LNRF-velocity hump-induced oscillations of a Keplerian disc orbiting
  near-extreme Kerr black hole: A possible explanation of high-frequency QPOs
  in GRS 1915+105","  At least four high-frequency quasiperiodic oscillations (QPOs) at frequencies
41Hz, 67Hz, 113Hz, and 167Hz were reported in a binary system GRS 1915+105
hosting near-extreme Kerr black hole with a dimensionless spin a>0.98. We use
the idea of oscillations induced by the hump of the orbital velocity profile
(related to locally non-rotating frames - LNRF) in discs orbiting near-extreme
Kerr black holes, which are characterized by a ""humpy frequency"" f_h, that
could excite the radial and vertical epicyclic oscillations with frequencies
f_r, f_v. Due to non-linear resonant phenomena the combinational frequencies
are allowed as well. Assuming mass M=14.8M_sun and spin a=0.9998 for the GRS
1915+105 Kerr black hole, the model predicts frequencies f_h=41Hz, f_r=67Hz,
(f_h+f_r)=108Hz, (f_v-f_r)=170Hz corresponding quite well to the observed ones.
For black-hole parameters being in good agreement with those given
observationally, the forced resonant phenomena in non-linear oscillations,
excited by the ""hump-induced"" oscillations in a Keplerian disc, can explain
high-frequency QPOs in GRS 1915+105 within the range of observational errors.
",astro-ph,Z. Stuchlik; P.Slany; G. Torok,oscillations; frequencies; black; hole; frequency,9,"LNRF-velocity hump-induced oscillations of a Keplerian disc orbiting
  near-extreme Kerr black hole: A possible explanation of high-frequency QPOs
  in GRS 1915+105   At least four high-frequency quasiperiodic oscillations (QPOs) at frequencies
41Hz, 67Hz, 113Hz, and 167Hz were reported in a binary system GRS 1915+105
hosting near-extreme Kerr black hole with a dimensionless spin a>0.98. We use
the idea of oscillations induced by the hump of the orbital velocity profile
(related to locally non-rotating frames - LNRF) in discs orbiting near-extreme
Kerr black holes, which are characterized by a ""humpy frequency"" f_h, that
could excite the radial and vertical epicyclic oscillations with frequencies
f_r, f_v. Due to non-linear resonant phenomena the combinational frequencies
are allowed as well. Assuming mass M=14.8M_sun and spin a=0.9998 for the GRS
1915+105 Kerr black hole, the model predicts frequencies f_h=41Hz, f_r=67Hz,
(f_h+f_r)=108Hz, (f_v-f_r)=170Hz corresponding quite well to the observed ones.
For black-hole parameters being in good agreement with those given
observationally, the forced resonant phenomena in non-linear oscillations,
excited by the ""hump-induced"" oscillations in a Keplerian disc, can explain
high-frequency QPOs in GRS 1915+105 within the range of observational errors.
"
704.1261,"Quantum-corrected black hole thermodynamics to all orders in the Planck
  length","  We investigate the effects to all orders in the Planck length from a
generalized un- certainty principle (GUP) on black holes thermodynamics. We
calculate the corrected Hawking temperature, entropy, and examine in details
the Hawking evaporation process. As a result, the evaporation process is
accelerated and the evaporation end-point is a zero entropy, zero heat capacity
and finite non zero temperature black hole remnant (BHR). In particular we
obtain a drastic reduction of the decay time, in comparison with the results
obtained in the Hawking semi classical picture and with the GUP to leading
order in the Planck length.
",gr-qc,Khireddine Nouicer,zero; entropy; length; black; process,9,"Quantum-corrected black hole thermodynamics to all orders in the Planck
  length   We investigate the effects to all orders in the Planck length from a
generalized un- certainty principle (GUP) on black holes thermodynamics. We
calculate the corrected Hawking temperature, entropy, and examine in details
the Hawking evaporation process. As a result, the evaporation process is
accelerated and the evaporation end-point is a zero entropy, zero heat capacity
and finite non zero temperature black hole remnant (BHR). In particular we
obtain a drastic reduction of the decay time, in comparison with the results
obtained in the Hawking semi classical picture and with the GUP to leading
order in the Planck length.
"
704.1281,The Galactic Center,"  In the past decade high resolution measurements in the infrared employing
adaptive optics imaging on 10m telescopes have allowed determining the three
dimensional orbits stars within ten light hours of the compact radio source at
the center of the Milky Way. These observations show the presence of a three
million solar mass black hole in Sagittarius A* beyond any reasonable doubt.
The Galactic Center thus constitutes the best astrophysical evidence for the
existence of black holes which have long been postulated, and is also an ideal
`lab' for studying the physics in the vicinity of such an object. Remarkably,
young massive stars are present there and probably have formed in the innermost
stellar cusp. Variable infrared and X-ray emission from Sagittarius A* are a
new probe of the physical processes and space-time curvature just outside the
event horizon.
",astro-ph,R. Genzel; V. Karas,center; infrared; black; stars; horizon,9,"The Galactic Center   In the past decade high resolution measurements in the infrared employing
adaptive optics imaging on 10m telescopes have allowed determining the three
dimensional orbits stars within ten light hours of the compact radio source at
the center of the Milky Way. These observations show the presence of a three
million solar mass black hole in Sagittarius A* beyond any reasonable doubt.
The Galactic Center thus constitutes the best astrophysical evidence for the
existence of black holes which have long been postulated, and is also an ideal
`lab' for studying the physics in the vicinity of such an object. Remarkably,
young massive stars are present there and probably have formed in the innermost
stellar cusp. Variable infrared and X-ray emission from Sagittarius A* are a
new probe of the physical processes and space-time curvature just outside the
event horizon.
"
704.13,"The obscured X-ray source population in the HELLAS2XMM survey: the
  Spitzer view","  Recent X-ray surveys have provided a large number of high-luminosity,
obscured Active Galactic Nuclei (AGN), the so-called Type 2 quasars. Despite
the large amount of multi-wavelength supporting data, the main parameters
related to the black holes harbored in such AGN are still poorly known. Here we
present the results obtained for a sample of eight Type 2 quasars in the
redshift range 0.9-2.1 selected from the HELLAS2XMM survey, for which we used
Ks-band, Spitzer IRAC and MIPS data at 24 micron to estimate bolometric
corrections, black hole masses, and Eddington ratios.
",astro-ph,"C. Vignali (1; 2); Francesca Pozzi (1); A. Comastri (2); L. Pozzetti
  (2); M. Mignoli (2); C. Gruppioni (2); G. Zamorani (2); C. Lari (3); F.
  Civano (1); M. Brusa (4); F. Fiore (5); R. Maiolino (5) ((1) Dipartimento di
  Astronomia; Universita' di Bologna; Italy; (2) INAF - Osservatorio
  Astronomico di Bologna; Italy; (3) INAF - Istituto di Radioastronomia (IRA); Bologna; Italy; (4) MPE; Garching; Germany; (5) INAF - Osservatorio
  Astronomico di Roma; Monteporzio-Catone (RM); Italy)",agn; black; type; large; data,9,"The obscured X-ray source population in the HELLAS2XMM survey: the
  Spitzer view   Recent X-ray surveys have provided a large number of high-luminosity,
obscured Active Galactic Nuclei (AGN), the so-called Type 2 quasars. Despite
the large amount of multi-wavelength supporting data, the main parameters
related to the black holes harbored in such AGN are still poorly known. Here we
present the results obtained for a sample of eight Type 2 quasars in the
redshift range 0.9-2.1 selected from the HELLAS2XMM survey, for which we used
Ks-band, Spitzer IRAC and MIPS data at 24 micron to estimate bolometric
corrections, black hole masses, and Eddington ratios.
"
704.1322,"Energy of 4-Dimensional Black Hole, etc","  In this letter I suggest possible redefinition of mass density, not depending
on speed of the mass element, which leads to a more simple stress-energy for an
object. I calculate energy of black hole.
",physics.gen-ph,Dmitriy Palatnik,mass; energy; object; speed; depending,9,"Energy of 4-Dimensional Black Hole, etc   In this letter I suggest possible redefinition of mass density, not depending
on speed of the mass element, which leads to a more simple stress-energy for an
object. I calculate energy of black hole.
"
704.1405,Euclidean analysis of the entropy functional formalism,"  The attractor mechanism implies that the supersymmetric black hole near
horizon solution is defined only in terms of the conserved charges and is
therefore independent of asymptotic moduli. Starting only with the near horizon
geometry, Sen's entropy functional formalism computes the entropy of an extreme
black hole by means of a Legendre transformation where the electric fields are
defined as conjugated variables to the electric charges. However, traditional
Euclidean methods require the knowledge of the full geometry to compute the
black hole thermodynamic quantities. We establish the connection between the
entropy functional formalism and the standard Euclidean formalism taken at zero
temperature. We find that Sen's entropy function 'f' (on-shell) matches the
zero temperature limit of the Euclidean action. Moreover, Sen's near horizon
angular and electric fields agree with the chemical potentials that are defined
from the zero-temperature limit of the Euclidean formalism.
",hep-th; gr-qc,Oscar J. C. Dias and Pedro J. Silva,entropy; formalism; horizon; electric; black,9,"Euclidean analysis of the entropy functional formalism   The attractor mechanism implies that the supersymmetric black hole near
horizon solution is defined only in terms of the conserved charges and is
therefore independent of asymptotic moduli. Starting only with the near horizon
geometry, Sen's entropy functional formalism computes the entropy of an extreme
black hole by means of a Legendre transformation where the electric fields are
defined as conjugated variables to the electric charges. However, traditional
Euclidean methods require the knowledge of the full geometry to compute the
black hole thermodynamic quantities. We establish the connection between the
entropy functional formalism and the standard Euclidean formalism taken at zero
temperature. We find that Sen's entropy function 'f' (on-shell) matches the
zero temperature limit of the Euclidean action. Moreover, Sen's near horizon
angular and electric fields agree with the chemical potentials that are defined
from the zero-temperature limit of the Euclidean formalism.
"
704.1426,Thermal Hadronization and Hawking-Unruh Radiation in QCD,"  We conjecture that because of color confinement, the physical vacuum forms an
event horizon for quarks and gluons which can be crossed only by quantum
tunneling, i.e., through the QCD counterpart of Hawking radiation by black
holes. Since such radiation cannot transmit information to the outside, it must
be thermal, of a temperature determined by the chromodynamic force at the
confinement surface, and it must maintain color neutrality. We explore the
possibility that the resulting process provides a common mechanism for thermal
hadron production in high energy interactions, from $e^+e^-$ annihilation to
heavy ion collisions.
",hep-ph,P. Castorina; D. Kharzeev and H. Satz,color; radiation; thermal; horizon; tunneling,9,"Thermal Hadronization and Hawking-Unruh Radiation in QCD   We conjecture that because of color confinement, the physical vacuum forms an
event horizon for quarks and gluons which can be crossed only by quantum
tunneling, i.e., through the QCD counterpart of Hawking radiation by black
holes. Since such radiation cannot transmit information to the outside, it must
be thermal, of a temperature determined by the chromodynamic force at the
confinement surface, and it must maintain color neutrality. We explore the
possibility that the resulting process provides a common mechanism for thermal
hadron production in high energy interactions, from $e^+e^-$ annihilation to
heavy ion collisions.
"
704.1433,"Exact retrospective Monte Carlo computation of arithmetic average Asian
  options","  Taking advantage of the recent litterature on exact simulation algorithms
(Beskos, Papaspiliopoulos and Roberts) and unbiased estimation of the
expectation of certain fonctional integrals (Wagner, Beskos et al. and
Fearnhead et al.), we apply an exact simulation based technique for pricing
continuous arithmetic average Asian options in the Black and Scholes framework.
Unlike existing Monte Carlo methods, we are no longer prone to the
discretization bias resulting from the approximation of continuous time
processes through discrete sampling. Numerical results of simulation studies
are presented and variance reduction problems are considered.
",q-fin.CP; math.PR,Benjamin Jourdain (CERMICS); Mohamed Sbai (CERMICS),simulation; continuous; et; al; exact,9,"Exact retrospective Monte Carlo computation of arithmetic average Asian
  options   Taking advantage of the recent litterature on exact simulation algorithms
(Beskos, Papaspiliopoulos and Roberts) and unbiased estimation of the
expectation of certain fonctional integrals (Wagner, Beskos et al. and
Fearnhead et al.), we apply an exact simulation based technique for pricing
continuous arithmetic average Asian options in the Black and Scholes framework.
Unlike existing Monte Carlo methods, we are no longer prone to the
discretization bias resulting from the approximation of continuous time
processes through discrete sampling. Numerical results of simulation studies
are presented and variance reduction problems are considered.
"
704.1452,BPS Black Holes,"  The entropy of BPS black holes in four space-time dimensions is discussed
from both macroscopic and microscopic points of view.
",hep-th,Bernard de Wit,view; entropy; holes; points; dimensions,9,"BPS Black Holes   The entropy of BPS black holes in four space-time dimensions is discussed
from both macroscopic and microscopic points of view.
"
704.1519,Comprehensive simulations of superhumps,"  (Abridged) We use 3D SPH calculations with higher resolution, as well as with
more realistic viscosity and sound-speed prescriptions than previous work to
examine the eccentric instability which underlies the superhump phenomenon in
semi-detached binaries. We illustrate the importance of the two-armed spiral
mode in the generation of superhumps. Differential motions in the fluid disc
cause converging flows which lead to strong spiral shocks once each superhump
cycle. The dissipation associated with these shocks powers the superhump. We
compare 2D and 3D results, and conclude that 3D simulations are necessary to
faithfully simulate the disc dynamics. We ran our simulations for unprecedented
durations, so that an eccentric equilibrium is established except at high mass
ratios where the growth rate of the instability is very low. Our improved
simulations give a closer match to the observed relationship between superhump
period excess and binary mass ratio than previous numerical work. The observed
black hole X-ray transient superhumpers appear to have systematically lower
disc precession rates than the cataclysmic variables. This could be due to
higher disc temperatures and thicknesses. The modulation in total viscous
dissipation on the superhump period is overwhelmingly from the region of the
disc within the 3:1 resonance radius. As the eccentric instability develops,
the viscous torques are enhanced, and the disc consequently adjusts to a new
equilibrium state, as suggested in the thermal-tidal instability model. We
quantify this enhancement in the viscosity, which is ~10 per cent for q=0.08.
We characterise the eccentricity distributions in our accretion discs, and show
that the entire body of the disc partakes in the eccentricity.
",astro-ph,"Amanda J. Smith (1); Carole A. Haswell (1); James R. Murray (2); Michael R. Truss (3); Stephen B. Foulkes (1) ((1) The Open University; (2)
  Swinburne University of Technology; (3) Durham University)",instability; simulations; period; equilibrium; higher,9,"Comprehensive simulations of superhumps   (Abridged) We use 3D SPH calculations with higher resolution, as well as with
more realistic viscosity and sound-speed prescriptions than previous work to
examine the eccentric instability which underlies the superhump phenomenon in
semi-detached binaries. We illustrate the importance of the two-armed spiral
mode in the generation of superhumps. Differential motions in the fluid disc
cause converging flows which lead to strong spiral shocks once each superhump
cycle. The dissipation associated with these shocks powers the superhump. We
compare 2D and 3D results, and conclude that 3D simulations are necessary to
faithfully simulate the disc dynamics. We ran our simulations for unprecedented
durations, so that an eccentric equilibrium is established except at high mass
ratios where the growth rate of the instability is very low. Our improved
simulations give a closer match to the observed relationship between superhump
period excess and binary mass ratio than previous numerical work. The observed
black hole X-ray transient superhumpers appear to have systematically lower
disc precession rates than the cataclysmic variables. This could be due to
higher disc temperatures and thicknesses. The modulation in total viscous
dissipation on the superhump period is overwhelmingly from the region of the
disc within the 3:1 resonance radius. As the eccentric instability develops,
the viscous torques are enhanced, and the disc consequently adjusts to a new
equilibrium state, as suggested in the thermal-tidal instability model. We
quantify this enhancement in the viscosity, which is ~10 per cent for q=0.08.
We characterise the eccentricity distributions in our accretion discs, and show
that the entire body of the disc partakes in the eccentricity.
"
704.1637,Fischler-Susskind holographic cosmology revisited,"  When Fischler and Susskind proposed a holographic prescription based on the
Particle Horizon, they found that spatially closed cosmological models do not
verify it due to the apparently unavoidable recontraction of the Particle
Horizon area. In this article, after a short review of their original work, we
expose graphically and analytically that spatially closed cosmological models
can avoid this problem if they expand fast enough. It has been also shown that
the Holographic Principle is saturated for a codimension one brane dominated
Universe. The Fischler-Susskind prescription is used to obtain the maximum
number of degrees of freedom per Planck volume at the Planck era compatible
with the Holographic Principle.
",hep-th; gr-qc,Pablo Diaz; M. A. Per; Antonio Segui,horizon; principle; closed; cosmological; particle,9,"Fischler-Susskind holographic cosmology revisited   When Fischler and Susskind proposed a holographic prescription based on the
Particle Horizon, they found that spatially closed cosmological models do not
verify it due to the apparently unavoidable recontraction of the Particle
Horizon area. In this article, after a short review of their original work, we
expose graphically and analytically that spatially closed cosmological models
can avoid this problem if they expand fast enough. It has been also shown that
the Holographic Principle is saturated for a codimension one brane dominated
Universe. The Fischler-Susskind prescription is used to obtain the maximum
number of degrees of freedom per Planck volume at the Planck era compatible
with the Holographic Principle.
"
704.1655,Creation of Quark-gluon Plasma in Celestial Laboratories,"  It is shown that a gravitationally collapsing black hole acts as an ultrahigh
energy particle accelerator that can accelerate particles to energies
inconceivable in any terrestrial particle accelerator, and that when the energy
E of the particles comprising the matter in the black hole is $ \sim 10^{2} $
GeV or more,or equivalently the temperature T is $ \sim 10^{15}$ K or more, the
entire matter in the black hole will be in the form of quark-gluon plasma
permeated by leptons.
",physics.gen-ph,R. K. Thakur,black; hole; sim; particles; particle,9,"Creation of Quark-gluon Plasma in Celestial Laboratories   It is shown that a gravitationally collapsing black hole acts as an ultrahigh
energy particle accelerator that can accelerate particles to energies
inconceivable in any terrestrial particle accelerator, and that when the energy
E of the particles comprising the matter in the black hole is $ \sim 10^{2} $
GeV or more,or equivalently the temperature T is $ \sim 10^{15}$ K or more, the
entire matter in the black hole will be in the form of quark-gluon plasma
permeated by leptons.
"
704.1661,Can a Black Hole Collapse to a Space-time Singularity?,"  A critique of the singularity theorems of Penrose, Hawking, and Geroch is
given. It is pointed out that a gravitationally collapsing black hole acts as
an ultrahigh energy particle accelerator that can accelerate particles to
energies inconceivable in any terrestrial particle accelerator, and that when
the energy $E$ of the particles comprising matter in a black hole is $\sim
10^{2} GeV$ or more, or equivalently, the temperature $T$ is $\sim 10^{15} K$
or more, the entire matter in the black hole is converted into quark-gluon
plasma permeated by leptons. As quarks and leptons are fermions, it is
emphasized that the collapse of a black-hole to a space-time singularity is
inhibited by Pauli's exclusion principle. It is also suggested that ultimately
a black hole may end up either as a stable quark star, or as a pulsating quark
star which may be a source of gravitational radiation, or it may simply explode
with a mini bang of a sort.
",physics.gen-ph,R. K. Thakur,black; hole; quark; sim; particles,9,"Can a Black Hole Collapse to a Space-time Singularity?   A critique of the singularity theorems of Penrose, Hawking, and Geroch is
given. It is pointed out that a gravitationally collapsing black hole acts as
an ultrahigh energy particle accelerator that can accelerate particles to
energies inconceivable in any terrestrial particle accelerator, and that when
the energy $E$ of the particles comprising matter in a black hole is $\sim
10^{2} GeV$ or more, or equivalently, the temperature $T$ is $\sim 10^{15} K$
or more, the entire matter in the black hole is converted into quark-gluon
plasma permeated by leptons. As quarks and leptons are fermions, it is
emphasized that the collapse of a black-hole to a space-time singularity is
inhibited by Pauli's exclusion principle. It is also suggested that ultimately
a black hole may end up either as a stable quark star, or as a pulsating quark
star which may be a source of gravitational radiation, or it may simply explode
with a mini bang of a sort.
"
704.1746,Tunnelling from black holes and tunnelling into white holes,"  Hawking radiation is nowadays being understood as tunnelling through black
hole horizons. Here, the extension of the Hamilton-Jacobi approach to
tunnelling for non-rotating and rotating black holes in different non-singular
coordinate systems not only confirms this quantum emission from black holes but
also reveals the new phenomenon of absorption into white holes by quantum
mechanical tunnelling. The role of a boundary condition of total absorption or
emission is also clarified.
",hep-th; gr-qc,Bhramar Chatterjee; A. Ghosh and P. Mitra,holes; black; rotating; absorption; emission,9,"Tunnelling from black holes and tunnelling into white holes   Hawking radiation is nowadays being understood as tunnelling through black
hole horizons. Here, the extension of the Hamilton-Jacobi approach to
tunnelling for non-rotating and rotating black holes in different non-singular
coordinate systems not only confirms this quantum emission from black holes but
also reveals the new phenomenon of absorption into white holes by quantum
mechanical tunnelling. The role of a boundary condition of total absorption or
emission is also clarified.
"
704.1814,A Measure of de Sitter Entropy and Eternal Inflation,"  We show that in any model of non-eternal inflation satisfying the null energy
condition, the area of the de Sitter horizon increases by at least one Planck
unit in each inflationary e-folding. This observation gives an operational
meaning to the finiteness of the entropy S_dS of an inflationary de Sitter
space eventually exiting into an asymptotically flat region: the asymptotic
observer is never able to measure more than e^(S_dS) independent inflationary
modes. This suggests a limitation on the amount of de Sitter space outside the
horizon that can be consistently described at the semiclassical level, fitting
well with other examples of the breakdown of locality in quantum gravity, such
as in black hole evaporation. The bound does not hold in models of inflation
that violate the null energy condition, such as ghost inflation. This
strengthens the case for the thermodynamical interpretation of the bound as
conventional black hole thermodynamics also fails in these models, strongly
suggesting that these theories are incompatible with basic gravitational
principles.
",hep-th,"Nima Arkani-Hamed; Sergei Dubovsky; Alberto Nicolis; Enrico
  Trincherini; Giovanni Villadoro",horizon; condition; bound; black; hole,9,"A Measure of de Sitter Entropy and Eternal Inflation   We show that in any model of non-eternal inflation satisfying the null energy
condition, the area of the de Sitter horizon increases by at least one Planck
unit in each inflationary e-folding. This observation gives an operational
meaning to the finiteness of the entropy S_dS of an inflationary de Sitter
space eventually exiting into an asymptotically flat region: the asymptotic
observer is never able to measure more than e^(S_dS) independent inflationary
modes. This suggests a limitation on the amount of de Sitter space outside the
horizon that can be consistently described at the semiclassical level, fitting
well with other examples of the breakdown of locality in quantum gravity, such
as in black hole evaporation. The bound does not hold in models of inflation
that violate the null energy condition, such as ghost inflation. This
strengthens the case for the thermodynamical interpretation of the bound as
conventional black hole thermodynamics also fails in these models, strongly
suggesting that these theories are incompatible with basic gravitational
principles.
"
704.1819,Comments on Charges and Near-Horizon Data of Black Rings,"  We study how the charges of the black rings measured at the asymptotic
infinity are encoded in the near-horizon metric and gauge potentials,
independent of the detailed structure of the connecting region. Our analysis
clarifies how different sets of four-dimensional charges can be assigned to a
single five-dimensional object under the Kaluza-Klein reduction. Possible
choices are related by the Witten effect on dyons and by the large gauge
transformation in four and five dimensions, respectively.
",hep-th,Kentaro Hanaki; Keisuke Ohashi and Yuji Tachikawa,gauge; dimensional; horizon; transformation; object,9,"Comments on Charges and Near-Horizon Data of Black Rings   We study how the charges of the black rings measured at the asymptotic
infinity are encoded in the near-horizon metric and gauge potentials,
independent of the detailed structure of the connecting region. Our analysis
clarifies how different sets of four-dimensional charges can be assigned to a
single five-dimensional object under the Kaluza-Klein reduction. Possible
choices are related by the Witten effect on dyons and by the large gauge
transformation in four and five dimensions, respectively.
"
704.1909,Non-linear electromagnetic response of graphene,"  It is shown that the massless energy spectrum of electrons and holes in
graphene leads to the strongly non-linear electromagnetic response of this
system. We predict that the graphene layer, irradiated by electromagnetic
waves, emits radiation at higher frequency harmonics and can work as a
frequency multiplier. The operating frequency of the graphene frequency
multiplier can lie in a broad range from microwaves to the infrared.
",cond-mat.mes-hall,S. A. Mikhailov,graphene; frequency; electromagnetic; broad; layer,9,"Non-linear electromagnetic response of graphene   It is shown that the massless energy spectrum of electrons and holes in
graphene leads to the strongly non-linear electromagnetic response of this
system. We predict that the graphene layer, irradiated by electromagnetic
waves, emits radiation at higher frequency harmonics and can work as a
frequency multiplier. The operating frequency of the graphene frequency
multiplier can lie in a broad range from microwaves to the infrared.
"
704.192,"Global Disk Oscillation Modes in Cataclysmic Variables and Other
  Newtonian Accretors","  Diskoseismology, the theoretical study of small adiabatic hydrodynamical
global perturbations of geometrically thin, optically thick accretion disks
around black holes (and other compact objects), is a potentially powerful probe
of the gravitational field. For instance, the frequencies of the normal mode
oscillations can be used to determine the elusive angular momentum parameter of
the black hole. The general formalism developed by diskoseismologists for
relativistic systems can be readily applied to the Newtonian case of
cataclysmic variables (CVs). Some of these systems (e.g., the dwarf nova SS
Cygni) show rapid oscillations in the UV with periods of tens of seconds and
high coherence. In this paper, we assess the possibility that these dwarf nova
oscillations (DNOs) are diskoseismic modes. Besides its importance in
investigating the physical origin of DNOs, the present work could help us to
answer the following question. To what extent are the similarities in the
oscillation phenomenology of CVs and X-ray binaries (XRBs) indicative of a
common physical mechanism?
",astro-ph,Manuel Ortega-Rodriguez; Robert V. Wagoner,oscillations; dwarf; black; physical; systems,9,"Global Disk Oscillation Modes in Cataclysmic Variables and Other
  Newtonian Accretors   Diskoseismology, the theoretical study of small adiabatic hydrodynamical
global perturbations of geometrically thin, optically thick accretion disks
around black holes (and other compact objects), is a potentially powerful probe
of the gravitational field. For instance, the frequencies of the normal mode
oscillations can be used to determine the elusive angular momentum parameter of
the black hole. The general formalism developed by diskoseismologists for
relativistic systems can be readily applied to the Newtonian case of
cataclysmic variables (CVs). Some of these systems (e.g., the dwarf nova SS
Cygni) show rapid oscillations in the UV with periods of tens of seconds and
high coherence. In this paper, we assess the possibility that these dwarf nova
oscillations (DNOs) are diskoseismic modes. Besides its importance in
investigating the physical origin of DNOs, the present work could help us to
answer the following question. To what extent are the similarities in the
oscillation phenomenology of CVs and X-ray binaries (XRBs) indicative of a
common physical mechanism?
"
704.1964,"A data-analysis driven comparison of analytic and numerical coalescing
  binary waveforms: nonspinning case","  We compare waveforms obtained by numerically evolving nonspinning binary
black holes to post-Newtonian (PN) template families currently used in the
search for gravitational waves by ground-based detectors. We find that the
time-domain 3.5PN template family, which includes the inspiral phase, has
fitting factors (FFs) >= 0.96 for binary systems with total mass M = 10 ~ 20
Msun. The time-domain 3.5PN effective-one-body template family, which includes
the inspiral, merger and ring-down phases, gives satisfactory signal-matching
performance with FFs >= 0.96 for binary systems with total mass M = 10 ~ 120
Msun. If we introduce a cutoff frequency properly adjusted to the final
black-hole ring-down frequency, we find that the frequency-domain
stationary-phase-approximated template family at 3.5PN order has FFs >= 0.96
for binary systems with total mass M = 10 ~ 20 Msun. However, to obtain high
matching performances for larger binary masses, we need to either extend this
family to unphysical regions of the parameter space or introduce a 4PN order
coefficient in the frequency-domain GW phase. Finally, we find that the
phenomenological Buonanno-Chen-Vallisneri family has FFs >= 0.97 with total
mass M=10 ~ 120Msun. The main analyses use the noise spectral-density of LIGO,
but several tests are extended to VIRGO and advanced LIGO noise-spectral
densities.
",gr-qc,"Yi Pan; Alessandra Buonanno; John G. Baker; Joan Centrella; Bernard J.
  Kelly; Sean T. McWilliams; Frans Pretorius and James R. van Meter",family; binary; domain; total; frequency,9,"A data-analysis driven comparison of analytic and numerical coalescing
  binary waveforms: nonspinning case   We compare waveforms obtained by numerically evolving nonspinning binary
black holes to post-Newtonian (PN) template families currently used in the
search for gravitational waves by ground-based detectors. We find that the
time-domain 3.5PN template family, which includes the inspiral phase, has
fitting factors (FFs) >= 0.96 for binary systems with total mass M = 10 ~ 20
Msun. The time-domain 3.5PN effective-one-body template family, which includes
the inspiral, merger and ring-down phases, gives satisfactory signal-matching
performance with FFs >= 0.96 for binary systems with total mass M = 10 ~ 120
Msun. If we introduce a cutoff frequency properly adjusted to the final
black-hole ring-down frequency, we find that the frequency-domain
stationary-phase-approximated template family at 3.5PN order has FFs >= 0.96
for binary systems with total mass M = 10 ~ 20 Msun. However, to obtain high
matching performances for larger binary masses, we need to either extend this
family to unphysical regions of the parameter space or introduce a 4PN order
coefficient in the frequency-domain GW phase. Finally, we find that the
phenomenological Buonanno-Chen-Vallisneri family has FFs >= 0.97 with total
mass M=10 ~ 120Msun. The main analyses use the noise spectral-density of LIGO,
but several tests are extended to VIRGO and advanced LIGO noise-spectral
densities.
"
704.1968,The spin-flip phenomenon in supermassive black hole binary mergers,"  Massive merging black holes will be the primary sources of powerful
gravitational waves at low frequency, and will permit to test general
relativity with candidate galaxies close to a binary black hole merger. In this
paper we identify the typical mass ratio of the two black holes but then show
that the distance when gravitational radiation becomes the dominant dissipative
effect (over dynamical friction) does not depend on the mass ratio. However the
dynamical evolution in the gravitational wave emission regime does. For the
typical range of mass ratios the final stage of the merger is preceded by a
rapid precession and a subsequent spin-flip of the main black hole. This
already occurs in the inspiral phase, therefore can be described analytically
by post-Newtonian techniques. We then identify the radio galaxies with a
super-disk as those in which the rapidly precessing jet produces effectively a
powerful wind, entraining the environmental gas to produce the appearance of a
thick disk. These specific galaxies are thus candidates for a merger of two
black holes to happen in the astronomically near future.
",astro-ph; gr-qc,L\'aszl\'o \'A. Gergely; Peter L. Biermann,black; holes; gravitational; galaxies; identify,9,"The spin-flip phenomenon in supermassive black hole binary mergers   Massive merging black holes will be the primary sources of powerful
gravitational waves at low frequency, and will permit to test general
relativity with candidate galaxies close to a binary black hole merger. In this
paper we identify the typical mass ratio of the two black holes but then show
that the distance when gravitational radiation becomes the dominant dissipative
effect (over dynamical friction) does not depend on the mass ratio. However the
dynamical evolution in the gravitational wave emission regime does. For the
typical range of mass ratios the final stage of the merger is preceded by a
rapid precession and a subsequent spin-flip of the main black hole. This
already occurs in the inspiral phase, therefore can be described analytically
by post-Newtonian techniques. We then identify the radio galaxies with a
super-disk as those in which the rapidly precessing jet produces effectively a
powerful wind, entraining the environmental gas to produce the appearance of a
thick disk. These specific galaxies are thus candidates for a merger of two
black holes to happen in the astronomically near future.
"
704.2013,"The conical singularity method and the energy-momentum tensor near the
  black hole horizon using the Kruskal coordinates","  We apply the conical singularity method to the two dimensional version of the
Schwarzschild metric to obtain the Kruskal coordinates of the black hole in a
very simple and direct way. Then we make use of this metric in an approximated
version and calculate the expected value of energy-momentum tensor of a
massless quantum field near the horizon, resulting in regular expressions for
its components.
",gr-qc; hep-th,M. Alves,version; metric; horizon; expressions; regular,9,"The conical singularity method and the energy-momentum tensor near the
  black hole horizon using the Kruskal coordinates   We apply the conical singularity method to the two dimensional version of the
Schwarzschild metric to obtain the Kruskal coordinates of the black hole in a
very simple and direct way. Then we make use of this metric in an approximated
version and calculate the expected value of energy-momentum tensor of a
massless quantum field near the horizon, resulting in regular expressions for
its components.
"
704.2028,"Bound hole states in a ferromagnetic (Ga,Mn)As environment","  A numerical technique is developed to solve the Luttinger-Kohn equation for
impurity states directly in k-space and is applied to calculate bound hole wave
functions in a ferromagnetic (Ga,Mn)As host. The rich properties of the band
structure of an arbitrarily strained, ferromagnetic zinc-blende semiconductor
yields various features which have direct impact on the detailed shape of a
valence band hole bound to an active impurity. The role of strain is discussed
on the basis of explicit calculations of bound hole states.
",cond-mat.mtrl-sci; cond-mat.dis-nn,"M.J. Schmidt; K. Pappert; C. Gould; G. Schmidt; R. Oppermann; L.W.
  Molenkamp",bound; hole; band; states; host,9,"Bound hole states in a ferromagnetic (Ga,Mn)As environment   A numerical technique is developed to solve the Luttinger-Kohn equation for
impurity states directly in k-space and is applied to calculate bound hole wave
functions in a ferromagnetic (Ga,Mn)As host. The rich properties of the band
structure of an arbitrarily strained, ferromagnetic zinc-blende semiconductor
yields various features which have direct impact on the detailed shape of a
valence band hole bound to an active impurity. The role of strain is discussed
on the basis of explicit calculations of bound hole states.
"
704.2159,"Accretion Disk Illumination in Schwarzschild and Kerr Geometries:
  Fitting Formulae","  We describe the methodology and compute the illumination of geometrically
thin accretion disks around black holes of arbitrary spin parameter $a$ exposed
to the radiation of a point-like, isotropic source at arbitrary height above
the disk on its symmetry axis. We then provide analytic fitting formulae for
the illumination as a function of the source height $h$ and the black hole
angular momentum $a$. We find that for a source on the disk symmetry axis and
$h/M > 3$, the main effect of the parameter $a$ is allowing the disk to extend
to smaller radii (approaching $r/M \to 1$ as $a/M \to 1$) and thus allow the
illumination of regions of much higher rotational velocity and redshift. We
also compute the illumination profiles for anisotropic emission associated with
the motion of the source relative to the accretion disk and present the
fractions of photons absorbed by the black hole, intercepted by the disk or
escaping to infinity for both isotropic and anisotropic emission for $a/M=0$
and $a/M=0.99$. As the anisotropy (of a source approaching the disk) increases
the illumination profile reduces (approximately) to a single power-law, whose
index, $q$, because of absorption of the beamed photons by the black hole,
saturates to a value no higher than $q \gtrsim 3$. Finally, we compute the
fluorescence Fe line profiles associated with the specific illumination and
compare them among various cases.
",astro-ph,Keigo Fukumura and Demosthenes Kazanas,disk; source; black; compute; hole,9,"Accretion Disk Illumination in Schwarzschild and Kerr Geometries:
  Fitting Formulae   We describe the methodology and compute the illumination of geometrically
thin accretion disks around black holes of arbitrary spin parameter $a$ exposed
to the radiation of a point-like, isotropic source at arbitrary height above
the disk on its symmetry axis. We then provide analytic fitting formulae for
the illumination as a function of the source height $h$ and the black hole
angular momentum $a$. We find that for a source on the disk symmetry axis and
$h/M > 3$, the main effect of the parameter $a$ is allowing the disk to extend
to smaller radii (approaching $r/M \to 1$ as $a/M \to 1$) and thus allow the
illumination of regions of much higher rotational velocity and redshift. We
also compute the illumination profiles for anisotropic emission associated with
the motion of the source relative to the accretion disk and present the
fractions of photons absorbed by the black hole, intercepted by the disk or
escaping to infinity for both isotropic and anisotropic emission for $a/M=0$
and $a/M=0.99$. As the anisotropy (of a source approaching the disk) increases
the illumination profile reduces (approximately) to a single power-law, whose
index, $q$, because of absorption of the beamed photons by the black hole,
saturates to a value no higher than $q \gtrsim 3$. Finally, we compute the
fluorescence Fe line profiles associated with the specific illumination and
compare them among various cases.
"
704.2284,"Boundary Effects in Local Inflation and Spectrum of Density
  Perturbations","  We observe that when a local patch in a radiation filled Robertson-Walker
universe inflates by some reason, outside perturbations can enter into the
inflating region. Generally, the physical wavelengths of these perturbations
become larger than the Hubble radius as they cross into the inflating space and
their amplitudes freeze out immediately. It turns out that the corresponding
power spectrum is not scale invariant. Although these perturbations cannot
reach out to a distance inner observer shielded by a de Sitter horizon, they
still indicate a curious boundary effect in local inflationary scenarios.
",gr-qc; astro-ph; hep-th,Erol Ertan; Ali Kaya,perturbations; local; horizon; amplitudes; inner,9,"Boundary Effects in Local Inflation and Spectrum of Density
  Perturbations   We observe that when a local patch in a radiation filled Robertson-Walker
universe inflates by some reason, outside perturbations can enter into the
inflating region. Generally, the physical wavelengths of these perturbations
become larger than the Hubble radius as they cross into the inflating space and
their amplitudes freeze out immediately. It turns out that the corresponding
power spectrum is not scale invariant. Although these perturbations cannot
reach out to a distance inner observer shielded by a de Sitter horizon, they
still indicate a curious boundary effect in local inflationary scenarios.
"
704.2288,Suppressed star formation in circumnuclear regions in Seyfert galaxies,"  Feedback from black hole activity is widely believed to play a key role in
regulating star formation and black hole growth. A long-standing issue is the
relation between the star formation and fueling the supermassive black holes in
active galactic nuclei (AGNs). We compile a sample of 57 Seyfert galaxies to
tackle this issue. We estimate the surface densities of gas and star formation
rates in circumnuclear regions (CNRs). Comparing with the well-known
Kennicutt-Schmidt (K-S) law, we find that the star formation rates in CNRs of
most Seyfert galaxies are suppressed in this sample. Feedback is suggested to
explain the suppressed star formation rates.
",astro-ph,J.-M. Wang; Y.-M. Chen; C.-S. Yan; C. Hu and W.-H. Bian,formation; star; rates; black; galaxies,9,"Suppressed star formation in circumnuclear regions in Seyfert galaxies   Feedback from black hole activity is widely believed to play a key role in
regulating star formation and black hole growth. A long-standing issue is the
relation between the star formation and fueling the supermassive black holes in
active galactic nuclei (AGNs). We compile a sample of 57 Seyfert galaxies to
tackle this issue. We estimate the surface densities of gas and star formation
rates in circumnuclear regions (CNRs). Comparing with the well-known
Kennicutt-Schmidt (K-S) law, we find that the star formation rates in CNRs of
most Seyfert galaxies are suppressed in this sample. Feedback is suggested to
explain the suppressed star formation rates.
"
704.2298,Probing Alpha-Vacua of Black Holes in LHC,"  Motivated by the idea of alpha-vacua in Schwarzschild spacetime, we studied
the deformed spectrum of Hawking radiation. Such a deformation would leave
signatures on the small black hole evaporation in LHC because their vacuum
deviates from the Unruh state.
",hep-th; hep-ph,Tower Wang,spacetime; lhc; vacuum; alpha; radiation,9,"Probing Alpha-Vacua of Black Holes in LHC   Motivated by the idea of alpha-vacua in Schwarzschild spacetime, we studied
the deformed spectrum of Hawking radiation. Such a deformation would leave
signatures on the small black hole evaporation in LHC because their vacuum
deviates from the Unruh state.
"
704.2398,The Search for Primordial Black Holes Using Very Short Gamma Ray Bursts,"  We show the locations of the SWIFT short hard bursts (SHB) with afterglows on
the galactic map and compare with the VSB BATSE events. As we have pointed out
before, there is an excess of events in the galactic map of BATSE VSB events.
We not that none of VSB SWIFT era events fall into this cluster. More SWIFT
events are needed to check this claim. We also report a new study with KONUS
data of the VSB sample with an average energy above 90 keV showing a clear
excess of events below 100 ms duration (T90) that have large mean energy
protons. We suggest that VSB themselves consist of two subclasses: a fraction
of events have peculiar distribution properties and have no detectable
counterparts, as might be expected for exotic sources such as primordial black
holes. We show how GLAST could add key new information to the study of VSB
bursts and could help test the black hole concept.
",astro-ph,D.B. Cline; C. Matthey; S. Otwinowski; B. Czerny; A. Janiuk,events; excess; map; galactic; black,9,"The Search for Primordial Black Holes Using Very Short Gamma Ray Bursts   We show the locations of the SWIFT short hard bursts (SHB) with afterglows on
the galactic map and compare with the VSB BATSE events. As we have pointed out
before, there is an excess of events in the galactic map of BATSE VSB events.
We not that none of VSB SWIFT era events fall into this cluster. More SWIFT
events are needed to check this claim. We also report a new study with KONUS
data of the VSB sample with an average energy above 90 keV showing a clear
excess of events below 100 ms duration (T90) that have large mean energy
protons. We suggest that VSB themselves consist of two subclasses: a fraction
of events have peculiar distribution properties and have no detectable
counterparts, as might be expected for exotic sources such as primordial black
holes. We show how GLAST could add key new information to the study of VSB
bursts and could help test the black hole concept.
"
704.2403,"Existence of outermost apparent horizons with product of spheres
  topology","  In this paper we find new examples of Riemannian manifolds with outermost
apparent horizons with nonspherical topology, in dimensions four and above.
More precisely, for any $n,m\ge1$, we construct asymptotically flat, scalar
flat Riemannian manifolds containing smooth outermost minimal hypersurfaces
with topology $S^n\times S^{m+1}$. In the context of general relativity these
hypersurfaces correspond to outermost apparent horizons of black holes.
",gr-qc; hep-th; math.DG,Fernando Schwartz,topology; manifolds; flat; relativity; holes,9,"Existence of outermost apparent horizons with product of spheres
  topology   In this paper we find new examples of Riemannian manifolds with outermost
apparent horizons with nonspherical topology, in dimensions four and above.
More precisely, for any $n,m\ge1$, we construct asymptotically flat, scalar
flat Riemannian manifolds containing smooth outermost minimal hypersurfaces
with topology $S^n\times S^{m+1}$. In the context of general relativity these
hypersurfaces correspond to outermost apparent horizons of black holes.
"
704.244,Black Holes and Large Order Quantum Geometry,"  We study five-dimensional black holes obtained by compactifying M theory on
Calabi-Yau threefolds. Recent progress in solving topological string theory on
compact, one-parameter models allows us to test numerically various conjectures
about these black holes. We give convincing evidence that a microscopic
description based on Gopakumar-Vafa invariants accounts correctly for their
macroscopic entropy, and we check that highly nontrivial cancellations -which
seem necessary to resolve the so-called entropy enigma in the OSV conjecture-
do in fact occur. We also study analytically small 5d black holes obtained by
wrapping M2 branes in the fiber of K3 fibrations. By using heterotic/type II
duality we obtain exact formulae for the microscopic degeneracies in various
geometries, and we compute their asymptotic expansion for large charges.
",hep-th,Min-xin Huang; Albrecht Klemm; Marcos Marino and Alireza Tavanfar,holes; black; entropy; various; obtained,9,"Black Holes and Large Order Quantum Geometry   We study five-dimensional black holes obtained by compactifying M theory on
Calabi-Yau threefolds. Recent progress in solving topological string theory on
compact, one-parameter models allows us to test numerically various conjectures
about these black holes. We give convincing evidence that a microscopic
description based on Gopakumar-Vafa invariants accounts correctly for their
macroscopic entropy, and we check that highly nontrivial cancellations -which
seem necessary to resolve the so-called entropy enigma in the OSV conjecture-
do in fact occur. We also study analytically small 5d black holes obtained by
wrapping M2 branes in the fiber of K3 fibrations. By using heterotic/type II
duality we obtain exact formulae for the microscopic degeneracies in various
geometries, and we compute their asymptotic expansion for large charges.
"
704.2447,A Three-Stage Search for Supermassive Black Hole Binaries in LISA Data,"  Gravitational waves from the inspiral and coalescence of supermassive
black-hole (SMBH) binaries with masses ~10^6 Msun are likely to be among the
strongest sources for the Laser Interferometer Space Antenna (LISA). We
describe a three-stage data-analysis pipeline designed to search for and
measure the parameters of SMBH binaries in LISA data. The first stage uses a
time-frequency track-search method to search for inspiral signals and provide a
coarse estimate of the black-hole masses m_1, m_2 and of the coalescence time
of the binary t_c. The second stage uses a sequence of matched-filter template
banks, seeded by the first stage, to improve the measurement accuracy of the
masses and coalescence time. Finally, a Markov Chain Monte Carlo search is used
to estimate all nine physical parameters of the binary. Using results from the
second stage substantially shortens the Markov Chain burn-in time and allows us
to determine the number of SMBH-binary signals in the data before starting
parameter estimation. We demonstrate our analysis pipeline using simulated data
from the first LISA Mock Data Challenge. We discuss our plan for improving this
pipeline and the challenges that will be faced in real LISA data analysis.
",gr-qc,"Duncan A. Brown; Jeff Crowder; Curt Cutler; Ilya Mandel and Michele
  Vallisneri",search; data; binary; masses; time,9,"A Three-Stage Search for Supermassive Black Hole Binaries in LISA Data   Gravitational waves from the inspiral and coalescence of supermassive
black-hole (SMBH) binaries with masses ~10^6 Msun are likely to be among the
strongest sources for the Laser Interferometer Space Antenna (LISA). We
describe a three-stage data-analysis pipeline designed to search for and
measure the parameters of SMBH binaries in LISA data. The first stage uses a
time-frequency track-search method to search for inspiral signals and provide a
coarse estimate of the black-hole masses m_1, m_2 and of the coalescence time
of the binary t_c. The second stage uses a sequence of matched-filter template
banks, seeded by the first stage, to improve the measurement accuracy of the
masses and coalescence time. Finally, a Markov Chain Monte Carlo search is used
to estimate all nine physical parameters of the binary. Using results from the
second stage substantially shortens the Markov Chain burn-in time and allows us
to determine the number of SMBH-binary signals in the data before starting
parameter estimation. We demonstrate our analysis pipeline using simulated data
from the first LISA Mock Data Challenge. We discuss our plan for improving this
pipeline and the challenges that will be faced in real LISA data analysis.
"
704.246,Iron Line Profiles from Relativistic Thick Accretion Disk,"  We present a new code for calculating the Fe Kalpha line profiles from
relativistic accretion disks with finite thickness around a rotating black
hole. The thin Keplerian accretion disk must become thicker and sub-Keplerian
with increasing accretion rates. We here embark on, for the first time, a fully
relativistic computation which is aimed at gaining an insight into the effects
of geometrical thickness and the sub-Keplerian orbital velocity on the line
profiles. This code is also well-suited to produce accretion disk images.
",astro-ph,Sheng-Miao Wu and Ting-Gui Wang,accretion; code; sub; profiles; disk,9,"Iron Line Profiles from Relativistic Thick Accretion Disk   We present a new code for calculating the Fe Kalpha line profiles from
relativistic accretion disks with finite thickness around a rotating black
hole. The thin Keplerian accretion disk must become thicker and sub-Keplerian
with increasing accretion rates. We here embark on, for the first time, a fully
relativistic computation which is aimed at gaining an insight into the effects
of geometrical thickness and the sub-Keplerian orbital velocity on the line
profiles. This code is also well-suited to produce accretion disk images.
"
704.2487,"Reentrance effect in a graphene n-p-n junction coupled to a
  superconductor","  We study the interplay of Klein tunneling (= interband tunneling) between
n-doped and p-doped regions in graphene and Andreev reflection (= electron-hole
conversion) at a superconducting electrode. The tunneling conductance of an
n-p-n junction initially increases upon lowering the temperature, while the
coherence time of the electron-hole pairs is still less than their lifetime,
but then drops back again when the coherence time exceeds the lifetime. This
reentrance effect, known from diffusive conductors and ballistic quantum dots,
provides a method to detect phase coherent Klein tunneling of electron-hole
pairs.
",cond-mat.mes-hall; cond-mat.supr-con,A. Ossipov; M. Titov; C. W. J. Beenakker,tunneling; hole; electron; pairs; time,9,"Reentrance effect in a graphene n-p-n junction coupled to a
  superconductor   We study the interplay of Klein tunneling (= interband tunneling) between
n-doped and p-doped regions in graphene and Andreev reflection (= electron-hole
conversion) at a superconducting electrode. The tunneling conductance of an
n-p-n junction initially increases upon lowering the temperature, while the
coherence time of the electron-hole pairs is still less than their lifetime,
but then drops back again when the coherence time exceeds the lifetime. This
reentrance effect, known from diffusive conductors and ballistic quantum dots,
provides a method to detect phase coherent Klein tunneling of electron-hole
pairs.
"
704.2494,"The effect of stellar-mass black holes on the structural evolution of
  massive star clusters","  We present the results of realistic N-body modelling of massive star clusters
in the Magellanic Clouds, aimed at investigating a dynamical origin for the
radius-age trend observed in these systems. We find that stellar-mass black
holes, formed in the supernova explosions of the most massive cluster stars,
can constitute a dynamically important population. If a significant number of
black holes are retained (here we assume complete retention), these objects
rapidly form a dense core where interactions are common, resulting in the
scattering of black holes into the cluster halo, and the ejection of black
holes from the cluster. These two processes heat the stellar component,
resulting in prolonged core expansion of a magnitude matching the observations.
Significant core evolution is also observed in Magellanic Cloud clusters at
early times. We find that this does not result from the action of black holes,
but can be reproduced by the effects of mass-loss due to rapid stellar
evolution in a primordially mass segregated cluster.
",astro-ph,"A.D. Mackey (1); M.I. Wilkinson (2); M.B. Davies (3); G.F. Gilmore (4)
  ((1) University of Edinburgh; (2) University of Leicester; (3) Lund
  University; (4) University of Cambridge)",holes; black; cluster; core; stellar,9,"The effect of stellar-mass black holes on the structural evolution of
  massive star clusters   We present the results of realistic N-body modelling of massive star clusters
in the Magellanic Clouds, aimed at investigating a dynamical origin for the
radius-age trend observed in these systems. We find that stellar-mass black
holes, formed in the supernova explosions of the most massive cluster stars,
can constitute a dynamically important population. If a significant number of
black holes are retained (here we assume complete retention), these objects
rapidly form a dense core where interactions are common, resulting in the
scattering of black holes into the cluster halo, and the ejection of black
holes from the cluster. These two processes heat the stellar component,
resulting in prolonged core expansion of a magnitude matching the observations.
Significant core evolution is also observed in Magellanic Cloud clusters at
early times. We find that this does not result from the action of black holes,
but can be reproduced by the effects of mass-loss due to rapid stellar
evolution in a primordially mass segregated cluster.
"
704.2552,Enhanced microwave transmission through quasicrystal hole arrays,"  We report on the observation of enhanced microwave transmission through
quasi-periodic hole arrays in metal films. The fraction of transmitted light
reaches 50% in a self-standing metal film and approaches 90% when the film is
sandwiched between thin dielectric slabs, while the holes occupy only 10% of
the sample area. The maximum transmission is accompanied by zero phase change,
rendering the film almost 'invisible' over a wide frequency range. The
extraordinary transmission phenomenon is interpreted in terms of resonances in
the self-consistent interaction between holes, which are represented by
effective electric and magnetic dipoles.
",physics.optics,"N. Papasimakis; V. A. Fedotov; F. J. Garcia de Abajo; A. S. Schwanecke
  and N. I. Zheludev",transmission; metal; holes; self; phenomenon,9,"Enhanced microwave transmission through quasicrystal hole arrays   We report on the observation of enhanced microwave transmission through
quasi-periodic hole arrays in metal films. The fraction of transmitted light
reaches 50% in a self-standing metal film and approaches 90% when the film is
sandwiched between thin dielectric slabs, while the holes occupy only 10% of
the sample area. The maximum transmission is accompanied by zero phase change,
rendering the film almost 'invisible' over a wide frequency range. The
extraordinary transmission phenomenon is interpreted in terms of resonances in
the self-consistent interaction between holes, which are represented by
effective electric and magnetic dipoles.
"
704.2563,Beyond the semi-classical description of black hole evaporation,"  In the semi-classical treatment, i.e. in a classical black hole geometry,
Hawking quanta emerge from trans-Planckian configurations because of scale
invariance. There is indeed no scale to stop the blue-shifting effect
encountered in the backward propagation towards the event horizon. On the
contrary, when taking into account the gravitational interactions neglected in
the semi-classical treatment, a UV scale stopping the blue-shift could be
dynamically engendered. To show that this is the case, we use a
non-perturbative treatment based on the large-N limit, where $N$ is the number
of matter fields. In this limit, the semi-classical treatment is the leading
contribution. Non-linear gravitational effects appear in the next orders and in
the first of these, the effects are governed by the two-point correlation
function of the energy-momentum tensor evaluated in the vacuum. Taking this
correlator into account, backward propagated modes are dissipated at a distance
from the horizon $\propto G\kappa$ when measured in a freely falling frame.
($G$ is Newton's constant and $\kappa$ the surface gravity.) This result can be
also obtained by considering light propagation in a stochastic ensemble of
metrics whose fluctuations are determined by the above correlator.
",hep-th,Renaud Parentani,classical; semi; scale; horizon; propagation,9,"Beyond the semi-classical description of black hole evaporation   In the semi-classical treatment, i.e. in a classical black hole geometry,
Hawking quanta emerge from trans-Planckian configurations because of scale
invariance. There is indeed no scale to stop the blue-shifting effect
encountered in the backward propagation towards the event horizon. On the
contrary, when taking into account the gravitational interactions neglected in
the semi-classical treatment, a UV scale stopping the blue-shift could be
dynamically engendered. To show that this is the case, we use a
non-perturbative treatment based on the large-N limit, where $N$ is the number
of matter fields. In this limit, the semi-classical treatment is the leading
contribution. Non-linear gravitational effects appear in the next orders and in
the first of these, the effects are governed by the two-point correlation
function of the energy-momentum tensor evaluated in the vacuum. Taking this
correlator into account, backward propagated modes are dissipated at a distance
from the horizon $\propto G\kappa$ when measured in a freely falling frame.
($G$ is Newton's constant and $\kappa$ the surface gravity.) This result can be
also obtained by considering light propagation in a stochastic ensemble of
metrics whose fluctuations are determined by the above correlator.
"
704.2612,Relativistic Effects in Extreme Mass Ratio Gravitational Wave Bursts,"  Extreme mass ratio bursts (EMRBs) have been proposed as a possible source for
future space-borne gravitational wave detectors, such as the Laser
Interferometer Space Antenna (LISA). These events are characterized by
long-period, nearly-radial orbits of compact objects around a central massive
black hole. The gravitational radiation emitted during such events consists of
a short burst, corresponding to periapse passage, followed by a longer, silent
interval. In this paper we investigate the impact of including relativistic
corrections to the description of the compact object's trajectory via a
geodesic treatment, as well as including higher-order multipole corrections in
the waveform calculation. The degree to which the relativistic corrections are
important depends on the EMRB's orbital parameters. We find that relativistic
EMRBs (v_{max}}/c > 0.25) are not rare and actually account for approximately
half of the events in our astrophysical model. The relativistic corrections
tend to significantly change the waveform amplitude and phase relative to a
Newtonian description, although some of this dephasing could be mimicked by
parameter errors. The dephasing over several bursts could be of particular
importance not only to gravitational wave detection, but also to parameter
estimation, since it is highly correlated to the spin of the massive black
hole. Consequently, we postulate that if a relativistic EMRB is detected, such
dephasing might be used to probe the relativistic character of the massive
black hole and obtain information about its spin.
",astro-ph; gr-qc,"Nicolas Yunes; Carlos F. Sopuerta; Louis J. Rubbo and Kelly
  Holley-Bockelmann",relativistic; corrections; events; massive; gravitational,9,"Relativistic Effects in Extreme Mass Ratio Gravitational Wave Bursts   Extreme mass ratio bursts (EMRBs) have been proposed as a possible source for
future space-borne gravitational wave detectors, such as the Laser
Interferometer Space Antenna (LISA). These events are characterized by
long-period, nearly-radial orbits of compact objects around a central massive
black hole. The gravitational radiation emitted during such events consists of
a short burst, corresponding to periapse passage, followed by a longer, silent
interval. In this paper we investigate the impact of including relativistic
corrections to the description of the compact object's trajectory via a
geodesic treatment, as well as including higher-order multipole corrections in
the waveform calculation. The degree to which the relativistic corrections are
important depends on the EMRB's orbital parameters. We find that relativistic
EMRBs (v_{max}}/c > 0.25) are not rare and actually account for approximately
half of the events in our astrophysical model. The relativistic corrections
tend to significantly change the waveform amplitude and phase relative to a
Newtonian description, although some of this dephasing could be mimicked by
parameter errors. The dephasing over several bursts could be of particular
importance not only to gravitational wave detection, but also to parameter
estimation, since it is highly correlated to the spin of the massive black
hole. Consequently, we postulate that if a relativistic EMRB is detected, such
dephasing might be used to probe the relativistic character of the massive
black hole and obtain information about its spin.
"
704.262,Recent Developments in Maser Theory,"  This review covers selected developments in maser theory since the previous
meeting, ""Cosmic Masers: From Proto-Stars to Black Holes"" (Migenes & Reid
2002). Topics included are time variability of fundamental constants, pumping
of OH megamasers and indicators for differentiating disks from bi-directional
outflows.
",astro-ph,Moshe Elitzur,disks; selected; review; holes; cosmic,9,"Recent Developments in Maser Theory   This review covers selected developments in maser theory since the previous
meeting, ""Cosmic Masers: From Proto-Stars to Black Holes"" (Migenes & Reid
2002). Topics included are time variability of fundamental constants, pumping
of OH megamasers and indicators for differentiating disks from bi-directional
outflows.
"
704.2643,"Eclipsing light curves for accretion flows around a rotating black hole
  and atmospheric effects of the companion star","  We calculate eclipsing light curves for accretion flows around a rotating
black hole taking into account the atmospheric effects of the companion star.
In the cases of no atmospheric effects, the light curves contain the
information of the black hole spin because most of the X-ray photons around 1
keV usually come from the blueshifted part of the accretion flow near the black
hole shadow, and the size and the position of the black hole shadow depend on
the spin. In these cases, when most of the emission comes from the vicinity of
the event horizon, the light curves become asymmetric at ingress and egress. We
next investigate the atmospheric absorption and scattering effects of the
companion stars. By using the solar-type atmospheric model, we have taken into
account the atmospheric effects of the companion star, such as the
photoionization by HI and HeI. We found that the eclipsing light curves
observed at 1 keV possibly contain the information of the black hole spin.
However, in our atmospheric model, the effects of the atmosphere are much
larger than the effects of the black hole spin. Therefore, even in the case
that the light curves contain the information of the black hole spin, it may be
difficult to extract the information of the black hole spin if we do not have
the realistic atmospheric profiles, such as the temperature, and the number
densities for several elements. Even in such cases, the light-curve asymmetries
due to the rotation of the accretion disc exist. Only when we have the reliable
atmospheric model, in principle, the information of the strong-gravity regions,
such as the black hole spin, can be obtained from the eclipsing light curves.
",astro-ph,Rohta Takahashi; Ken-Ya Watarai,black; hole; curves; light; spin,9,"Eclipsing light curves for accretion flows around a rotating black hole
  and atmospheric effects of the companion star   We calculate eclipsing light curves for accretion flows around a rotating
black hole taking into account the atmospheric effects of the companion star.
In the cases of no atmospheric effects, the light curves contain the
information of the black hole spin because most of the X-ray photons around 1
keV usually come from the blueshifted part of the accretion flow near the black
hole shadow, and the size and the position of the black hole shadow depend on
the spin. In these cases, when most of the emission comes from the vicinity of
the event horizon, the light curves become asymmetric at ingress and egress. We
next investigate the atmospheric absorption and scattering effects of the
companion stars. By using the solar-type atmospheric model, we have taken into
account the atmospheric effects of the companion star, such as the
photoionization by HI and HeI. We found that the eclipsing light curves
observed at 1 keV possibly contain the information of the black hole spin.
However, in our atmospheric model, the effects of the atmosphere are much
larger than the effects of the black hole spin. Therefore, even in the case
that the light curves contain the information of the black hole spin, it may be
difficult to extract the information of the black hole spin if we do not have
the realistic atmospheric profiles, such as the temperature, and the number
densities for several elements. Even in such cases, the light-curve asymmetries
due to the rotation of the accretion disc exist. Only when we have the reliable
atmospheric model, in principle, the information of the strong-gravity regions,
such as the black hole spin, can be obtained from the eclipsing light curves.
"
704.2667,Wormholes as Black Hole Foils,"  We study to what extent wormholes can mimic the observational features of
black holes. It is surprisingly found that many features that could be thought
of as ``characteristic'' of a black hole (endowed with an event horizon) can be
closely mimicked by a globally static wormhole, having no event horizon. This
is the case for: the apparently irreversible accretion of matter down a hole,
no-hair properties, quasi-normal-mode ringing, and even the dissipative
properties of black hole horizons, such as a finite surface resistivity equal
to 377 Ohms. The only way to distinguish the two geometries on an
observationally reasonable time scale would be through the detection of
Hawking's radiation, which is, however, too weak to be of practical relevance
for astrophysical black holes. We point out the existence of an interesting
spectrum of quantum microstates trapped in the throat of a wormhole which could
be relevant for storing the information ``lost'' during a gravitational
collapse.
",gr-qc; astro-ph; hep-th,Thibault Damour and Sergey N. Solodukhin,black; hole; horizon; event; holes,9,"Wormholes as Black Hole Foils   We study to what extent wormholes can mimic the observational features of
black holes. It is surprisingly found that many features that could be thought
of as ``characteristic'' of a black hole (endowed with an event horizon) can be
closely mimicked by a globally static wormhole, having no event horizon. This
is the case for: the apparently irreversible accretion of matter down a hole,
no-hair properties, quasi-normal-mode ringing, and even the dissipative
properties of black hole horizons, such as a finite surface resistivity equal
to 377 Ohms. The only way to distinguish the two geometries on an
observationally reasonable time scale would be through the detection of
Hawking's radiation, which is, however, too weak to be of practical relevance
for astrophysical black holes. We point out the existence of an interesting
spectrum of quantum microstates trapped in the throat of a wormhole which could
be relevant for storing the information ``lost'' during a gravitational
collapse.
"
704.267,D.E.U.S. (Dimension Embedded in Unified Symmetry),"  An unified model of the Universe, Black Holes, particles .... and beyond.
",gr-qc,Adrian Sabin Popescu,holes; universe; black; particles; model,9,"D.E.U.S. (Dimension Embedded in Unified Symmetry)   An unified model of the Universe, Black Holes, particles .... and beyond.
"
704.2709,"Resonant relaxation near a massive black hole: the dependence on
  eccentricity","  The orbits of stars close to a massive black hole are nearly Keplerian
ellipses. Such orbits exert long term torques on each other, which lead to an
enhanced angular momentum relaxation known as resonant relaxation. Under
certain conditions, this process can modify the angular momentum distribution
and affect the interaction rates of the stars with the massive black hole more
efficiently than non-resonant relaxation. The torque on an orbit exerted by the
cluster depends on the eccentricity of the orbit. In this paper, we calculate
this dependence and determine the resonant relaxation timescale as a function
of eccentricity. In particular, we show that the component of the torque that
changes the magnitude of the angular momentum is linearly proportional to
eccentricity, so resonant relaxation is much more efficient on eccentric orbits
than on circular orbits.
",astro-ph,"M. Atakan G\""urkan (1) and Clovis Hopman (2) ((1) University of
  Amsterdam (2) Leiden University)",relaxation; resonant; orbits; angular; momentum,9,"Resonant relaxation near a massive black hole: the dependence on
  eccentricity   The orbits of stars close to a massive black hole are nearly Keplerian
ellipses. Such orbits exert long term torques on each other, which lead to an
enhanced angular momentum relaxation known as resonant relaxation. Under
certain conditions, this process can modify the angular momentum distribution
and affect the interaction rates of the stars with the massive black hole more
efficiently than non-resonant relaxation. The torque on an orbit exerted by the
cluster depends on the eccentricity of the orbit. In this paper, we calculate
this dependence and determine the resonant relaxation timescale as a function
of eccentricity. In particular, we show that the component of the torque that
changes the magnitude of the angular momentum is linearly proportional to
eccentricity, so resonant relaxation is much more efficient on eccentric orbits
than on circular orbits.
"
704.2731,"Global structure and physical interpretation of the Fonarev solution for
  a scalar field with exponential potential","  We discuss the physical interpretation of a dynamical and inhomogeneous
spherically symmetric solution obtained by Fonarev for a scalar field with an
exponential potential. There is a single parameter $w$ in the solution which
can be set to $\pm1$ if it is non-zero, in addition to the steepness parameter
$\lambda$ in the potential. The spacetime is conformally static and
asymptotically flat Friedmann-Robertson-Walker spacetime. The solution reduces
to the Friedmann-Robertson-Walker solution for $w=0$. There are two curvature
singularities, of which one is a timelike central singularity and the other is
a big-bang or big-crunch type singularity. Depending on the parameters, the
spacetime can possess a future outer trapping horizon in the collapsing case.
Then the solution represents a dynamical black hole in the sense of Hayward
although there is a locally naked singularity at the center and no black-hole
event horizon. This demonstrates a weak point of the local definition of a
black hole in terms of a trapping horizon.
",gr-qc; hep-th,Hideki Maeda,solution; horizon; spacetime; black; hole,9,"Global structure and physical interpretation of the Fonarev solution for
  a scalar field with exponential potential   We discuss the physical interpretation of a dynamical and inhomogeneous
spherically symmetric solution obtained by Fonarev for a scalar field with an
exponential potential. There is a single parameter $w$ in the solution which
can be set to $\pm1$ if it is non-zero, in addition to the steepness parameter
$\lambda$ in the potential. The spacetime is conformally static and
asymptotically flat Friedmann-Robertson-Walker spacetime. The solution reduces
to the Friedmann-Robertson-Walker solution for $w=0$. There are two curvature
singularities, of which one is a timelike central singularity and the other is
a big-bang or big-crunch type singularity. Depending on the parameters, the
spacetime can possess a future outer trapping horizon in the collapsing case.
Then the solution represents a dynamical black hole in the sense of Hayward
although there is a locally naked singularity at the center and no black-hole
event horizon. This demonstrates a weak point of the local definition of a
black hole in terms of a trapping horizon.
"
704.2781,"Enhanced activity of massive black holes by stellar capture assisted by
  a self-gravitating accretion disc","  We study the probability of close encounters between stars from a nuclear
cluster and a massive black hole. The gravitational field of the system is
dominated by the black hole in its sphere of influence. It is further modified
by the cluster mean field (a spherical term) and a gaseous disc/torus (an
axially symmetric term) causing a secular evolution of stellar orbits via Kozai
oscillations. Intermittent phases of large eccentricity increase the chance
that stars become damaged inside the tidal radius of the central hole. Such
events can produce debris and lead to recurring episodes of enhanced accretion
activity. We introduce an effective loss cone and associate it with tidal
disruptions during the high-eccentricity phases of the Kozai cycle. By
numerical integration of the trajectories forming the boundary of the loss cone
we determine its shape and volume. We also include the effect of relativistic
advance of pericentre. The potential of the disc has the efffect of enlarging
the loss cone and, therefore, the predicted number of tidally disrupted stars
should grow by factor of ~10^2. On the other hand, the effect of the cluster
mean potential together with the relativistic pericentre advance act against
the eccentricity oscillations. In the end we expect the tidal disruption events
to be approximately ten times more frequent in comparison with the model in
which the three effects -- the cluster mean field, the relativistic pericentre
advance, and the Kozai mechanism -- are all ignored. The competition of
different influences suppresses the predicted star disruption rate as the black
hole mass increases. Hence, the process under consideration is more important
for intermediate-mass black holes, M_bh~10^4M_s.
",astro-ph,V. Karas; L. Subr,cluster; black; hole; loss; relativistic,9,"Enhanced activity of massive black holes by stellar capture assisted by
  a self-gravitating accretion disc   We study the probability of close encounters between stars from a nuclear
cluster and a massive black hole. The gravitational field of the system is
dominated by the black hole in its sphere of influence. It is further modified
by the cluster mean field (a spherical term) and a gaseous disc/torus (an
axially symmetric term) causing a secular evolution of stellar orbits via Kozai
oscillations. Intermittent phases of large eccentricity increase the chance
that stars become damaged inside the tidal radius of the central hole. Such
events can produce debris and lead to recurring episodes of enhanced accretion
activity. We introduce an effective loss cone and associate it with tidal
disruptions during the high-eccentricity phases of the Kozai cycle. By
numerical integration of the trajectories forming the boundary of the loss cone
we determine its shape and volume. We also include the effect of relativistic
advance of pericentre. The potential of the disc has the efffect of enlarging
the loss cone and, therefore, the predicted number of tidally disrupted stars
should grow by factor of ~10^2. On the other hand, the effect of the cluster
mean potential together with the relativistic pericentre advance act against
the eccentricity oscillations. In the end we expect the tidal disruption events
to be approximately ten times more frequent in comparison with the model in
which the three effects -- the cluster mean field, the relativistic pericentre
advance, and the Kozai mechanism -- are all ignored. The competition of
different influences suppresses the predicted star disruption rate as the black
hole mass increases. Hence, the process under consideration is more important
for intermediate-mass black holes, M_bh~10^4M_s.
"
704.2814,A Revised Generalized Kolmogorov-Sinai-like Entropy and Markov Shifts,"  The Kolmogorov-Sinai entropy in the sense of Tsallis under Bernoulli shifts
was obtained by Meson and Vericat [J. Math. Phys. 37, 4480(1996)]. In this
paper, we propose a revised generalized Kolmogorov-Sinai-q entropy under Markov
shifts. The form of this generalized entropy with factor q is nonextensive. The
new generalized entropy contains the classical Kolmogorov-Sinai entropy and
Renyi entropy as well as Bernoulli shifts as special cases. Applying the
generalized entropy we discuss its approximate behavior qualitatively, the
entropy rate and the sensitive value q^* of the nonextensive parameter q, which
may exit in the interval (-2,2) nearby where the generalized entropy return to
the classical K-S entropy.
",nlin.CD,Qiang Liu and Shou-Li Peng,entropy; generalized; classical; phys; nearby,9,"A Revised Generalized Kolmogorov-Sinai-like Entropy and Markov Shifts   The Kolmogorov-Sinai entropy in the sense of Tsallis under Bernoulli shifts
was obtained by Meson and Vericat [J. Math. Phys. 37, 4480(1996)]. In this
paper, we propose a revised generalized Kolmogorov-Sinai-q entropy under Markov
shifts. The form of this generalized entropy with factor q is nonextensive. The
new generalized entropy contains the classical Kolmogorov-Sinai entropy and
Renyi entropy as well as Bernoulli shifts as special cases. Applying the
generalized entropy we discuss its approximate behavior qualitatively, the
entropy rate and the sensitive value q^* of the nonextensive parameter q, which
may exit in the interval (-2,2) nearby where the generalized entropy return to
the classical K-S entropy.
"
704.282,Topology of HI in the Large Magellanic Cloud,"  We have analyzed the HI aperture synthesis image of the Large Magellanic
Cloud (LMC), using an objective and quantitative measure of topology to
understand the HI distribution hosting a number of holes and clumps of various
sizes in the medium. The HI distribution shows different topology at four
different chosen scales. At the smallest scales explored (19-29 pc), the HI
mass is distributed in such a way that numerous clumps are embedded on top of a
low density background. At the larger scales from 73 to 194 pc, it shows a
generic hole topology. These holes might have been formed mainly by stellar
winds from hot stars. At the scales from 240 to 340 pc, slightly above the disk
scale-height of the gaseous disk, major clumps in the HI map change the
distribution to have a slight clump topology. These clumps include the giant
cloud associations in the spiral arms and the thick filaments surrounding
superholes. At the largest scales studied (390-485 pc), the hole topology is
present again. Responsible to the hole topology at this scale are a few
superholes which seem mainly associated with supernova explosions in the outer
disk. The gaps between the bar and spiral arms have a minor effect on the
topology at this scale.
",astro-ph,S. Kim and C. Park,topology; scales; disk; hole; scale,9,"Topology of HI in the Large Magellanic Cloud   We have analyzed the HI aperture synthesis image of the Large Magellanic
Cloud (LMC), using an objective and quantitative measure of topology to
understand the HI distribution hosting a number of holes and clumps of various
sizes in the medium. The HI distribution shows different topology at four
different chosen scales. At the smallest scales explored (19-29 pc), the HI
mass is distributed in such a way that numerous clumps are embedded on top of a
low density background. At the larger scales from 73 to 194 pc, it shows a
generic hole topology. These holes might have been formed mainly by stellar
winds from hot stars. At the scales from 240 to 340 pc, slightly above the disk
scale-height of the gaseous disk, major clumps in the HI map change the
distribution to have a slight clump topology. These clumps include the giant
cloud associations in the spiral arms and the thick filaments surrounding
superholes. At the largest scales studied (390-485 pc), the hole topology is
present again. Responsible to the hole topology at this scale are a few
superholes which seem mainly associated with supernova explosions in the outer
disk. The gaps between the bar and spiral arms have a minor effect on the
topology at this scale.
"
704.2872,Hypervelocity stars and the environment of Sgr A*,"  Hypervelocity stars (HVSs) are a natural consequence of the presence of a
massive nuclear black hole (Sgr A*) in the Galactic Center. Here we use the
Brown et al. sample of unbound and bound HVSs together with numerical
simulations of the propagation of HVSs in the Milky Way halo to constrain three
plausible ejection mechanisms: 1) the scattering of stars bound to Sgr A* by an
inspiraling intermediate-mass black hole (IMBH); 2) the disruption of stellar
binaries in the tidal field of Sgr A*; and 3) the two-body scattering of stars
off a cluster of stellar-mass black holes orbiting Sgr A*. We compare the
predicted radial and velocity distributions of HVSs with the limited-statistics
dataset currently available, and show that the IMBH model appears to produce a
spectrum of ejection velocities that is too flat. Future astrometric and deep
wide-field surveys of HVSs should shed unambiguous light on the stellar
ejection mechanism and probe the Milky Way potential on scales as large as 200
kpc.
",astro-ph,A. Sesana; F. Haardt; P. Madau,stellar; black; stars; bound; hole,9,"Hypervelocity stars and the environment of Sgr A*   Hypervelocity stars (HVSs) are a natural consequence of the presence of a
massive nuclear black hole (Sgr A*) in the Galactic Center. Here we use the
Brown et al. sample of unbound and bound HVSs together with numerical
simulations of the propagation of HVSs in the Milky Way halo to constrain three
plausible ejection mechanisms: 1) the scattering of stars bound to Sgr A* by an
inspiraling intermediate-mass black hole (IMBH); 2) the disruption of stellar
binaries in the tidal field of Sgr A*; and 3) the two-body scattering of stars
off a cluster of stellar-mass black holes orbiting Sgr A*. We compare the
predicted radial and velocity distributions of HVSs with the limited-statistics
dataset currently available, and show that the IMBH model appears to produce a
spectrum of ejection velocities that is too flat. Future astrometric and deep
wide-field surveys of HVSs should shed unambiguous light on the stellar
ejection mechanism and probe the Milky Way potential on scales as large as 200
kpc.
"
704.2883,"A physicist's view of the notion of ""racism""","  It is not uncommon, e.g. in the media, that specific groups are categorized
as being racist. Based on an extensive dataset of intermarriage statistics our
study questions the legitimacy of such characterizations. It suggests that, far
from being group-dependent, segregation mechanisms are instead
situation-dependent. More precisely, the degree of integration of a minority in
terms of the frequency of intermarriage is seen to crucially depend upon the
the proportion p of the minority. Thus, a population may have a segregative
behavior with respect to a high-p (p>20%) minority A and at the same time a
tolerant attitude toward a low-p (p<2%) minority B. This remains true even when
A and B represent the same minority; for instance Black-White intermarriage is
much more frequent in Montana than it is in South Carolina. In short, the
nature of minority groups is largely irrelevant, the key factor being their
proportion in a given area.
",physics.soc-ph,Charles Jego; Bertrand M. Roehner,groups; dependent; white; statistics; area,9,"A physicist's view of the notion of ""racism""   It is not uncommon, e.g. in the media, that specific groups are categorized
as being racist. Based on an extensive dataset of intermarriage statistics our
study questions the legitimacy of such characterizations. It suggests that, far
from being group-dependent, segregation mechanisms are instead
situation-dependent. More precisely, the degree of integration of a minority in
terms of the frequency of intermarriage is seen to crucially depend upon the
the proportion p of the minority. Thus, a population may have a segregative
behavior with respect to a high-p (p>20%) minority A and at the same time a
tolerant attitude toward a low-p (p<2%) minority B. This remains true even when
A and B represent the same minority; for instance Black-White intermarriage is
much more frequent in Montana than it is in South Carolina. In short, the
nature of minority groups is largely irrelevant, the key factor being their
proportion in a given area.
"
704.3076,On the detectability of non-trivial topologies,"  We explore the main physical processes which potentially affect the
topological signal in the Cosmic Microwave Background (CMB) for a range of
toroidal universes. We consider specifically reionisation, the integrated
Sachs-Wolfe (ISW) effect, the size of the causal horizon, topological defects
and primordial gravitational waves. We use three estimators: the information
content, the S/N statistic and the Bayesian evidence. While reionisation has
nearly no effect on the estimators, we show that taking into account the ISW
strongly decreases our ability to detect the topological signal. We also study
the impact of varying the relevant cosmological parameters within the 2 sigma
ranges allowed by present data. We find that only Omega_Lambda, which
influences both ISW and the size of the causal horizon, significantly alters
the detection for all three estimators considered here.
",astro-ph,M. Kunz; N. Aghanim; A. Riazuelo and O. Forni,topological; horizon; signal; size; effect,9,"On the detectability of non-trivial topologies   We explore the main physical processes which potentially affect the
topological signal in the Cosmic Microwave Background (CMB) for a range of
toroidal universes. We consider specifically reionisation, the integrated
Sachs-Wolfe (ISW) effect, the size of the causal horizon, topological defects
and primordial gravitational waves. We use three estimators: the information
content, the S/N statistic and the Bayesian evidence. While reionisation has
nearly no effect on the estimators, we show that taking into account the ISW
strongly decreases our ability to detect the topological signal. We also study
the impact of varying the relevant cosmological parameters within the 2 sigma
ranges allowed by present data. We find that only Omega_Lambda, which
influences both ISW and the size of the causal horizon, significantly alters
the detection for all three estimators considered here.
"
704.3102,Geometrothermodynamics of black holes,"  The thermodynamics of black holes is reformulated within the context of the
recently developed formalism of geometrothermodynamics. This reformulation is
shown to be invariant with respect to Legendre transformations, and to allow
several equivalent representations. Legendre invariance allows us to explain a
series of contradictory results known in the literature from the use of
Weinhold's and Ruppeiner's thermodynamic metrics for black holes. For the
Reissner-Nordstr\""om black hole the geometry of the space of equilibrium states
is curved, showing a non trivial thermodynamic interaction, and the curvature
contains information about critical points and phase transitions. On the
contrary, for the Kerr black hole the geometry is flat and does not explain its
phase transition structure.
",gr-qc,Hernando Quevedo,black; holes; explain; geometry; hole,9,"Geometrothermodynamics of black holes   The thermodynamics of black holes is reformulated within the context of the
recently developed formalism of geometrothermodynamics. This reformulation is
shown to be invariant with respect to Legendre transformations, and to allow
several equivalent representations. Legendre invariance allows us to explain a
series of contradictory results known in the literature from the use of
Weinhold's and Ruppeiner's thermodynamic metrics for black holes. For the
Reissner-Nordstr\""om black hole the geometry of the space of equilibrium states
is curved, showing a non trivial thermodynamic interaction, and the curvature
contains information about critical points and phase transitions. On the
contrary, for the Kerr black hole the geometry is flat and does not explain its
phase transition structure.
"
704.3247,"The Growth of Black Holes and Their Host Spheroids in (Sub)mm-loud QSOs
  at High Redshift","  We study the growth of black holes and stellar population in spheroids at
high redshift using several (sub)mm-loud QSO samples. Applying the same
criteria established in an earlier work, we find that, similar to IR QSOs at
low redshift, the far-infrared emission of these (sub)mm-loud QSOs mainly
originates from dust heated by starbursts. By combining low-z IR QSOs and
high-z (sub)mm-loud QSOs, we find a trend that the star formation rate
($\Mstardot$) increases with the accretion rate ($\Mdot$). We compare the
values of $\Mstardot/\Mdot$ for submm emitting galaxies (SMGs), far-infrared
ultraluminous/hyperluminous QSOs and typical QSOs, and construct a likely
evolution scenario for these objects. The (sub)mm-loud QSO transition phase has
both high $\Mdot$ and $\Mstardot$ and hence is important for establishing the
correlation between the masses of black holes and spheroids.
",astro-ph,C.N. Hao; X.Y. Xia; S. Mao; Z.G. Deng; Hong Wu,sub; ir; holes; far; redshift,9,"The Growth of Black Holes and Their Host Spheroids in (Sub)mm-loud QSOs
  at High Redshift   We study the growth of black holes and stellar population in spheroids at
high redshift using several (sub)mm-loud QSO samples. Applying the same
criteria established in an earlier work, we find that, similar to IR QSOs at
low redshift, the far-infrared emission of these (sub)mm-loud QSOs mainly
originates from dust heated by starbursts. By combining low-z IR QSOs and
high-z (sub)mm-loud QSOs, we find a trend that the star formation rate
($\Mstardot$) increases with the accretion rate ($\Mdot$). We compare the
values of $\Mstardot/\Mdot$ for submm emitting galaxies (SMGs), far-infrared
ultraluminous/hyperluminous QSOs and typical QSOs, and construct a likely
evolution scenario for these objects. The (sub)mm-loud QSO transition phase has
both high $\Mdot$ and $\Mstardot$ and hence is important for establishing the
correlation between the masses of black holes and spheroids.
"
704.3294,AGN Variability Surveys: DASCH from BATSS to EXIST,"  Active galactic nuclei (AGN) are variable on a wide range of timescales,
though relatively few systematic variability surveys have been conducted.
Previous broad-band (both spectral and temporal) variability surveys of AGN are
limited in their temporal and spectral bandwidth, despite their promise for
probing the central engine and black hole mass. We outline optimal properties
for variability studies and provide a brief summary of three new variability
surveys, two (BATSS and DASCH) about to begin and the third (EXIST) possible
within the next decade, which will open new windows on the physics and
fundamental properties of AGN.
",astro-ph,Jonathan E. Grindlay,agn; spectral; properties; new; nuclei,9,"AGN Variability Surveys: DASCH from BATSS to EXIST   Active galactic nuclei (AGN) are variable on a wide range of timescales,
though relatively few systematic variability surveys have been conducted.
Previous broad-band (both spectral and temporal) variability surveys of AGN are
limited in their temporal and spectral bandwidth, despite their promise for
probing the central engine and black hole mass. We outline optimal properties
for variability studies and provide a brief summary of three new variability
surveys, two (BATSS and DASCH) about to begin and the third (EXIST) possible
within the next decade, which will open new windows on the physics and
fundamental properties of AGN.
"
704.3295,Cargese lectures on string theory with eight supercharges,"  These lectures give an introduction to the interrelated topics of Calabi-Yau
compactification of the type II string, black hole attractors, the all-orders
entropy formula, the dual (0,4) CFT, topological strings and the OSV
conjecture. Based on notes by MG of lectures by AS at the 2006 Cargese summer
school.
",hep-th,Monica Guica; Andrew Strominger,2006; dual; conjecture; topological; entropy,9,"Cargese lectures on string theory with eight supercharges   These lectures give an introduction to the interrelated topics of Calabi-Yau
compactification of the type II string, black hole attractors, the all-orders
entropy formula, the dual (0,4) CFT, topological strings and the OSV
conjecture. Based on notes by MG of lectures by AS at the 2006 Cargese summer
school.
"
704.3301,Looking beyond the horizon,"  In this short talk we review our results from the paper hep-th/0604075 with
the main stress on the issues of causality and acoustic metric in eikonal
approximation. In addition we correct the formula for the redshift of sound
signals from our original work. We show that, if there exists a special kind of
Born-Infeld type scalar field, then one can send information from inside a
black hole. This information is encoded in perturbations of the field
propagating in non-trivial scalar field backgrounds, which serve as a ""new
ether"". Although the action of the theory is manifestly Lorentz-invariant the
non-trivial solutions break this symmetry spontaneously, allowing, the
superluminal propagation of perturbations with respect to this ""new ether"". We
found the stationary solution for background, which describes the accretion of
the scalar field onto a black hole. Examining the propagation of small
perturbations around this solution we show that the signals emitted inside the
Schwarzschild horizon can reach an observer located outside the black hole.
Thus the accreting field forms a hydrodynamical analog of a black hole whose
horizon is inside of the gravitational black hole drawing in the scalar field.
",hep-th; astro-ph; gr-qc,Eugeny Babichev; Viatcheslav Mukhanov; Alexander Vikman,black; hole; scalar; field; perturbations,9,"Looking beyond the horizon   In this short talk we review our results from the paper hep-th/0604075 with
the main stress on the issues of causality and acoustic metric in eikonal
approximation. In addition we correct the formula for the redshift of sound
signals from our original work. We show that, if there exists a special kind of
Born-Infeld type scalar field, then one can send information from inside a
black hole. This information is encoded in perturbations of the field
propagating in non-trivial scalar field backgrounds, which serve as a ""new
ether"". Although the action of the theory is manifestly Lorentz-invariant the
non-trivial solutions break this symmetry spontaneously, allowing, the
superluminal propagation of perturbations with respect to this ""new ether"". We
found the stationary solution for background, which describes the accretion of
the scalar field onto a black hole. Examining the propagation of small
perturbations around this solution we show that the signals emitted inside the
Schwarzschild horizon can reach an observer located outside the black hole.
Thus the accreting field forms a hydrodynamical analog of a black hole whose
horizon is inside of the gravitational black hole drawing in the scalar field.
"
704.3333,The Low Frequency Sensitivity to Gravitational Waves for ASTROD,"  ASTROD is a relativity mission concept encompassing multi-purposes. One of
its main purposes is to detect gravitational waves sensitive to low-frequency
band similar to LISA, but shifted to lower frequencies. In this aspect, ASTROD
would complement LISA in probing the Universe and study strong-field black hole
physics. Since ASTROD will be after LISA, in the Cosmic Vision time-frame
2015-2025, a ten-fold improvement over LISA accelerometer noise goal would be
possible, allowing us to test relativistic gravity to 1 ppb and improve the
gravitational-wave sensitivity. In this paper, we address to this possible
improvement, especially in the frequency range below 0.1 mHz. We look into
possible thermal noise improvement, magnetic noise improvement, spurious
discharging noise improvement and local gravitational noise improvement. We
discuss various possibilities of lower-frequency gravitational-wave responses
and their significance to potential astrophysical sources.
",astro-ph,Antonio Pulido Paton; Wei-Tou Ni,noise; gravitational; frequency; possible; lower,9,"The Low Frequency Sensitivity to Gravitational Waves for ASTROD   ASTROD is a relativity mission concept encompassing multi-purposes. One of
its main purposes is to detect gravitational waves sensitive to low-frequency
band similar to LISA, but shifted to lower frequencies. In this aspect, ASTROD
would complement LISA in probing the Universe and study strong-field black hole
physics. Since ASTROD will be after LISA, in the Cosmic Vision time-frame
2015-2025, a ten-fold improvement over LISA accelerometer noise goal would be
possible, allowing us to test relativistic gravity to 1 ppb and improve the
gravitational-wave sensitivity. In this paper, we address to this possible
improvement, especially in the frequency range below 0.1 mHz. We look into
possible thermal noise improvement, magnetic noise improvement, spurious
discharging noise improvement and local gravitational noise improvement. We
discuss various possibilities of lower-frequency gravitational-wave responses
and their significance to potential astrophysical sources.
"
704.3368,"Search for gravitational waves from binary inspirals in S3 and S4 LIGO
  data","  We report on a search for gravitational waves from the coalescence of compact
binaries during the third and fourth LIGO science runs. The search focused on
gravitational waves generated during the inspiral phase of the binary
evolution. In our analysis, we considered three categories of compact binary
systems, ordered by mass: (i) primordial black hole binaries with masses in the
range 0.35 M(sun) < m1, m2 < 1.0 M(sun), (ii) binary neutron stars with masses
in the range 1.0 M(sun) < m1, m2 < 3.0 M(sun), and (iii) binary black holes
with masses in the range 3.0 M(sun)< m1, m2 < m_(max) with the additional
constraint m1+ m2 < m_(max), where m_(max) was set to 40.0 M(sun) and 80.0
M(sun) in the third and fourth science runs, respectively. Although the
detectors could probe to distances as far as tens of Mpc, no gravitational-wave
signals were identified in the 1364 hours of data we analyzed. Assuming a
binary population with a Gaussian distribution around 0.75-0.75 M(sun), 1.4-1.4
M(sun), and 5.0-5.0 M(sun), we derived 90%-confidence upper limit rates of 4.9
yr^(-1) L10^(-1) for primordial black hole binaries, 1.2 yr^(-1) L10^(-1) for
binary neutron stars, and 0.5 yr^(-1) L10^(-1) for stellar mass binary black
holes, where L10 is 10^(10) times the blue light luminosity of the Sun.
",gr-qc,LIGO Scientific Collaboration: B. Abbott; et al,binary; m_; black; gravitational; masses,9,"Search for gravitational waves from binary inspirals in S3 and S4 LIGO
  data   We report on a search for gravitational waves from the coalescence of compact
binaries during the third and fourth LIGO science runs. The search focused on
gravitational waves generated during the inspiral phase of the binary
evolution. In our analysis, we considered three categories of compact binary
systems, ordered by mass: (i) primordial black hole binaries with masses in the
range 0.35 M(sun) < m1, m2 < 1.0 M(sun), (ii) binary neutron stars with masses
in the range 1.0 M(sun) < m1, m2 < 3.0 M(sun), and (iii) binary black holes
with masses in the range 3.0 M(sun)< m1, m2 < m_(max) with the additional
constraint m1+ m2 < m_(max), where m_(max) was set to 40.0 M(sun) and 80.0
M(sun) in the third and fourth science runs, respectively. Although the
detectors could probe to distances as far as tens of Mpc, no gravitational-wave
signals were identified in the 1364 hours of data we analyzed. Assuming a
binary population with a Gaussian distribution around 0.75-0.75 M(sun), 1.4-1.4
M(sun), and 5.0-5.0 M(sun), we derived 90%-confidence upper limit rates of 4.9
yr^(-1) L10^(-1) for primordial black hole binaries, 1.2 yr^(-1) L10^(-1) for
binary neutron stars, and 0.5 yr^(-1) L10^(-1) for stellar mass binary black
holes, where L10 is 10^(10) times the blue light luminosity of the Sun.
"
704.3467,Second and higher-order quasi-normal modes in binary black hole mergers,"  Black hole (BH) oscillations known as quasi-normal modes (QNMs) are one of
the most important gravitational wave (GW) sources. We propose that higher
perturbative order of QNMs, generated by nonlinear gravitational interaction
near the BHs, are detectable and worth searching for in observations and
simulations of binary BH mergers. We calculate the metric perturbations to
second-order and explicitly regularize the master equation at the horizon and
spatial infinity. We find that the second-order QNMs have frequencies twice the
first-order ones and the GW amplitude is up to ~10% that of the first-order
one. The QNM frequency would also shift blueward up to ~1%. This provides a new
test of general relativity as well as a possible distance indicator.
",astro-ph; gr-qc,Kunihito Ioka; Hiroyuki Nakano,order; gravitational; second; horizon; perturbative,9,"Second and higher-order quasi-normal modes in binary black hole mergers   Black hole (BH) oscillations known as quasi-normal modes (QNMs) are one of
the most important gravitational wave (GW) sources. We propose that higher
perturbative order of QNMs, generated by nonlinear gravitational interaction
near the BHs, are detectable and worth searching for in observations and
simulations of binary BH mergers. We calculate the metric perturbations to
second-order and explicitly regularize the master equation at the horizon and
spatial infinity. We find that the second-order QNMs have frequencies twice the
first-order ones and the GW amplitude is up to ~10% that of the first-order
one. The QNM frequency would also shift blueward up to ~1%. This provides a new
test of general relativity as well as a possible distance indicator.
"
704.355,"Final spin of a coalescing black-hole binary: an Effective-One-Body
  approach","  We update the analytical estimate of the final spin of a coalescing
black-hole binary derived within the Effective-One-Body (EOB) approach. We
consider unequal-mass non-spinning black-hole binaries. It is found that a more
complete account of relevant physical effects (higher post-Newtonian accuracy,
ringdown losses) allows the {\it analytical} EOB estimate to `converge towards'
the recently obtained {\it numerical} results within 2%. This agreement
illustrates the ability of the EOB approach to capture the essential physics of
coalescing black-hole binaries. Our analytical approach allows one to estimate
the final spin of the black hole formed by coalescing binaries in a mass range
($\nu=m_1m_2/(m_1+m_2)^2 < 0.16 $) which is not presently covered by numerical
simulations.
",gr-qc,Thibault Damour; Alessandro Nagar,black; hole; analytical; estimate; approach,9,"Final spin of a coalescing black-hole binary: an Effective-One-Body
  approach   We update the analytical estimate of the final spin of a coalescing
black-hole binary derived within the Effective-One-Body (EOB) approach. We
consider unequal-mass non-spinning black-hole binaries. It is found that a more
complete account of relevant physical effects (higher post-Newtonian accuracy,
ringdown losses) allows the {\it analytical} EOB estimate to `converge towards'
the recently obtained {\it numerical} results within 2%. This agreement
illustrates the ability of the EOB approach to capture the essential physics of
coalescing black-hole binaries. Our analytical approach allows one to estimate
the final spin of the black hole formed by coalescing binaries in a mass range
($\nu=m_1m_2/(m_1+m_2)^2 < 0.16 $) which is not presently covered by numerical
simulations.
"
704.3618,Astrophysical Accretion as an Analogue Gravity Phenomena,"  In recent years, strong analogies have been established between the physics
of acoustic perturbations in an inhomogeneous dynamical fluid system, and some
kinematic features of space-time in general relativity. An effective metric,
referred to as the `acoustic metric', which describes the geometry of the
manifold in which acoustic perturbations propagate, can be constructed. This
effective geometry can capture the properties of curved space-time in general
relativity. Physical models constructed utilizing such analogies are called
`analogue gravity models'. Classical analogue gravity effect may be observed
when acoustic perturbations propagate through a inhomogeneous transonic
classical fluid. The acoustic horizon, which resembles a black hole event
horizon in many ways, is generated at the transonic point in the fluid flow.
The acoustic horizon is essentially a null hyper surface, generators of which
are the acoustic null geodesics, i.e. the phonons. The acoustic horizon emits
acoustic radiation with quasi thermal phonon spectra, which is analogous to the
actual Hawking radiation. The temperature of the radiation emitted from the
acoustic horizon is referred to as the analogue Hawking temperature.
  It has been demonstrated that, in general, the transonic accretion in
astrophysics can be considered as an example of the classical analogue gravity
model naturally found in the Universe.
",astro-ph; gr-qc,Tapas Kumar Das,horizon; perturbations; fluid; radiation; gravity,9,"Astrophysical Accretion as an Analogue Gravity Phenomena   In recent years, strong analogies have been established between the physics
of acoustic perturbations in an inhomogeneous dynamical fluid system, and some
kinematic features of space-time in general relativity. An effective metric,
referred to as the `acoustic metric', which describes the geometry of the
manifold in which acoustic perturbations propagate, can be constructed. This
effective geometry can capture the properties of curved space-time in general
relativity. Physical models constructed utilizing such analogies are called
`analogue gravity models'. Classical analogue gravity effect may be observed
when acoustic perturbations propagate through a inhomogeneous transonic
classical fluid. The acoustic horizon, which resembles a black hole event
horizon in many ways, is generated at the transonic point in the fluid flow.
The acoustic horizon is essentially a null hyper surface, generators of which
are the acoustic null geodesics, i.e. the phonons. The acoustic horizon emits
acoustic radiation with quasi thermal phonon spectra, which is analogous to the
actual Hawking radiation. The temperature of the radiation emitted from the
acoustic horizon is referred to as the analogue Hawking temperature.
  It has been demonstrated that, in general, the transonic accretion in
astrophysics can be considered as an example of the classical analogue gravity
model naturally found in the Universe.
"
704.3675,First proper motions of thin dust filaments at the Galactic Center,"  Context: L'-band (3.8 micron) images of the Galactic Center show a large
number of thin filaments in the mini-spiral, located west of the mini-cavity
and along the inner edge of the Northern Arm. One possible mechanism that could
produce such structures is the interaction of a central wind with the
mini-spiral. Additionally, we identify similar features that appear to be
associated with stars. Aims: We present the first proper motion measurements of
the thin dust filaments observed in the central parsec around SgrA* and
investigate possible mechanisms that could be responsible for the observed
motions. Methods: The observations have been carried out using the NACO
adaptive optics system at the ESO VLT. The images have been transformed to a
common coordinate system and features of interest were extracted. Then a
cross-correlation technique could be performed in order to determine the
offsets between the features with respect to their position in the reference
epoch. Results: We derive the proper motions of a number of filaments and 2
cometary shaped dusty sources close (in projection) to SgrA*. We show that the
shape and the motion of the filaments does not agree with a purely Keplerian
motion of the gas in the potential of the supermassive black hole at the
position of SgrA*. Therefore, additional mechanisms must be responsible for
their formation and motion. We argue that the properties of the filaments are
probably related to an outflow from the disk of young mass-losing stars around
SgrA*. In part, the outflow may originate from the black hole itself. We also
present some evidence and theoretical considerations that the outflow may be
collimated.
",astro-ph,K. Muzic; A. Eckart; R. Schoedel; L. Meyer; A. Zensus,motion; features; proper; position; images,9,"First proper motions of thin dust filaments at the Galactic Center   Context: L'-band (3.8 micron) images of the Galactic Center show a large
number of thin filaments in the mini-spiral, located west of the mini-cavity
and along the inner edge of the Northern Arm. One possible mechanism that could
produce such structures is the interaction of a central wind with the
mini-spiral. Additionally, we identify similar features that appear to be
associated with stars. Aims: We present the first proper motion measurements of
the thin dust filaments observed in the central parsec around SgrA* and
investigate possible mechanisms that could be responsible for the observed
motions. Methods: The observations have been carried out using the NACO
adaptive optics system at the ESO VLT. The images have been transformed to a
common coordinate system and features of interest were extracted. Then a
cross-correlation technique could be performed in order to determine the
offsets between the features with respect to their position in the reference
epoch. Results: We derive the proper motions of a number of filaments and 2
cometary shaped dusty sources close (in projection) to SgrA*. We show that the
shape and the motion of the filaments does not agree with a purely Keplerian
motion of the gas in the potential of the supermassive black hole at the
position of SgrA*. Therefore, additional mechanisms must be responsible for
their formation and motion. We argue that the properties of the filaments are
probably related to an outflow from the disk of young mass-losing stars around
SgrA*. In part, the outflow may originate from the black hole itself. We also
present some evidence and theoretical considerations that the outflow may be
collimated.
"
704.3681,"Critical properties of spherically symmetric accretion in a fractal
  medium","  Spherically symmetric transonic accretion of a fractal medium has been
studied in both the stationary and the dynamic regimes. The stationary
transonic solution is greatly sensitive to infinitesimal deviations in the
outer boundary condition, but the flow becomes transonic and stable, when its
evolution is followed through time. The evolution towards transonicity is more
pronounced for a fractal medium than what is it for a continuum. The dynamic
approach also shows that there is a remarkable closeness between an equation of
motion for a perturbation in the flow, and the metric of an analogue acoustic
black hole. The stationary inflow solutions of a fractal medium are as much
stable under the influence of linearised perturbations, as they are for the
fluid continuum.
",astro-ph,Nirupam Roy; Arnab K. Ray,stationary; medium; dynamic; continuum; flow,9,"Critical properties of spherically symmetric accretion in a fractal
  medium   Spherically symmetric transonic accretion of a fractal medium has been
studied in both the stationary and the dynamic regimes. The stationary
transonic solution is greatly sensitive to infinitesimal deviations in the
outer boundary condition, but the flow becomes transonic and stable, when its
evolution is followed through time. The evolution towards transonicity is more
pronounced for a fractal medium than what is it for a continuum. The dynamic
approach also shows that there is a remarkable closeness between an equation of
motion for a perturbation in the flow, and the metric of an analogue acoustic
black hole. The stationary inflow solutions of a fractal medium are as much
stable under the influence of linearised perturbations, as they are for the
fluid continuum.
"
704.3728,Quantum Effects in Black Holes from the Schwarzschild Black String?,"  The holographic conjecture for black holes localized on a 3-brane in
Randall-Sundrum braneworld models RS2 predicts the existence of a classical 5D
time dependent solution dual to a 4D evaporating black hole. After briefly
reviewing recent criticism and presenting some difficulties in the holographic
interpretation of the Gregory-Laflamme instability, we simulate some basic
features of such a solution by studying null geodesics of the Schwarzschild
black string, in particular those propagating nontrivially in the bulk, and
using holographic arguments.
",hep-th; gr-qc,Alessandro Fabbri; Giovanni Paolo Procopio,black; solution; brane; instability; dual,9,"Quantum Effects in Black Holes from the Schwarzschild Black String?   The holographic conjecture for black holes localized on a 3-brane in
Randall-Sundrum braneworld models RS2 predicts the existence of a classical 5D
time dependent solution dual to a 4D evaporating black hole. After briefly
reviewing recent criticism and presenting some difficulties in the holographic
interpretation of the Gregory-Laflamme instability, we simulate some basic
features of such a solution by studying null geodesics of the Schwarzschild
black string, in particular those propagating nontrivially in the bulk, and
using holographic arguments.
"
704.3764,Phenomenological template family for black-hole coalescence waveforms,"  Recent progress in numerical relativity has enabled us to model the
non-perturbative merger phase of the binary black-hole coalescence problem.
Based on these results, we propose a phenomenological family of waveforms which
can model the inspiral, merger, and ring-down stages of black hole coalescence.
We also construct a template bank using this family of waveforms and discuss
its implementation in the search for signatures of gravitational waves produced
by black-hole coalescences in the data of ground-based interferometers. This
template bank might enable us to extend the present inspiral searches to
higher-mass binary black-hole systems, i.e., systems with total mass greater
than about 80 solar masses, thereby increasing the reach of the current
generation of ground-based detectors.
",gr-qc; astro-ph,"P. Ajith; S. Babak; Y. Chen; M. Hewitson; B. Krishnan; J. T. Whelan; B. Bruegmann; P. Diener; J. Gonzalez; M. Hannam; S. Husa; M. Koppitz; D.
  Pollney; L. Rezzolla; L. Santamaria; A. M. Sintes; U. Sperhake and J.
  Thornburg",black; hole; family; binary; ground,9,"Phenomenological template family for black-hole coalescence waveforms   Recent progress in numerical relativity has enabled us to model the
non-perturbative merger phase of the binary black-hole coalescence problem.
Based on these results, we propose a phenomenological family of waveforms which
can model the inspiral, merger, and ring-down stages of black hole coalescence.
We also construct a template bank using this family of waveforms and discuss
its implementation in the search for signatures of gravitational waves produced
by black-hole coalescences in the data of ground-based interferometers. This
template bank might enable us to extend the present inspiral searches to
higher-mass binary black-hole systems, i.e., systems with total mass greater
than about 80 solar masses, thereby increasing the reach of the current
generation of ground-based detectors.
"
704.3784,"Scalar-tensor black holes coupled to Born-Infeld nonlinear
  electrodynamics","  The non-existence of asymptotically flat, neutral black holes and
asymptotically flat, charged black holes in the Maxwell electrodynamics, with
non-trivial scalar field has been proved for a large class of scalar-tensor
theories. The no-scalar-hair theorems, however, do not apply in the case of
non-linear electrodynamics. In the present work numerical solutions describing
charged black holes coupled to Born-Infeld type non-linear electrodynamics in
scalar-tensor theories of gravity with massless scalar field are found. The
causal structure and properties of the solutions are studied, and a comparison
between these solutions and the corresponding solutions in the General
Relativity is made. The presence of the scalar field leads to a much more
simple causal structure. The present class of black holes has a single,
non-degenerate horizon, i.e., its causal structure resembles that of the
Schwarzschild black hole.
",gr-qc,Ivan Zh. Stefanov; Stoytcho S. Yazadjiev; Michail D. Todorov,scalar; black; holes; solutions; non,9,"Scalar-tensor black holes coupled to Born-Infeld nonlinear
  electrodynamics   The non-existence of asymptotically flat, neutral black holes and
asymptotically flat, charged black holes in the Maxwell electrodynamics, with
non-trivial scalar field has been proved for a large class of scalar-tensor
theories. The no-scalar-hair theorems, however, do not apply in the case of
non-linear electrodynamics. In the present work numerical solutions describing
charged black holes coupled to Born-Infeld type non-linear electrodynamics in
scalar-tensor theories of gravity with massless scalar field are found. The
causal structure and properties of the solutions are studied, and a comparison
between these solutions and the corresponding solutions in the General
Relativity is made. The presence of the scalar field leads to a much more
simple causal structure. The present class of black holes has a single,
non-degenerate horizon, i.e., its causal structure resembles that of the
Schwarzschild black hole.
"
704.3941,Bimodal AGNs in Bimodal Galaxies,"  By their star content, the galaxies split out into a red and a blue
population; their color index peaked around u-r=2.5 or u-r=1, respectively,
quantifies the ratio of the blue stars newly formed from cold galactic gas, to
the redder ones left over by past generations. On the other hand, upon
accreting substantial gas amounts the central massive black holes energize
active galactic nuclei (AGNs); here we investigate whether these show a
similar, and possibly related, bimodal partition as for current accretion
activity relative to the past. To this aim we use an updated semianalytic
model; based on Monte Carlo simulations, this follows with a large statistics
the galaxy assemblage, the star generations and the black hole accretions in
the cosmological framework over the redshift span from z=10 to z=0. We test our
simulations for yielding in close detail the observed split of galaxies into a
red, early and a blue, late population. We find that the black hole accretion
activities likewise give rise to two source populations: early, bright quasars
and later, dimmer AGNs. We predict for their Eddington parameter $\lambda_E$ --
the ratio of the current to the past black hole accretions -- a bimodal
distribution; the two branches sit now under $\lambda_E \approx 0.01$ (mainly
contributed by low-luminosity AGNs) and around $\lambda_E \approx 0.3-1$. These
not only mark out the two populations of AGNs, but also will turn out to
correlate strongly with the red or blue color of their host galaxies.
",astro-ph,"A. Cavaliere (1); N. Menci (2) ((1) Dip. Fisica Universita' di Roma
  ''Tor Vergata''; (2) INAF - Osservatorio Astronomico di Roma)",black; red; galaxies; hole; color,9,"Bimodal AGNs in Bimodal Galaxies   By their star content, the galaxies split out into a red and a blue
population; their color index peaked around u-r=2.5 or u-r=1, respectively,
quantifies the ratio of the blue stars newly formed from cold galactic gas, to
the redder ones left over by past generations. On the other hand, upon
accreting substantial gas amounts the central massive black holes energize
active galactic nuclei (AGNs); here we investigate whether these show a
similar, and possibly related, bimodal partition as for current accretion
activity relative to the past. To this aim we use an updated semianalytic
model; based on Monte Carlo simulations, this follows with a large statistics
the galaxy assemblage, the star generations and the black hole accretions in
the cosmological framework over the redshift span from z=10 to z=0. We test our
simulations for yielding in close detail the observed split of galaxies into a
red, early and a blue, late population. We find that the black hole accretion
activities likewise give rise to two source populations: early, bright quasars
and later, dimmer AGNs. We predict for their Eddington parameter $\lambda_E$ --
the ratio of the current to the past black hole accretions -- a bimodal
distribution; the two branches sit now under $\lambda_E \approx 0.01$ (mainly
contributed by low-luminosity AGNs) and around $\lambda_E \approx 0.3-1$. These
not only mark out the two populations of AGNs, but also will turn out to
correlate strongly with the red or blue color of their host galaxies.
"
704.3963,"Non-monotonic orbital velocity profiles around rapidly rotating
  Kerr-(anti-)de Sitter black holes","  It has been recently demonstrated that the orbital velocity profile around
Kerr black holes in the equatorial plane as observed in the locally
non-rotating frame exhibits a non-monotonic radial behaviour. We show here that
this unexpected minimum-maximum feature of the orbital velocity remains if the
Kerr vacuum is generalized to the Kerr-de Sitter or Kerr-anti-de Sitter metric.
This is a new general relativity effect in Kerr spacetimes with non-vanishing
cosmological constant. Assuming that the profile of the orbital velocity is
known, this effect constrains the spacetime parameters.
",gr-qc; astro-ph,Andreas Mueller and Bernd Aschenbach,orbital; velocity; profile; non; effect,9,"Non-monotonic orbital velocity profiles around rapidly rotating
  Kerr-(anti-)de Sitter black holes   It has been recently demonstrated that the orbital velocity profile around
Kerr black holes in the equatorial plane as observed in the locally
non-rotating frame exhibits a non-monotonic radial behaviour. We show here that
this unexpected minimum-maximum feature of the orbital velocity remains if the
Kerr vacuum is generalized to the Kerr-de Sitter or Kerr-anti-de Sitter metric.
This is a new general relativity effect in Kerr spacetimes with non-vanishing
cosmological constant. Assuming that the profile of the orbital velocity is
known, this effect constrains the spacetime parameters.
"
705.0014,Galactic X-ray binary jets,"  With their relatively fast variability time-scales, Galactic X-ray binaries
provide an excellent laboratory to explore the physics of accretion and related
phenomena, most notably outflows, over different regimes. After comparing the
phenomenology of jets in black hole X-ray binary systems to that of neutron
stars, here I discuss the role of the jet at very low Eddington ratios, and
present preliminary results obtained by fitting the broadband spectral energy
distribution of a quiescent black hole binary with a `maximally jet-dominated'
model.
",astro-ph,Elena Gallo (UCSB),jet; binary; black; hole; ray,9,"Galactic X-ray binary jets   With their relatively fast variability time-scales, Galactic X-ray binaries
provide an excellent laboratory to explore the physics of accretion and related
phenomena, most notably outflows, over different regimes. After comparing the
phenomenology of jets in black hole X-ray binary systems to that of neutron
stars, here I discuss the role of the jet at very low Eddington ratios, and
present preliminary results obtained by fitting the broadband spectral energy
distribution of a quiescent black hole binary with a `maximally jet-dominated'
model.
"
705.0016,A Covariant Holographic Entanglement Entropy Proposal,"  With an aim towards understanding the time-dependence of entanglement entropy
in generic quantum field theories, we propose a covariant generalization of the
holographic entanglement entropy proposal of hep-th/0603001. Apart from
providing several examples of possible covariant generalizations, we study a
particular construction based on light-sheets, motivated in similar spirit to
the covariant entropy bound underlying the holographic principle. In
particular, we argue that the entanglement entropy associated with a specified
region on the boundary in the context of the AdS/CFT correspondence is given by
the area of a co-dimension two bulk surface with vanishing expansions of null
geodesics. We demonstrate our construction with several examples to illustrate
its reduction to the holographic entanglement entropy proposal in static
spacetimes. We further show how this proposal may be used to understand the
time evolution of entanglement entropy in a time varying QFT state dual to a
collapsing black hole background. Finally, we use our proposal to argue that
the Euclidean wormhole geometries with multiple boundaries should be regarded
as states in a non-interacting but entangled set of QFTs, one associated to
each boundary.
",hep-th; cond-mat.stat-mech; gr-qc,Veronika E. Hubeny; Mukund Rangamani; Tadashi Takayanagi,entropy; entanglement; argue; construction; examples,9,"A Covariant Holographic Entanglement Entropy Proposal   With an aim towards understanding the time-dependence of entanglement entropy
in generic quantum field theories, we propose a covariant generalization of the
holographic entanglement entropy proposal of hep-th/0603001. Apart from
providing several examples of possible covariant generalizations, we study a
particular construction based on light-sheets, motivated in similar spirit to
the covariant entropy bound underlying the holographic principle. In
particular, we argue that the entanglement entropy associated with a specified
region on the boundary in the context of the AdS/CFT correspondence is given by
the area of a co-dimension two bulk surface with vanishing expansions of null
geodesics. We demonstrate our construction with several examples to illustrate
its reduction to the holographic entanglement entropy proposal in static
spacetimes. We further show how this proposal may be used to understand the
time evolution of entanglement entropy in a time varying QFT state dual to a
collapsing black hole background. Finally, we use our proposal to argue that
the Euclidean wormhole geometries with multiple boundaries should be regarded
as states in a non-interacting but entangled set of QFTs, one associated to
each boundary.
"
705.003,"High Frequency QPOs in Neutron Stars and Black Holes: Probing Dense
  Matter and Strong Gravitational Fields","  Quasi-periodic oscillations (QPOs) have been discovered in the X-ray emission
of many neutron stars and black holes. The QPOs with frequencies greater than
about 300 Hz are thought to be produced near the surfaces of neutron stars and
the event horizons of black holes. I first summarize some of the most important
properties of the QPOs seen in neutron star and black hole systems. I then
review some of the models that have been proposed and compare them with
observational data. Finally, I describe how these QPOs can be used to determine
the properties of dense matter and strong gravitational fields.
",astro-ph,Frederick K. Lamb,neutron; black; holes; stars; properties,9,"High Frequency QPOs in Neutron Stars and Black Holes: Probing Dense
  Matter and Strong Gravitational Fields   Quasi-periodic oscillations (QPOs) have been discovered in the X-ray emission
of many neutron stars and black holes. The QPOs with frequencies greater than
about 300 Hz are thought to be produced near the surfaces of neutron stars and
the event horizons of black holes. I first summarize some of the most important
properties of the QPOs seen in neutron star and black hole systems. I then
review some of the models that have been proposed and compare them with
observational data. Finally, I describe how these QPOs can be used to determine
the properties of dense matter and strong gravitational fields.
"
705.0042,Enumeration of Point-Determining Graphs,"  Point-determining graphs are graphs in which no two vertices have the same
neighborhoods, co-point-determining graphs are those whose complements are
point-determining, and bi-point-determining graphs are those both
point-determining and co-point-determining. Bicolored point-determining graphs
are point-determining graphs whose vertices are properly colored with white and
black. We use the combinatorial theory of species to enumerate these graphs as
well as the connected cases.
",math.CO,Ira Gessel and Ji Li,graphs; point; white; connected; black,9,"Enumeration of Point-Determining Graphs   Point-determining graphs are graphs in which no two vertices have the same
neighborhoods, co-point-determining graphs are those whose complements are
point-determining, and bi-point-determining graphs are those both
point-determining and co-point-determining. Bicolored point-determining graphs
are point-determining graphs whose vertices are properly colored with white and
black. We use the combinatorial theory of species to enumerate these graphs as
well as the connected cases.
"
705.0048,"Horizon-Penetrating Transonic Accretion Disks around Rotating Black
  Holes","  The stationary hydrodynamic equations for the transonic accretion disks and
flows around rotating black holes are presented by using the Kerr-Schild
coordinate where there is no coordinate singularity at the event horizon. We
use two types of the causal viscosity prescription, and the boundary conditions
for the transonic accretion flows are given at the sonic point. For one type of
the causal viscosity prescription we also add the boundary conditions at the
viscous point where the accreting radial velocity is nearly equal to the
viscous diffusion velocity. Based on the formalism for the transonic accretion
disks, after we present the calculation method of the transonic solutions, the
horizon-penetrating transonic solutions which smoothly pass the event horizon
are calculated for several types of the accretion flow models: the ideal
isothermal flows, the ideal and the viscous polytropic flows, the advection
dominated accretion flows (ADAFs) with the relativistic equation of state, the
adiabatic accretion disks, the standard accretion disks, the supercritical
accretion disks. These solutions are obtained for both non-rotating and
rotating black holes. The calculated accretion flows plunge into black hole
with finite three velocity smaller than the speed of light even at the event
horizon or inside the horizon, and the angular velocities of the accretion flow
at the horizon are generally different from the angular velocity of the
frame-dragging due to the black hole's rotation. These features contrast to the
results obtained by using the Boyer-Lindquist coordinate with the coordinate
singularity at the horizon.
",astro-ph,Rohta Takahashi,accretion; horizon; disks; black; velocity,9,"Horizon-Penetrating Transonic Accretion Disks around Rotating Black
  Holes   The stationary hydrodynamic equations for the transonic accretion disks and
flows around rotating black holes are presented by using the Kerr-Schild
coordinate where there is no coordinate singularity at the event horizon. We
use two types of the causal viscosity prescription, and the boundary conditions
for the transonic accretion flows are given at the sonic point. For one type of
the causal viscosity prescription we also add the boundary conditions at the
viscous point where the accreting radial velocity is nearly equal to the
viscous diffusion velocity. Based on the formalism for the transonic accretion
disks, after we present the calculation method of the transonic solutions, the
horizon-penetrating transonic solutions which smoothly pass the event horizon
are calculated for several types of the accretion flow models: the ideal
isothermal flows, the ideal and the viscous polytropic flows, the advection
dominated accretion flows (ADAFs) with the relativistic equation of state, the
adiabatic accretion disks, the standard accretion disks, the supercritical
accretion disks. These solutions are obtained for both non-rotating and
rotating black holes. The calculated accretion flows plunge into black hole
with finite three velocity smaller than the speed of light even at the event
horizon or inside the horizon, and the angular velocities of the accretion flow
at the horizon are generally different from the angular velocity of the
frame-dragging due to the black hole's rotation. These features contrast to the
results obtained by using the Boyer-Lindquist coordinate with the coordinate
singularity at the horizon.
"
705.0147,"G\""odel Incompleteness and the Black Hole Information Paradox","  Semiclassical reasoning suggests that the process by which an object
collapses into a black hole and then evaporates by emitting Hawking radiation
may destroy information, a problem often referred to as the black hole
information paradox. Further, there seems to be no unique prediction of where
the information about the collapsing body is localized. We propose that the
latter aspect of the paradox may be a manifestation of an inconsistent
self-reference in the semiclassical theory of black hole evolution. This
suggests the inadequacy of the semiclassical approach or, at worst, that
standard quantum mechanics and general relavity are fundamentally incompatible.
One option for the resolution for the paradox in the localization is to
identify the G\""odel-like incompleteness that corresponds to an imposition of
consistency, and introduce possibly new physics that supplies this
incompleteness. Another option is to modify the theory in such a way as to
prohibit self-reference. We discuss various possible scenarios to implement
these options, including eternally collapsing objects, black hole remnants,
black hole final states, and simple variants of semiclassical quantum gravity.
",quant-ph; gr-qc; hep-th,R. Srikanth and Srikanth Hebri,black; hole; information; suggests; self,9,"G\""odel Incompleteness and the Black Hole Information Paradox   Semiclassical reasoning suggests that the process by which an object
collapses into a black hole and then evaporates by emitting Hawking radiation
may destroy information, a problem often referred to as the black hole
information paradox. Further, there seems to be no unique prediction of where
the information about the collapsing body is localized. We propose that the
latter aspect of the paradox may be a manifestation of an inconsistent
self-reference in the semiclassical theory of black hole evolution. This
suggests the inadequacy of the semiclassical approach or, at worst, that
standard quantum mechanics and general relavity are fundamentally incompatible.
One option for the resolution for the paradox in the localization is to
identify the G\""odel-like incompleteness that corresponds to an imposition of
consistency, and introduce possibly new physics that supplies this
incompleteness. Another option is to modify the theory in such a way as to
prohibit self-reference. We discuss various possible scenarios to implement
these options, including eternally collapsing objects, black hole remnants,
black hole final states, and simple variants of semiclassical quantum gravity.
"
705.0159,Numerical metric extraction in AdS/CFT,"  An iterative method for recovering the bulk information in asymptotically AdS
spacetimes is presented. We consider zero energy spacelike geodesics and their
relation to the entanglement entropy in three dimensions to determine the
metric in certain symmetric cases. A number of comparisons are made with an
alternative extraction method presented in arXiv:hep-th/0609202, and the two
methods are then combined to allow metric recovery in the most general type of
static, spherically symmetric setups. We conclude by extracting the mass and
density profiles for a toy model example of a gas of radiation in
(2+1)-dimensional AdS.
",hep-th; gr-qc,John Hammersley,metric; symmetric; presented; method; profiles,9,"Numerical metric extraction in AdS/CFT   An iterative method for recovering the bulk information in asymptotically AdS
spacetimes is presented. We consider zero energy spacelike geodesics and their
relation to the entanglement entropy in three dimensions to determine the
metric in certain symmetric cases. A number of comparisons are made with an
alternative extraction method presented in arXiv:hep-th/0609202, and the two
methods are then combined to allow metric recovery in the most general type of
static, spherically symmetric setups. We conclude by extracting the mass and
density profiles for a toy model example of a gas of radiation in
(2+1)-dimensional AdS.
"
705.0246,"Strong deflection limit of black hole gravitational lensing with
  arbitrary source distances","  The gravitational field of supermassive black holes is able to strongly bend
light rays emitted by nearby sources. When the deflection angle exceeds $\pi$,
gravitational lensing can be analytically approximated by the so-called strong
deflection limit. In this paper we remove the conventional assumption of
sources very far from the black hole, considering the distance of the source as
an additional parameter in the lensing problem to be treated exactly. We find
expressions for critical curves, caustics and all lensing observables valid for
any position of the source up to the horizon. After analyzing the spherically
symmetric case we focus on the Kerr black hole, for which we present an
analytical 3-dimensional description of the higher order caustic tubes.
",gr-qc; astro-ph,V. Bozza; G. Scarpetta,black; gravitational; sources; hole; source,9,"Strong deflection limit of black hole gravitational lensing with
  arbitrary source distances   The gravitational field of supermassive black holes is able to strongly bend
light rays emitted by nearby sources. When the deflection angle exceeds $\pi$,
gravitational lensing can be analytically approximated by the so-called strong
deflection limit. In this paper we remove the conventional assumption of
sources very far from the black hole, considering the distance of the source as
an additional parameter in the lensing problem to be treated exactly. We find
expressions for critical curves, caustics and all lensing observables valid for
any position of the source up to the horizon. After analyzing the spherically
symmetric case we focus on the Kerr black hole, for which we present an
analytical 3-dimensional description of the higher order caustic tubes.
"
705.0265,Hawking Radiation from Non-Extremal D1-D5 Black Hole via Anomalies,"  We take the method of anomaly cancellation for the derivation of Hawking
radiation initiated by Robinson and Wilczek, and apply it to the non-extremal
five-dimensional D1-D5 black hole in string theory. The fluxes of the electric
charge flow and the energy-momentum tensor from the black hole are obtained.
They are shown to match exactly with those of the two-dimensional black body
radiation at the Hawking temperature.
",hep-th,Hyeonjoon Shin; Wontae Kim,black; radiation; hole; dimensional; exactly,9,"Hawking Radiation from Non-Extremal D1-D5 Black Hole via Anomalies   We take the method of anomaly cancellation for the derivation of Hawking
radiation initiated by Robinson and Wilczek, and apply it to the non-extremal
five-dimensional D1-D5 black hole in string theory. The fluxes of the electric
charge flow and the energy-momentum tensor from the black hole are obtained.
They are shown to match exactly with those of the two-dimensional black body
radiation at the Hawking temperature.
"
705.0299,Charge transfer mechanism and Tc(x) dependence in Y0.8(Ca)0.2Ba2Cu3O6+x,"  We propose a model for charge transfer mechanism in Y0.8(Ca)0.2Ba2Cu3O6+x to
count hole doping of CuO2 planes and x dependence of critical transition
temperature T_c. It is assumed the total number of doped holes in the planes is
sum of holes that are introduced through two separate channels: substitution of
Y3+ by Ca2+ and from CuO chains that are longer than a minimal (critical)
length l_min needed for charge transfer to take place. The T_c(x) dependence is
obtained by combining calculated x dependence of doping, p(x), and universal
T_c versus p relation. Although calculated T_c(x) dependences for l_min=3 and
l_min=4 both remarkably correlate to the experimental T_c(x), we argue that the
value l_min=4 gives a reasonable overall agreement.
",cond-mat.supr-con,V. M. Matic; N. Dj. Lazarov and I. M. Bradaric,dependence; transfer; holes; charge; calculated,9,"Charge transfer mechanism and Tc(x) dependence in Y0.8(Ca)0.2Ba2Cu3O6+x   We propose a model for charge transfer mechanism in Y0.8(Ca)0.2Ba2Cu3O6+x to
count hole doping of CuO2 planes and x dependence of critical transition
temperature T_c. It is assumed the total number of doped holes in the planes is
sum of holes that are introduced through two separate channels: substitution of
Y3+ by Ca2+ and from CuO chains that are longer than a minimal (critical)
length l_min needed for charge transfer to take place. The T_c(x) dependence is
obtained by combining calculated x dependence of doping, p(x), and universal
T_c versus p relation. Although calculated T_c(x) dependences for l_min=3 and
l_min=4 both remarkably correlate to the experimental T_c(x), we argue that the
value l_min=4 gives a reasonable overall agreement.
"
705.0307,"Mass and Free energy in Thermodynamics of Squashed Kaluza-Klein Black
  Holes","  The Abbott-Deser mass, the Hamiltonian and the Komar mass of the
5-dimensional Kaluza-Klein black hole with squashed horizons take different
values. Introducing a new couple of thermodynamic variables for the Komar mass,
we show that each mass can be interpreted as a thermodynamic potential with its
own natural variables, i.e. all masses are related to each other by the
Legendre transformations. It is found that the new variables and the
gravitational tension represent the squashing of the outer horizon.
",hep-th; gr-qc,Yasunari Kurita; Hideki Ishihara,variables; mass; new; horizon; natural,9,"Mass and Free energy in Thermodynamics of Squashed Kaluza-Klein Black
  Holes   The Abbott-Deser mass, the Hamiltonian and the Komar mass of the
5-dimensional Kaluza-Klein black hole with squashed horizons take different
values. Introducing a new couple of thermodynamic variables for the Komar mass,
we show that each mass can be interpreted as a thermodynamic potential with its
own natural variables, i.e. all masses are related to each other by the
Legendre transformations. It is found that the new variables and the
gravitational tension represent the squashing of the outer horizon.
"
705.0373,Black Hole Giants,"  We investigate giant and dual giant type BPS configurations in the
near-horizon geometry of a certain 1/16-BPS AdS_5 black hole. By quantising the
space of solutions we count the dual giant configurations and compare with the
black hole entropy. This suggests a missing degeneracy factor which we argue
comes from an angular momentum quantum number. From the D-brane world volume
this arises from BPS electromagnetic waves. We study these waves in the context
of giants and dual giants in the black hole near-horizon geometry. We further
demonstrate that turning on waves on the world-volume of 1/8-BPS dual giants in
AdS_5 x S^5 leads to 1/16-BPS states with an additional angular momentum
quantum number.
",hep-th,Aninda Sinha; Julian Sonner,dual; giant; waves; black; hole,9,"Black Hole Giants   We investigate giant and dual giant type BPS configurations in the
near-horizon geometry of a certain 1/16-BPS AdS_5 black hole. By quantising the
space of solutions we count the dual giant configurations and compare with the
black hole entropy. This suggests a missing degeneracy factor which we argue
comes from an angular momentum quantum number. From the D-brane world volume
this arises from BPS electromagnetic waves. We study these waves in the context
of giants and dual giants in the black hole near-horizon geometry. We further
demonstrate that turning on waves on the world-volume of 1/8-BPS dual giants in
AdS_5 x S^5 leads to 1/16-BPS states with an additional angular momentum
quantum number.
"
705.0408,How Black Holes Form in High Energy Collisions,"  We elucidate how black holes form in trans-Planckian collisions. In the rest
frame of one of the incident particles, the gravitational field of the other,
which is rapidly moving, looks like a gravitational shock wave. The shock wave
focuses the target particle down to a much smaller impact parameter. In turn,
the gravitational field of the target particle captures the projectile when the
resultant impact parameter is smaller than its own Schwarzschild radius,
forming a black hole. One can deduce this by referring to the original argument
of escape velocities exceeding the speed of light, which Michell and Laplace
used to discover the existence of black holes.
",hep-th; astro-ph; gr-qc; hep-ph,Nemanja Kaloper; John Terning,gravitational; black; shock; target; impact,9,"How Black Holes Form in High Energy Collisions   We elucidate how black holes form in trans-Planckian collisions. In the rest
frame of one of the incident particles, the gravitational field of the other,
which is rapidly moving, looks like a gravitational shock wave. The shock wave
focuses the target particle down to a much smaller impact parameter. In turn,
the gravitational field of the target particle captures the projectile when the
resultant impact parameter is smaller than its own Schwarzschild radius,
forming a black hole. One can deduce this by referring to the original argument
of escape velocities exceeding the speed of light, which Michell and Laplace
used to discover the existence of black holes.
"
705.0444,On Black Hole Remnants,"  We introduce two models for a planck scale black hole remnant (Planckon),
which can hold arbitrarily large information, while keeping a vanishing
coupling and discuss their physical properties.
",hep-th; gr-qc,Aharon Casher and Nir Raz,introduce; black; hole; coupling; physical,9,"On Black Hole Remnants   We introduce two models for a planck scale black hole remnant (Planckon),
which can hold arbitrarily large information, while keeping a vanishing
coupling and discuss their physical properties.
"
705.0473,Cosmological energy in a thermo-horizon and the first law,"  We consider a cosmological horizon, named thermo-horizon, to which are
associated a temperature and an entropy of Bekenstein-Hawking and which obeys
the first law for an energy flow calculated through the corresponding limit
surface. We point out a contradiction between the first law and the definition
of the total energy contained inside the horizon. This contradiction is removed
when the first law is replaced by a Gibbs' equation for a vacuum-like component
associated to the event horizon.
",hep-th; astro-ph; gr-qc,"C\'ecile Barbachoux (LERMA); J\'erome Gariel (LERMA); G\'erard Le
  Denmat (LERMA)",horizon; law; associated; energy; event,9,"Cosmological energy in a thermo-horizon and the first law   We consider a cosmological horizon, named thermo-horizon, to which are
associated a temperature and an entropy of Bekenstein-Hawking and which obeys
the first law for an energy flow calculated through the corresponding limit
surface. We point out a contradiction between the first law and the definition
of the total energy contained inside the horizon. This contradiction is removed
when the first law is replaced by a Gibbs' equation for a vacuum-like component
associated to the event horizon.
"
705.0478,The Dark Matter Puzzle And Other Issues,"  We consider the problem of the flattening of the velocity curves in galactic
discs and the consequent postulation of dark matter from three different but
converging perspectives-- a change in the large scale dimensionality of space,
a variation of $G$ and the MOND approach. We also discuss the paradigm of the
universe itself being a Black Hole.
",physics.gen-ph,Burra G.Sidharth,variation; curves; galactic; change; universe,9,"The Dark Matter Puzzle And Other Issues   We consider the problem of the flattening of the velocity curves in galactic
discs and the consequent postulation of dark matter from three different but
converging perspectives-- a change in the large scale dimensionality of space,
a variation of $G$ and the MOND approach. We also discuss the paradigm of the
universe itself being a Black Hole.
"
705.0484,"A Note on Conserved Charges of Asymptotically Flat and Anti-de Sitter
  Spaces in Arbitrary Dimensions","  The calculation of conserved charges of black holes is a rich problem, for
which many methods are known. Until recently, there was some controversy on the
proper definition of conserved charges in asymptotically anti-de Sitter (AdS)
spaces in arbitrary dimensions. This paper provides a systematic and explicit
Hamiltonian derivation of the energy and the angular momenta of both
asymptotically flat and asymptotically AdS spacetimes in any dimension D bigger
or equal to 4. This requires as a first step a precise determination of the
asymptotic conditions of the metric and of its conjugate momentum. These
conditions happen to be achieved in ellipsoidal coordinates adapted to the
rotating solutions.The asymptotic symmetry algebra is found to be isomorphic
either to the Poincare algebra or to the so(D-1, 2) algebra, as expected. In
the asymptotically flat case, the boundary conditions involve a generalization
of the parity conditions, introduced by Regge and Teitelboim, which are
necessary to make the angular momenta finite. The charges are explicitly
computed for Kerr and Kerr-AdS black holes for arbitrary D and they are shown
to be in agreement with thermodynamical arguments.
",gr-qc,Ella Jamsin,conditions; algebra; flat; holes; asymptotic,9,"A Note on Conserved Charges of Asymptotically Flat and Anti-de Sitter
  Spaces in Arbitrary Dimensions   The calculation of conserved charges of black holes is a rich problem, for
which many methods are known. Until recently, there was some controversy on the
proper definition of conserved charges in asymptotically anti-de Sitter (AdS)
spaces in arbitrary dimensions. This paper provides a systematic and explicit
Hamiltonian derivation of the energy and the angular momenta of both
asymptotically flat and asymptotically AdS spacetimes in any dimension D bigger
or equal to 4. This requires as a first step a precise determination of the
asymptotic conditions of the metric and of its conjugate momentum. These
conditions happen to be achieved in ellipsoidal coordinates adapted to the
rotating solutions.The asymptotic symmetry algebra is found to be isomorphic
either to the Poincare algebra or to the so(D-1, 2) algebra, as expected. In
the asymptotically flat case, the boundary conditions involve a generalization
of the parity conditions, introduced by Regge and Teitelboim, which are
necessary to make the angular momenta finite. The charges are explicitly
computed for Kerr and Kerr-AdS black holes for arbitrary D and they are shown
to be in agreement with thermodynamical arguments.
"
705.0494,"Sgr A$^*$: a laboratory to measure the central black hole and cluster
  parameters","  Several stars orbit around a black hole candidate of mass $3.7\times 10^6$
M$_{\odot}$, in the region of the Galactic Center (GC). Looking for General
Relativistic (GR) periastron shifts is limited by the existence of a stellar
cluster around the black hole that would modify the orbits due to classical
effects that might mask the GR effect. Only if one knows the cluster parameters
(its mass and core radius) it is possible to unequivocally deduce the GR
effects expected and then test them. In this paper it is shown that the
observation of the proper motion of Sgr A$^*$, $v_{Sgr A^*} = (0.4\pm 0.9)$ km
s$^{-1}$ (\citealt{reid2004}), could help us to constrain the cluster
parameters significantly and that future measurements of the periastron shifts
for at least three stars may adequately determine the cluster parameters and
the mass of the black hole.
",astro-ph,A.A. Nucita; F. De Paolis; G. Ingrosso; A. Qadir and A.F. Zakharov,cluster; black; hole; parameters; mass,9,"Sgr A$^*$: a laboratory to measure the central black hole and cluster
  parameters   Several stars orbit around a black hole candidate of mass $3.7\times 10^6$
M$_{\odot}$, in the region of the Galactic Center (GC). Looking for General
Relativistic (GR) periastron shifts is limited by the existence of a stellar
cluster around the black hole that would modify the orbits due to classical
effects that might mask the GR effect. Only if one knows the cluster parameters
(its mass and core radius) it is possible to unequivocally deduce the GR
effects expected and then test them. In this paper it is shown that the
observation of the proper motion of Sgr A$^*$, $v_{Sgr A^*} = (0.4\pm 0.9)$ km
s$^{-1}$ (\citealt{reid2004}), could help us to constrain the cluster
parameters significantly and that future measurements of the periastron shifts
for at least three stars may adequately determine the cluster parameters and
the mass of the black hole.
"
705.0525,Black Hole Accretion in Low States: Electron Heating,"  Plasmas in an accretion flow are heated by MHD turbulence generated through
the magneto-rotational instability. The viscous stress driving the accretion is
intimately connected to the microscopic processes of turbulence dissipation. We
show that, in a few well-observed black hole accretion systems, there is
compelling observational evidence of efficient electron heating by turbulence
or collective plasma effects in low accretion states, when Coulomb collisions
are not efficient enough to establish a thermal equilibrium between electrons
and ions at small radii. However, charged particles reach a thermal equilibrium
with their kind much faster than with others through Coulomb collisions, a
two-temperature accretion flow is expected. We consider a Keplerian accretion
flow with a constant mass accretion rate in the pseudo-Newtonian gravitational
potential and take into account the bremsstrahlung, synchrotron, and inverse
Comptonization cooling processes. The critical mass accretion rate, below which
the two-temperature solution may exist, is determined by the cooling processes
and the collisional energy exchanges between electrons and ions and has very
weak dependence on the collision-less heating of electrons by turbulence, which
becomes more important at lower accretion rates. Collision-less heating of
electrons by MHD turbulence can no longer be ignored in quantitative
investigations of these systems.
",astro-ph,Siming Liu; Christopher L. Fryer; and Hui Li,accretion; electrons; flow; processes; cooling,9,"Black Hole Accretion in Low States: Electron Heating   Plasmas in an accretion flow are heated by MHD turbulence generated through
the magneto-rotational instability. The viscous stress driving the accretion is
intimately connected to the microscopic processes of turbulence dissipation. We
show that, in a few well-observed black hole accretion systems, there is
compelling observational evidence of efficient electron heating by turbulence
or collective plasma effects in low accretion states, when Coulomb collisions
are not efficient enough to establish a thermal equilibrium between electrons
and ions at small radii. However, charged particles reach a thermal equilibrium
with their kind much faster than with others through Coulomb collisions, a
two-temperature accretion flow is expected. We consider a Keplerian accretion
flow with a constant mass accretion rate in the pseudo-Newtonian gravitational
potential and take into account the bremsstrahlung, synchrotron, and inverse
Comptonization cooling processes. The critical mass accretion rate, below which
the two-temperature solution may exist, is determined by the cooling processes
and the collisional energy exchanges between electrons and ions and has very
weak dependence on the collision-less heating of electrons by turbulence, which
becomes more important at lower accretion rates. Collision-less heating of
electrons by MHD turbulence can no longer be ignored in quantitative
investigations of these systems.
"
705.054,"Relativistic X-ray Lines from the Inner Accretion Disks Around Black
  Holes","  Relativistic X-ray emission lines from the inner accretion disk around black
holes are reviewed. Recent observations with the Chandra X-ray Observatory,
X-ray Multi-Mirror Mission-Newton, and Suzaku are revealing these lines to be
good probes of strong gravitational effects. A number of important
observational and theoretical developments are highlighted, including evidence
of black hole spin and effects such as gravitational light bending, the
detection of relativistic lines in stellar-mass black holes, and evidence of
orbital-timescale line flux variability. In addition, the robustness of the
relativistic disk lines against absorption, scattering, and continuum effects
is discussed. Finally, prospects for improved measures of black hole spin and
understanding the spin history of supermassive black holes in the context of
black hole-galaxy co-evolution are presented. The best data and most rigorous
results strongly suggest that relativistic X-ray disk lines can drive future
explorations of General Relativity and disk physics.
",astro-ph,J. M. Miller (University of Michigan),black; lines; disk; relativistic; ray,9,"Relativistic X-ray Lines from the Inner Accretion Disks Around Black
  Holes   Relativistic X-ray emission lines from the inner accretion disk around black
holes are reviewed. Recent observations with the Chandra X-ray Observatory,
X-ray Multi-Mirror Mission-Newton, and Suzaku are revealing these lines to be
good probes of strong gravitational effects. A number of important
observational and theoretical developments are highlighted, including evidence
of black hole spin and effects such as gravitational light bending, the
detection of relativistic lines in stellar-mass black holes, and evidence of
orbital-timescale line flux variability. In addition, the robustness of the
relativistic disk lines against absorption, scattering, and continuum effects
is discussed. Finally, prospects for improved measures of black hole spin and
understanding the spin history of supermassive black holes in the context of
black hole-galaxy co-evolution are presented. The best data and most rigorous
results strongly suggest that relativistic X-ray disk lines can drive future
explorations of General Relativity and disk physics.
"
705.0618,The Black Hole Mass - Spheroid Luminosity relation,"  The differing M_bh-Luminosity relations presented in McLure & Dunlop, Marconi
& Hunt and Erwin et al. have been investigated. A number of issues have been
identified and addressed in each of these studies, including but not limited
to: the removal of a dependency on the Hubble constant; a correction for dust
attenuation in the bulges of disc galaxies; the identification of lenticular
galaxies previously treated as elliptical galaxies; and application of the same
(Y|X) regression analysis. These adjustments result in relations which now
predict similar black hole masses. The optimal K-band relation is
log(M_bh/M_sun) = -0.37(+/-0.04)[M_K +24] + 8.29(+/-0.08), with a total (not
intrinsic) scatter in log M_bh equal to 0.33 dex. This level of scatter is
similar to the value of 0.34 dex from the M_bh-sigma relation of Tremaine et
al. and compares favourably with the value of 0.31 dex from the M_bh-n relation
of Graham & Driver. Using different photometric data, consistent relations in
the B- and R-band are also provided, although we do note that the small (N=13)
R-band sample used by Erwin et al. is found here to have a slope of
-0.30(+/-0.06) and a total scatter of 0.31 dex. Performing a symmetrical
regression on the larger K-band sample gives a slope of -0.40, implying M_bh ~
L^{1.00}. Implications for galaxy-black hole coevolution, in terms of dry
mergers, are briefly discussed, as are predictions for intermediate mass black
holes. Finally, as previously noted by Tundo et al., a potential bias in the
galaxy sample used to define the M_bh-L relations is shown and a corrective
formula provided.
",astro-ph,Alister W. Graham,relations; et; al; band; galaxies,9,"The Black Hole Mass - Spheroid Luminosity relation   The differing M_bh-Luminosity relations presented in McLure & Dunlop, Marconi
& Hunt and Erwin et al. have been investigated. A number of issues have been
identified and addressed in each of these studies, including but not limited
to: the removal of a dependency on the Hubble constant; a correction for dust
attenuation in the bulges of disc galaxies; the identification of lenticular
galaxies previously treated as elliptical galaxies; and application of the same
(Y|X) regression analysis. These adjustments result in relations which now
predict similar black hole masses. The optimal K-band relation is
log(M_bh/M_sun) = -0.37(+/-0.04)[M_K +24] + 8.29(+/-0.08), with a total (not
intrinsic) scatter in log M_bh equal to 0.33 dex. This level of scatter is
similar to the value of 0.34 dex from the M_bh-sigma relation of Tremaine et
al. and compares favourably with the value of 0.31 dex from the M_bh-n relation
of Graham & Driver. Using different photometric data, consistent relations in
the B- and R-band are also provided, although we do note that the small (N=13)
R-band sample used by Erwin et al. is found here to have a slope of
-0.30(+/-0.06) and a total scatter of 0.31 dex. Performing a symmetrical
regression on the larger K-band sample gives a slope of -0.40, implying M_bh ~
L^{1.00}. Implications for galaxy-black hole coevolution, in terms of dry
mergers, are briefly discussed, as are predictions for intermediate mass black
holes. Finally, as previously noted by Tundo et al., a potential bias in the
galaxy sample used to define the M_bh-L relations is shown and a corrective
formula provided.
"
705.0644,Scalar field confinement as a model for accreting systems,"  We investigate the possibility to localize scalar field configurations as a
model for black hole accretion. We analyze and resolve difficulties encountered
when localizing scalar fields in General Relativity. We illustrate this ability
with a simple spherically symmetric model which can be used to study features
of accreting shells around a black hole. This is accomplished by prescribing a
scalar field with a coordinate dependent potential. Numerical solutions to the
Einstein-Klein-Gordon equations are shown, where a scalar filed is indeed
confined within a region surrounding a black hole. The resulting spacetime can
be described in terms of simple harmonic time dependence.
",gr-qc,Miguel Megevand; Ignacio Olabarrieta; Luis Lehner,scalar; black; hole; simple; field,9,"Scalar field confinement as a model for accreting systems   We investigate the possibility to localize scalar field configurations as a
model for black hole accretion. We analyze and resolve difficulties encountered
when localizing scalar fields in General Relativity. We illustrate this ability
with a simple spherically symmetric model which can be used to study features
of accreting shells around a black hole. This is accomplished by prescribing a
scalar field with a coordinate dependent potential. Numerical solutions to the
Einstein-Klein-Gordon equations are shown, where a scalar filed is indeed
confined within a region surrounding a black hole. The resulting spacetime can
be described in terms of simple harmonic time dependence.
"
705.0716,Light Curve Calculations of Supernovae from Fallback Gamma-Ray Bursts,"  The currently-favored model for long-duration gamma-ray bursts (GRBs) invokes
explosions from the collapse of a massive star down to a black hole: either
directly or through fallback. Those GRBs forming via fallback will produce much
less radioactive nickel, and hence it has been argued (without any real
calculation) that these systems produce dim supernovae. These fallback
black-hole GRBs have been recently been argued as possible progenitors of a
newly discovered set of GRBs lacking any associated supernovae. Here we present
the first ever radiation-hydrodynamics calculations of the light-curves
produced in the hypernova explosion by a delayed-fallback gamma-ray burst. We
find that the bolometric light-curve is dominated by shock-deposited energy,
not the decay of radioactive elements. As such, observations of such bursts
actually probe the density in the progenitor wind more than it does the
production of radioactive nickel.
",astro-ph,"Chris L. Fryer (LANL/UA); Aimee L. Hungerford (LANL) and Patrick A.
  Young (LANL/UA)",produce; gamma; black; hole; ray,9,"Light Curve Calculations of Supernovae from Fallback Gamma-Ray Bursts   The currently-favored model for long-duration gamma-ray bursts (GRBs) invokes
explosions from the collapse of a massive star down to a black hole: either
directly or through fallback. Those GRBs forming via fallback will produce much
less radioactive nickel, and hence it has been argued (without any real
calculation) that these systems produce dim supernovae. These fallback
black-hole GRBs have been recently been argued as possible progenitors of a
newly discovered set of GRBs lacking any associated supernovae. Here we present
the first ever radiation-hydrodynamics calculations of the light-curves
produced in the hypernova explosion by a delayed-fallback gamma-ray burst. We
find that the bolometric light-curve is dominated by shock-deposited energy,
not the decay of radioactive elements. As such, observations of such bursts
actually probe the density in the progenitor wind more than it does the
production of radioactive nickel.
"
705.072,"Energy Distribution of a Charged Black Hole with a Minimally Coupled
  Scalar Field","  Using three different energy-momentum complexes, the Einstein,
Landau-Lifshitz, and Papapetrou prescriptions, we calculate the energy of an
electrically charged black hole exact solution with a self-interacting,
minimally-coupled scalar field and the asymptotic region locally an
Anti-deSitter spacetime. Writing the metric in Kerr-Schild Cartesian
coordinates, we demonstrate that this metric belongs to the Kerr-Schild class
of solutions. Applying each of the three energy-momentum prescriptions and
comparing the results, we find consistency among these complexes, suggesting
their utility as localized measures of energy.
",gr-qc; astro-ph,Paul Halpern,energy; metric; momentum; spacetime; measures,9,"Energy Distribution of a Charged Black Hole with a Minimally Coupled
  Scalar Field   Using three different energy-momentum complexes, the Einstein,
Landau-Lifshitz, and Papapetrou prescriptions, we calculate the energy of an
electrically charged black hole exact solution with a self-interacting,
minimally-coupled scalar field and the asymptotic region locally an
Anti-deSitter spacetime. Writing the metric in Kerr-Schild Cartesian
coordinates, we demonstrate that this metric belongs to the Kerr-Schild class
of solutions. Applying each of the three energy-momentum prescriptions and
comparing the results, we find consistency among these complexes, suggesting
their utility as localized measures of energy.
"
705.0735,"AdS_3, Black Holes and Higher Derivative Corrections","  Using AdS/CFT correspondence and the Euclidean action formalism for black
hole entropy Kraus and Larsen have argued that the entropy of a BTZ black hole
in three dimensional supergravity with (0,4) supersymmetry does not receive any
correction from higher derivative terms in the action. We argue that as a
consequence of AdS/CFT correspondence the action of a three dimensional
supergravity with (0,4) supersymmetry cannot receive any higher derivative
correction except for those which can be removed by field redefinition. The
non-renormalization of the entropy then follows as a consequence of this and
the invariance of Wald's formula under a field redefinition.
",hep-th,Justin R. David; Bindusar Sahoo; Ashoke Sen,entropy; action; correction; consequence; black,9,"AdS_3, Black Holes and Higher Derivative Corrections   Using AdS/CFT correspondence and the Euclidean action formalism for black
hole entropy Kraus and Larsen have argued that the entropy of a BTZ black hole
in three dimensional supergravity with (0,4) supersymmetry does not receive any
correction from higher derivative terms in the action. We argue that as a
consequence of AdS/CFT correspondence the action of a three dimensional
supergravity with (0,4) supersymmetry cannot receive any higher derivative
correction except for those which can be removed by field redefinition. The
non-renormalization of the entropy then follows as a consequence of this and
the invariance of Wald's formula under a field redefinition.
"
705.0748,"Ratios of star cluster core and half-mass radii: a cautionary note on
  intermediate-mass black holes in star clusters","  There is currently much interest in the possible presence of
intermediate-mass black holes in the cores of globular clusters. Based on
theoretical arguments and simulation results it has previously been suggested
that a large core radius -- or particularly a large ratio of the core radius to
half-mass radius -- is a promising indicator for finding such a black hole in a
star cluster. In this study N-body models of 100000 stars with and without
primordial binaries are used to investigate the long-term structural evolution
of star clusters. Importantly, the simulation data is analysed using the same
processes by which structural parameters are extracted from observed star
clusters. This gives a ratio of the core and half-mass (or half-light) radii
that is directly comparable to the Galactic globular cluster sample. As a
result, it is shown that the ratios observed for the bulk of this sample can be
explained without the need for an intermediate-mass black hole. Furthermore, it
is possible that clusters with large core to half-light radius ratios harbour a
black-hole binary (comprised of stellar mass black holes) rather than a single
massive black hole. This work does not rule out the existence of
intermediate-mass black holes in the cores of at least some star clusters.
",astro-ph,Jarrod R. Hurley,black; clusters; half; core; mass,9,"Ratios of star cluster core and half-mass radii: a cautionary note on
  intermediate-mass black holes in star clusters   There is currently much interest in the possible presence of
intermediate-mass black holes in the cores of globular clusters. Based on
theoretical arguments and simulation results it has previously been suggested
that a large core radius -- or particularly a large ratio of the core radius to
half-mass radius -- is a promising indicator for finding such a black hole in a
star cluster. In this study N-body models of 100000 stars with and without
primordial binaries are used to investigate the long-term structural evolution
of star clusters. Importantly, the simulation data is analysed using the same
processes by which structural parameters are extracted from observed star
clusters. This gives a ratio of the core and half-mass (or half-light) radii
that is directly comparable to the Galactic globular cluster sample. As a
result, it is shown that the ratios observed for the bulk of this sample can be
explained without the need for an intermediate-mass black hole. Furthermore, it
is possible that clusters with large core to half-light radius ratios harbour a
black-hole binary (comprised of stellar mass black holes) rather than a single
massive black hole. This work does not rule out the existence of
intermediate-mass black holes in the cores of at least some star clusters.
"
705.0791,Towards a New Standard Model for Black Hole Accretion,"  We briefly review recent developments in black hole accretion disk theory,
emphasizing the vital role played by magnetohydrodynamic (MHD) stresses in
transporting angular momentum. The apparent universality of accretion-related
outflow phenomena is a strong indicator that large-scale MHD torques facilitate
vertical transport of angular momentum. This leads to an enhanced overall rate
of angular momentum transport and allows accretion of matter to proceed at an
interesting rate. Furthermore, we argue that when vertical transport is
important, the radial structure of the accretion disk is modified at small
radii and this affects the disk emission spectrum. We present a simple model
demonstrating how energetic, magnetically-driven outflows modify the emergent
disk emission spectrum with respect to that predicted by standard accretion
disk theory. A comparison of the predicted spectra against observations of
quasar spectral energy distributions suggests that mass accretion rates
inferred using the standard disk model may severely underestimate their true
values.
",astro-ph,Zdenka Kuncic and Geoffrey V. Bicknell,accretion; disk; transport; angular; momentum,9,"Towards a New Standard Model for Black Hole Accretion   We briefly review recent developments in black hole accretion disk theory,
emphasizing the vital role played by magnetohydrodynamic (MHD) stresses in
transporting angular momentum. The apparent universality of accretion-related
outflow phenomena is a strong indicator that large-scale MHD torques facilitate
vertical transport of angular momentum. This leads to an enhanced overall rate
of angular momentum transport and allows accretion of matter to proceed at an
interesting rate. Furthermore, we argue that when vertical transport is
important, the radial structure of the accretion disk is modified at small
radii and this affects the disk emission spectrum. We present a simple model
demonstrating how energetic, magnetically-driven outflows modify the emergent
disk emission spectrum with respect to that predicted by standard accretion
disk theory. A comparison of the predicted spectra against observations of
quasar spectral energy distributions suggests that mass accretion rates
inferred using the standard disk model may severely underestimate their true
values.
"
705.0924,Cosmological implications of Karolyhazy uncertainty relation,"  Karolyhazy uncertainty relation, which can be viewed also as a relation
between UV and IR scales in the framework of an effective quantum field theory
satisfying a black hole entropy bound, strongly favors the existence of dark
energy with its observed value. Here we estimate the dynamics of dark energy
predicted by the Karolyhazy relation during the cosmological evolution of the
universe.
",gr-qc; hep-ph; hep-th,Michael Maziashvili,relation; dark; energy; ir; entropy,9,"Cosmological implications of Karolyhazy uncertainty relation   Karolyhazy uncertainty relation, which can be viewed also as a relation
between UV and IR scales in the framework of an effective quantum field theory
satisfying a black hole entropy bound, strongly favors the existence of dark
energy with its observed value. Here we estimate the dynamics of dark energy
predicted by the Karolyhazy relation during the cosmological evolution of the
universe.
"
705.1029,"No Way Back: Maximizing survival time below the Schwarzschild event
  horizon","  It has long been known that once you cross the event horizon of a black hole,
your destiny lies at the central singularity, irrespective of what you do.
Furthermore, your demise will occur in a finite amount of proper time. In this
paper, the use of rockets in extending the amount of time before the collision
with the central singularity is examined. In general, the use of such rockets
can increase your remaining time, but only up to a maximum value; this is at
odds with the ``more you struggle, the less time you have'' statement that is
sometimes discussed in relation to black holes. The derived equations are
simple to solve numerically and the framework can be employed as a teaching
tool for general relativity.
",physics.ed-ph; astro-ph; gr-qc,Geraint F. Lewis; Juliana Kwan,time; central; black; general; use,9,"No Way Back: Maximizing survival time below the Schwarzschild event
  horizon   It has long been known that once you cross the event horizon of a black hole,
your destiny lies at the central singularity, irrespective of what you do.
Furthermore, your demise will occur in a finite amount of proper time. In this
paper, the use of rockets in extending the amount of time before the collision
with the central singularity is examined. In general, the use of such rockets
can increase your remaining time, but only up to a maximum value; this is at
odds with the ``more you struggle, the less time you have'' statement that is
sometimes discussed in relation to black holes. The derived equations are
simple to solve numerically and the framework can be employed as a teaching
tool for general relativity.
"
705.1098,Supersymmetric Black Rings on Eguchi-Hanson Space,"  We construct new supersymmetric black ring solutions on the Eguchi-Hanson
base space as solutions of five-dimensional minimal supergravity. The solutions
have the same two angular momentum components and the asymptotic structure on
timeslices is asymptotically locally Euclidean. The S^1-direction of the black
ring is along the equator on a S^2-bolt on the Eguchi-Hanson space. We also
investigate the limit to a black hole, which describes the BMPV black hole with
the topology of the lens space L(2;1)=S^3/Z_2.
",hep-th,Shinya Tomizawa; Hideki Ishihara; Masashi Kimura and Ken Matsuno,black; solutions; ring; space; hole,9,"Supersymmetric Black Rings on Eguchi-Hanson Space   We construct new supersymmetric black ring solutions on the Eguchi-Hanson
base space as solutions of five-dimensional minimal supergravity. The solutions
have the same two angular momentum components and the asymptotic structure on
timeslices is asymptotically locally Euclidean. The S^1-direction of the black
ring is along the equator on a S^2-bolt on the Eguchi-Hanson space. We also
investigate the limit to a black hole, which describes the BMPV black hole with
the topology of the lens space L(2;1)=S^3/Z_2.
"
705.1128,On the Riemannian Penrose inequality in dimensions less than 8,"  The Positive Mass Theorem states that a complete asymptotically flat manifold
of nonnegative scalar curvature has nonnegative mass. The Riemannian Penrose
inequality provides a sharp lower bound for the mass when black holes are
present. More precisely, this lower bound is given in terms of the area of an
outermost minimal surface, and equality is achieved only for Schwarzschild
metrics. The Riemannian Penrose inequality was first proved in three dimensions
in 1997 by G. Huisken and T. Ilmanen for the case of a single black hole. In
1999, H. Bray extended this result to the general case of multiple black holes
using a different technique. In this paper we extend Bray's technique to
dimensions less than 8.
",math.DG; gr-qc,Hubert L. Bray and Dan A. Lee,black; holes; mass; technique; dimensions,9,"On the Riemannian Penrose inequality in dimensions less than 8   The Positive Mass Theorem states that a complete asymptotically flat manifold
of nonnegative scalar curvature has nonnegative mass. The Riemannian Penrose
inequality provides a sharp lower bound for the mass when black holes are
present. More precisely, this lower bound is given in terms of the area of an
outermost minimal surface, and equality is achieved only for Schwarzschild
metrics. The Riemannian Penrose inequality was first proved in three dimensions
in 1997 by G. Huisken and T. Ilmanen for the case of a single black hole. In
1999, H. Bray extended this result to the general case of multiple black holes
using a different technique. In this paper we extend Bray's technique to
dimensions less than 8.
"
705.1131,"Some general properties of the renormalized stress-energy tensor for
  static quantum states on (n+1)-dimensional spherically symmetric black holes","  We study the renormalized stress-energy tensor (RSET) for static quantum
states on (n+1)-dimensional, static, spherically symmetric black holes. By
solving the conservation equations, we are able to write the stress-energy
tensor in terms of a single unknown function of the radial co-ordinate, plus
two arbitrary constants. Conditions for the stress-energy tensor to be regular
at event horizons (including the extremal and ``ultra-extremal'' cases) are
then derived using generalized Kruskal-like co-ordinates. These results should
be useful for future calculations of the RSET for static quantum states on
spherically symmetric black hole geometries in any number of space-time
dimensions.
",gr-qc,Dean Morgan; Stuart Thom; Elizabeth Winstanley and Phil M. Young,static; tensor; symmetric; energy; black,9,"Some general properties of the renormalized stress-energy tensor for
  static quantum states on (n+1)-dimensional spherically symmetric black holes   We study the renormalized stress-energy tensor (RSET) for static quantum
states on (n+1)-dimensional, static, spherically symmetric black holes. By
solving the conservation equations, we are able to write the stress-energy
tensor in terms of a single unknown function of the radial co-ordinate, plus
two arbitrary constants. Conditions for the stress-energy tensor to be regular
at event horizons (including the extremal and ``ultra-extremal'' cases) are
then derived using generalized Kruskal-like co-ordinates. These results should
be useful for future calculations of the RSET for static quantum states on
spherically symmetric black hole geometries in any number of space-time
dimensions.
"
705.1179,Analytic Study of Rotating Black-Hole Quasinormal Modes,"  A Bohr-Sommerfeld equation is derived for the highly-damped quasinormal mode
frequencies omega(n>>1) of rotating black holes. It may be written as
2\int_C(p_r+ip_0)dr=(n+1/2)h, where p_r is the canonical momentum conjugate to
the radial coordinate r along null geodesics of energy hbar*omega and angular
momentum hbar*m, p_0=O(omega^0), and the contour C connects two complex turning
points of p_r. The solutions are omega(n) = - m*omega_0 - i(phi + n*delta),
where {omega_0,delta}>0 are functions of the black-hole parameters alone. Some
physical implications are discussed.
",gr-qc; astro-ph; hep-th,Uri Keshet and Shahar Hod,omega; delta; black; momentum; rotating,9,"Analytic Study of Rotating Black-Hole Quasinormal Modes   A Bohr-Sommerfeld equation is derived for the highly-damped quasinormal mode
frequencies omega(n>>1) of rotating black holes. It may be written as
2\int_C(p_r+ip_0)dr=(n+1/2)h, where p_r is the canonical momentum conjugate to
the radial coordinate r along null geodesics of energy hbar*omega and angular
momentum hbar*m, p_0=O(omega^0), and the contour C connects two complex turning
points of p_r. The solutions are omega(n) = - m*omega_0 - i(phi + n*delta),
where {omega_0,delta}>0 are functions of the black-hole parameters alone. Some
physical implications are discussed.
"
705.1204,"Electron-Hole Generation and Recombination Rates for Coulomb Scattering
  in Graphene","  We calculate electron-hole generation and recombination rates for Coulomb
scattering (Auger recombination and impact ionization) in Graphene. The
conduction and valence band dispersion relation in Graphene together with
energy and momentum conservation requirements restrict the phase space for
Coulomb scattering so that electron-hole recombination times can be much longer
than 1 ps for electron-hole densities smaller than $10^{12}$ cm$^{-2}$.
",cond-mat.mes-hall; cond-mat.mtrl-sci,Farhan Rana,hole; electron; graphene; coulomb; scattering,9,"Electron-Hole Generation and Recombination Rates for Coulomb Scattering
  in Graphene   We calculate electron-hole generation and recombination rates for Coulomb
scattering (Auger recombination and impact ionization) in Graphene. The
conduction and valence band dispersion relation in Graphene together with
energy and momentum conservation requirements restrict the phase space for
Coulomb scattering so that electron-hole recombination times can be much longer
than 1 ps for electron-hole densities smaller than $10^{12}$ cm$^{-2}$.
"
705.1225,"Hawking radiation from the Schwarzschild black hole with a global
  monopole via gravitational anomaly","  Hawking flux from the Schwarzschild black hole with a global monopole is
obtained by using Robinson and Wilczek's method. Adopting a dimension reduction
technique, the effective quantum field in the (3+1)--dimensional global
monopole background can be described by an infinite collection of the
(1+1)--dimensional massless fields if neglecting the ingoing modes near the
horizon, where the gravitational anomaly can be cancelled by the
(1+1)--dimensional black body radiation at the Hawking temperature.
",hep-th; gr-qc,Jun-Jin Peng; Shuang-Qing Wu,dimensional; global; black; horizon; reduction,9,"Hawking radiation from the Schwarzschild black hole with a global
  monopole via gravitational anomaly   Hawking flux from the Schwarzschild black hole with a global monopole is
obtained by using Robinson and Wilczek's method. Adopting a dimension reduction
technique, the effective quantum field in the (3+1)--dimensional global
monopole background can be described by an infinite collection of the
(1+1)--dimensional massless fields if neglecting the ingoing modes near the
horizon, where the gravitational anomaly can be cancelled by the
(1+1)--dimensional black body radiation at the Hawking temperature.
"
705.1264,"The generalized second law of thermodynamics in the accelerating
  universe","  We show that in the accelerating universe the generalized second law of
thermodynamics holds only in the case where the enveloping surface is the
apparent horizon, but not in the case of the event horizon. The present
analysis relies on the most recent SNe Ia events, being model independent. Our
study might suggest that event horizon is not a physical boundary from the
point of view of thermodynamics.
",gr-qc; hep-th,Jia Zhou; Bin Wang; Yungui Gong; Elcio Abdalla,horizon; event; case; view; events,9,"The generalized second law of thermodynamics in the accelerating
  universe   We show that in the accelerating universe the generalized second law of
thermodynamics holds only in the case where the enveloping surface is the
apparent horizon, but not in the case of the event horizon. The present
analysis relies on the most recent SNe Ia events, being model independent. Our
study might suggest that event horizon is not a physical boundary from the
point of view of thermodynamics.
"
705.1359,Puncture Evolution of Schwarzschild Black Holes,"  The moving puncture method is analyzed for a single, non-spinning black hole.
It is shown that the puncture region is not resolved by current numerical
codes. As a result, the geometry near the puncture appears to evolve to an
infinitely long cylinder of finite areal radius. The puncture itself actually
remains at spacelike infinity throughout the evolution. In the limit of
infinite resolution the data never become stationary. However, at any
reasonable finite resolution the grid points closest to the puncture are
rapidly drawn into the black hole interior by the Gamma-driver shift condition.
The data can then evolve to a stationary state. These results suggest that the
moving puncture technique should be viewed as a type of ""natural excision"".
",gr-qc,J. David Brown,stationary; resolution; black; hole; finite,9,"Puncture Evolution of Schwarzschild Black Holes   The moving puncture method is analyzed for a single, non-spinning black hole.
It is shown that the puncture region is not resolved by current numerical
codes. As a result, the geometry near the puncture appears to evolve to an
infinitely long cylinder of finite areal radius. The puncture itself actually
remains at spacelike infinity throughout the evolution. In the limit of
infinite resolution the data never become stationary. However, at any
reasonable finite resolution the grid points closest to the puncture are
rapidly drawn into the black hole interior by the Gamma-driver shift condition.
The data can then evolve to a stationary state. These results suggest that the
moving puncture technique should be viewed as a type of ""natural excision"".
"
705.1371,Isolated horizons in higher-dimensional Einstein-Gauss-Bonnet gravity,"  The isolated horizon framework was introduced in order to provide a local
description of black holes that are in equilibrium with their (possibly
dynamic) environment. Over the past several years, the framework has been
extended to include matter fields (dilaton, Yang-Mills etc) in D=4 dimensions
and cosmological constant in $D\geq3$ dimensions. In this article we present a
further extension of the framework that includes black holes in
higher-dimensional Einstein-Gauss-Bonnet (EGB) gravity. In particular, we
construct a covariant phase space for EGB gravity in arbitrary dimensions which
allows us to derive the first law. We find that the entropy of a weakly
isolated and non-rotating horizon is given by
$\mathcal{S}=(1/4G_{D})\oint_{S^{D-2}}\bm{\tilde{\epsilon}}(1+2\alpha\mathcal{R})$.
In this expression $S^{D-2}$ is the $(D-2)$-dimensional cross section of the
horizon with area form $\bm{\tilde{\epsilon}}$ and Ricci scalar $\mathcal{R}$,
$G_{D}$ is the $D$-dimensional Newton constant and $\alpha$ is the Gauss-Bonnet
parameter. This expression for the horizon entropy is in agreement with those
predicted by the Euclidean and Noether charge methods. Thus we extend the
isolated horizon framework beyond Einstein gravity.
",gr-qc,Tomas Liko and Ivan Booth,horizon; mathcal; framework; gravity; dimensions,9,"Isolated horizons in higher-dimensional Einstein-Gauss-Bonnet gravity   The isolated horizon framework was introduced in order to provide a local
description of black holes that are in equilibrium with their (possibly
dynamic) environment. Over the past several years, the framework has been
extended to include matter fields (dilaton, Yang-Mills etc) in D=4 dimensions
and cosmological constant in $D\geq3$ dimensions. In this article we present a
further extension of the framework that includes black holes in
higher-dimensional Einstein-Gauss-Bonnet (EGB) gravity. In particular, we
construct a covariant phase space for EGB gravity in arbitrary dimensions which
allows us to derive the first law. We find that the entropy of a weakly
isolated and non-rotating horizon is given by
$\mathcal{S}=(1/4G_{D})\oint_{S^{D-2}}\bm{\tilde{\epsilon}}(1+2\alpha\mathcal{R})$.
In this expression $S^{D-2}$ is the $(D-2)$-dimensional cross section of the
horizon with area form $\bm{\tilde{\epsilon}}$ and Ricci scalar $\mathcal{R}$,
$G_{D}$ is the $D$-dimensional Newton constant and $\alpha$ is the Gauss-Bonnet
parameter. This expression for the horizon entropy is in agreement with those
predicted by the Euclidean and Noether charge methods. Thus we extend the
isolated horizon framework beyond Einstein gravity.
"
705.1374,Black hole mass estimates from soft X-ray spectra,"  In the absence of direct kinematic measurements, the mass of an accreting
black hole is sometimes inferred from the X-ray spectral parameters of its
accretion disk; specifically, from the temperature and normalization of a
disk-blackbody model fit. Suitable corrections have to be introduced when the
accretion rate approaches or exceeds the Eddington limit. We summarize
phenomenological models that can explain the very high state, with apparently
higher disk temperatures and lower inner-disk radii. Conversely, ultraluminous
X-ray sources often contain cooler disks with large characteristic radii. We
introduce another phenomenological model for this accretion state. We argue
that a standard disk dominates the radiative output for radii larger than a
characteristic transition radius R_c ~ mdot x R_{ISCO}, where mdot is the
accretion rate in Eddington units and R_{ISCO} is the innermost stable orbit.
For R_{ISCO} < R < R_c, most of the accretion power is released via non-thermal
processes. We predict the location of such sources in a luminosity-temperature
plot. We conclude that black holes with masses ~ 50-100 Msun accreting at mdot
~ 10-20 may explain the X-ray properties of many ULXs.
",astro-ph,R. Soria (MSSL/UCL); Z. Kuncic (University of Sydney),accretion; disk; ray; explain; characteristic,9,"Black hole mass estimates from soft X-ray spectra   In the absence of direct kinematic measurements, the mass of an accreting
black hole is sometimes inferred from the X-ray spectral parameters of its
accretion disk; specifically, from the temperature and normalization of a
disk-blackbody model fit. Suitable corrections have to be introduced when the
accretion rate approaches or exceeds the Eddington limit. We summarize
phenomenological models that can explain the very high state, with apparently
higher disk temperatures and lower inner-disk radii. Conversely, ultraluminous
X-ray sources often contain cooler disks with large characteristic radii. We
introduce another phenomenological model for this accretion state. We argue
that a standard disk dominates the radiative output for radii larger than a
characteristic transition radius R_c ~ mdot x R_{ISCO}, where mdot is the
accretion rate in Eddington units and R_{ISCO} is the innermost stable orbit.
For R_{ISCO} < R < R_c, most of the accretion power is released via non-thermal
processes. We predict the location of such sources in a luminosity-temperature
plot. We conclude that black holes with masses ~ 50-100 Msun accreting at mdot
~ 10-20 may explain the X-ray properties of many ULXs.
"
705.1396,Black hole analogues in braneworld scenario,"  We construct analogue black hole solutions in the braneworld scenario. The
quantum fluctuations of condensate gravitons propagating around a
$4+n$-dimensional gravitational potential are found yielding a metric similar
to higher dimensional Schwarzschild black hole line-element. Black hole
analogue solutions in Randall-Sundrum and Dvali-Gabadadze-Porrati brane world
models are also constructed. The properties of such black hole analogues are
discussed.
",hep-th; gr-qc; hep-ph,Xian-Hui Ge; Sung-Won Kim,black; hole; solutions; dimensional; brane,9,"Black hole analogues in braneworld scenario   We construct analogue black hole solutions in the braneworld scenario. The
quantum fluctuations of condensate gravitons propagating around a
$4+n$-dimensional gravitational potential are found yielding a metric similar
to higher dimensional Schwarzschild black hole line-element. Black hole
analogue solutions in Randall-Sundrum and Dvali-Gabadadze-Porrati brane world
models are also constructed. The properties of such black hole analogues are
discussed.
"
705.1404,Probing extra dimensions with higher dimensional black hole analogues?,"  We propose that extra dimensions might be detected with higher dimensional
analogues of black holes. The usual 4-dimensional acoustic(sonic)black hole
metric is extended to arbitrary dimensions. The absorption cross-section of
Hawking radiation on the brane and in the bulk are calculated in the
semiclassical approximation.
",hep-th; gr-qc; hep-ph,Xian-Hui Ge; Sung-Won Kim,dimensions; black; dimensional; brane; extra,9,"Probing extra dimensions with higher dimensional black hole analogues?   We propose that extra dimensions might be detected with higher dimensional
analogues of black holes. The usual 4-dimensional acoustic(sonic)black hole
metric is extended to arbitrary dimensions. The absorption cross-section of
Hawking radiation on the brane and in the bulk are calculated in the
semiclassical approximation.
"
705.1486,"High order convergent multigrid methods on domains containing holes for
  black hole initial data","  It is well known that multigrid methods are optimally efficient for solution
of elliptic equations (O(N)), which means that effort is proportional to the
number of points at which the solution is evaluated). Thus this is an ideal
method to solve the initial data/constraint equations in General Relativity for
(for instance) black hole interactions, or for other strong-field gravitational
configurations. Recent efforts have produced finite difference multigrid
solvers for domains with holes (excised regions). We present here the extension
of these concepts to higher order (fourth-, sixth- and eigth-order). The high
order convergence allows rapid solution on relatively small computational
grids. Also, general relativity evolution codes are moving to typically
fourth-order; data have to be computed at least as accurately as this same
order for straightfoward demonstration of the proper order of convergence in
the evolution.
  Our vertex-centered multigrid code demonstrates globally high-order-accurate
solutions of elliptic equations over domains containing holes, in two spatial
dimensions with fixed (Dirichlet) outer boundary conditions, and in three
spatial dimensions with {\it Robin} outer boundary conditions. We demonstrate a
``real world'' 3-dimensional problem which is the solution of the conformally
flat Hamiltonian constraint of General Relativity. The success of this method
depends on: a) the choice of the discretization near the holes; b) the
definition of the location of the inner boundary, which allows resolution of
the hole even on the coarsest grids; and on maintaining the same order of
convergence at the boundaries as in the interior of the computational domain.
",gr-qc,Vishnu Natchu; Richard A. Matzner,order; solution; relativity; holes; boundary,9,"High order convergent multigrid methods on domains containing holes for
  black hole initial data   It is well known that multigrid methods are optimally efficient for solution
of elliptic equations (O(N)), which means that effort is proportional to the
number of points at which the solution is evaluated). Thus this is an ideal
method to solve the initial data/constraint equations in General Relativity for
(for instance) black hole interactions, or for other strong-field gravitational
configurations. Recent efforts have produced finite difference multigrid
solvers for domains with holes (excised regions). We present here the extension
of these concepts to higher order (fourth-, sixth- and eigth-order). The high
order convergence allows rapid solution on relatively small computational
grids. Also, general relativity evolution codes are moving to typically
fourth-order; data have to be computed at least as accurately as this same
order for straightfoward demonstration of the proper order of convergence in
the evolution.
  Our vertex-centered multigrid code demonstrates globally high-order-accurate
solutions of elliptic equations over domains containing holes, in two spatial
dimensions with fixed (Dirichlet) outer boundary conditions, and in three
spatial dimensions with {\it Robin} outer boundary conditions. We demonstrate a
``real world'' 3-dimensional problem which is the solution of the conformally
flat Hamiltonian constraint of General Relativity. The success of this method
depends on: a) the choice of the discretization near the holes; b) the
definition of the location of the inner boundary, which allows resolution of
the hole even on the coarsest grids; and on maintaining the same order of
convergence at the boundaries as in the interior of the computational domain.
"
705.1508,A SuperMassive Black Hole Fundamental Plane for Ellipticals,"  We obtain the coefficients of a new fundamental plane for supermassive black
holes at the centers of elliptical galaxies, involving measured central black
hole mass and photometric parameters which define the light distribution. The
galaxies are tightly distributed around this mass fundamental plane, with
improvement in the rms residual over those obtained from the $\mbh-\sigma$ and
$\mbh-L$ relations. This implies a strong multidimensional link between the
central massive black hole formation and global photometric properties of
elliptical galaxies and provides an improved estimate of black hole mass from
galaxy data.
",astro-ph,"Sudhanshu Barway and Ajit Kembhavi (Inter University center for
  Astronomy and Astrophysics (IUCAA); Pune-India)",black; galaxies; hole; mass; fundamental,9,"A SuperMassive Black Hole Fundamental Plane for Ellipticals   We obtain the coefficients of a new fundamental plane for supermassive black
holes at the centers of elliptical galaxies, involving measured central black
hole mass and photometric parameters which define the light distribution. The
galaxies are tightly distributed around this mass fundamental plane, with
improvement in the rms residual over those obtained from the $\mbh-\sigma$ and
$\mbh-L$ relations. This implies a strong multidimensional link between the
central massive black hole formation and global photometric properties of
elliptical galaxies and provides an improved estimate of black hole mass from
galaxy data.
"
705.1511,Stationary Dyonic Regular and Black Hole Solutions,"  We consider globally regular and black hole solutions in SU(2)
Einstein-Yang-Mills-Higgs theory, coupled to a dilaton field. The basic
solutions represent magnetic monopoles, monopole-antimonopole systems or black
holes with monopole or dipole hair. When the globally regular solutions carry
additionally electric charge, an angular momentum density results, except in
the simplest spherically symmetric case. We evaluate the global charges of the
solutions and their effective action, and analyze their dependence on the
gravitational coupling strength. We show, that in the presence of a dilaton
field, the black hole solutions satisfy a generalized Smarr type mass formula.
",gr-qc,"Burkhard Kleihaus; Jutta Kunz; Francisco Navarro-L\'erida; Ulrike
  Neemann",solutions; black; regular; hole; dipole,9,"Stationary Dyonic Regular and Black Hole Solutions   We consider globally regular and black hole solutions in SU(2)
Einstein-Yang-Mills-Higgs theory, coupled to a dilaton field. The basic
solutions represent magnetic monopoles, monopole-antimonopole systems or black
holes with monopole or dipole hair. When the globally regular solutions carry
additionally electric charge, an angular momentum density results, except in
the simplest spherically symmetric case. We evaluate the global charges of the
solutions and their effective action, and analyze their dependence on the
gravitational coupling strength. We show, that in the presence of a dilaton
field, the black hole solutions satisfy a generalized Smarr type mass formula.
"
705.1514,"Searching for Gravitational Radiation from Binary Black Hole MACHOs in
  the Galactic Halo","  The Laser Interferometer Gravitational Wave Observatory (LIGO) is one of a
new generation of detectors of gravitational radiation. The existence of
gravitational radiation was first predicted by Einstein in 1916, however
gravitational waves have not yet been directly observed. One source of
gravitation radiation is binary inspiral. Two compact bodies orbiting each
other, such as a pair of black holes, lose energy to gravitational radiation.
As the system loses energy the bodies spiral towards each other. This causes
their orbital speed and the amount of gravitational radiation to increase,
producing a characteristic ``chirp'' waveform in the LIGO sensitive band. In
this thesis, matched filtering of LIGO science data is used to search for low
mass binary systems in the halo of dark matter surrounding the Milky Way.
Observations of gravitational microlensing events of stars in the Large
Magellanic Cloud suggest that some fraction of the dark matter in the halo may
be in the form of Massive Astrophysical Compact Halo Objects (MACHOs). It has
been proposed that low mass black holes formed in the early universe may be a
component of the MACHO population; some fraction of these black hole MACHOs
will be in binary systems and detectable by LIGO. The inspiral from a MACHO
binary composed of two 0.5 solar mass black holes enters the LIGO sensitive
band around 40 Hz. The chirp signal increases in amplitude and frequency,
sweeping through the sensitive band to 4400 Hz in 140 seconds. By using
evidence from microlensing events and theoretical predictions of the population
an upper limit is placed on the rate of black hole MACHO inspirals in the
galactic halo.
",gr-qc,Duncan A. Brown,gravitational; radiation; halo; black; binary,9,"Searching for Gravitational Radiation from Binary Black Hole MACHOs in
  the Galactic Halo   The Laser Interferometer Gravitational Wave Observatory (LIGO) is one of a
new generation of detectors of gravitational radiation. The existence of
gravitational radiation was first predicted by Einstein in 1916, however
gravitational waves have not yet been directly observed. One source of
gravitation radiation is binary inspiral. Two compact bodies orbiting each
other, such as a pair of black holes, lose energy to gravitational radiation.
As the system loses energy the bodies spiral towards each other. This causes
their orbital speed and the amount of gravitational radiation to increase,
producing a characteristic ``chirp'' waveform in the LIGO sensitive band. In
this thesis, matched filtering of LIGO science data is used to search for low
mass binary systems in the halo of dark matter surrounding the Milky Way.
Observations of gravitational microlensing events of stars in the Large
Magellanic Cloud suggest that some fraction of the dark matter in the halo may
be in the form of Massive Astrophysical Compact Halo Objects (MACHOs). It has
been proposed that low mass black holes formed in the early universe may be a
component of the MACHO population; some fraction of these black hole MACHOs
will be in binary systems and detectable by LIGO. The inspiral from a MACHO
binary composed of two 0.5 solar mass black holes enters the LIGO sensitive
band around 40 Hz. The chirp signal increases in amplitude and frequency,
sweeping through the sensitive band to 4400 Hz in 140 seconds. By using
evidence from microlensing events and theoretical predictions of the population
an upper limit is placed on the rate of black hole MACHO inspirals in the
galactic halo.
"
705.1518,Topological deformation of isolated horizons,"  We show that the Gauss-Bonnet term can have physical effects in four
dimensions. Specifically, the entropy of a black hole acquires a correction
that is proportional to the Euler characteristic of the cross sections of the
horizon. While this term is constant for a single black hole, it will be a
non-trivial function for a system with dynamical topologies such as black-hole
mergers: it is shown that for certain values of the GB parameter, the second
law of black-hole mechanics can be violated.
",gr-qc,Tomas Liko,black; hole; term; horizon; correction,9,"Topological deformation of isolated horizons   We show that the Gauss-Bonnet term can have physical effects in four
dimensions. Specifically, the entropy of a black hole acquires a correction
that is proportional to the Euler characteristic of the cross sections of the
horizon. While this term is constant for a single black hole, it will be a
non-trivial function for a system with dynamical topologies such as black-hole
mergers: it is shown that for certain values of the GB parameter, the second
law of black-hole mechanics can be violated.
"
705.1537,Supermassive Black Holes,"  Supermassive black holes have generally been recognized as the most
destructive force in nature. But in recent years, they have undergone a
dramatic shift in paradigm. These objects may have been critical to the
formation of structure in the early universe, spawning bursts of star formation
and nucleating proto-galactic condensations. Possibly half of all the radiation
produced after the Big Bang may be attributed to them, whose number is now
known to exceed 300 million. The most accessible among them is situated at the
Center of Our Galaxy. In the following pages, we will examine the evidence that
has brought us to this point, and we will understand why many expect to
actually image the event horizon of the Galaxy's central black hole within this
decade.
",astro-ph,Fulvio Melia,black; galaxy; formation; horizon; event,9,"Supermassive Black Holes   Supermassive black holes have generally been recognized as the most
destructive force in nature. But in recent years, they have undergone a
dramatic shift in paradigm. These objects may have been critical to the
formation of structure in the early universe, spawning bursts of star formation
and nucleating proto-galactic condensations. Possibly half of all the radiation
produced after the Big Bang may be attributed to them, whose number is now
known to exceed 300 million. The most accessible among them is situated at the
Center of Our Galaxy. In the following pages, we will examine the evidence that
has brought us to this point, and we will understand why many expect to
actually image the event horizon of the Galaxy's central black hole within this
decade.
"
705.1546,Outflows and the Physical Properties of Quasars,"  We have investigated a sample of 5088 quasars from the Sloan Digital Sky
Survey Second Data Release in order to determine how the frequency and
properties of broad absorptions lines (BALs) depend on black hole mass,
bolometric luminosity, Eddington fraction (L/L_Edd), and spectral slope. We
focus only on high-ionization BALs and find a number of significant results.
While quasars accreting near the Eddington limit are more likely to show BALs
than lower $L/L_{Edd}$ systems, BALs are present in quasars accreting at only a
few percent Eddington. We find a stronger effect with bolometric luminosity,
such that the most luminous quasars are more likely to show BALs. There is an
additional effect, previously known, that BAL quasars are redder on average
than unabsorbed quasars. The strongest effects involving the quasar physical
properties and BAL properties are related to terminal outflow velocity. Maximum
observed outflow velocities increase with both the bolometric luminosity and
the blueness of the spectral slope, suggesting that the ultraviolet luminosity
to a great extent determines the acceleration. These results support the idea
of outflow acceleration via ultraviolet line scattering.
",astro-ph,"Rajib Ganguly (University of Wyoming); Michael S. Brotherton
  (University of Wyoming); Sabrina Cales (University of Wyoming); Brian
  Scoggins (University of Wyoming); Zhaohui Shang (University of Wyoming; Tianjin Normal University); Marianne Vestergaard (University of
  Arizona/Steward Observatory)",luminosity; acceleration; likely; properties; spectral,9,"Outflows and the Physical Properties of Quasars   We have investigated a sample of 5088 quasars from the Sloan Digital Sky
Survey Second Data Release in order to determine how the frequency and
properties of broad absorptions lines (BALs) depend on black hole mass,
bolometric luminosity, Eddington fraction (L/L_Edd), and spectral slope. We
focus only on high-ionization BALs and find a number of significant results.
While quasars accreting near the Eddington limit are more likely to show BALs
than lower $L/L_{Edd}$ systems, BALs are present in quasars accreting at only a
few percent Eddington. We find a stronger effect with bolometric luminosity,
such that the most luminous quasars are more likely to show BALs. There is an
additional effect, previously known, that BAL quasars are redder on average
than unabsorbed quasars. The strongest effects involving the quasar physical
properties and BAL properties are related to terminal outflow velocity. Maximum
observed outflow velocities increase with both the bolometric luminosity and
the blueness of the spectral slope, suggesting that the ultraviolet luminosity
to a great extent determines the acceleration. These results support the idea
of outflow acceleration via ultraviolet line scattering.
"
705.1565,Neutron stars in Einstein-aether theory,"  As current and future experiments probe strong gravitational regimes around
neutron stars and black holes, it is desirable to have theoretically sound
alternatives to general relativity against which to test observations. Here we
study the consequences of one such generalization, Einstein-aether theory, for
the properties of non-rotating neutron stars. This theory has a parameter range
that satisfies all current weak-field tests. We find that within this range it
leads to lower maximum neutron star masses, as well as larger surface redshifts
at a particular mass, for a given nuclear equation of state. For non-rotating
black holes and neutron stars, the innermost stable circular orbit is only
slightly modified in this theory.
",gr-qc; astro-ph; hep-th,Christopher Eling; Ted Jacobson; M. Coleman Miller,neutron; stars; rotating; holes; theory,9,"Neutron stars in Einstein-aether theory   As current and future experiments probe strong gravitational regimes around
neutron stars and black holes, it is desirable to have theoretically sound
alternatives to general relativity against which to test observations. Here we
study the consequences of one such generalization, Einstein-aether theory, for
the properties of non-rotating neutron stars. This theory has a parameter range
that satisfies all current weak-field tests. We find that within this range it
leads to lower maximum neutron star masses, as well as larger surface redshifts
at a particular mass, for a given nuclear equation of state. For non-rotating
black holes and neutron stars, the innermost stable circular orbit is only
slightly modified in this theory.
"
705.157,Interior of Distorted Black Holes,"  We study the interior of distorted static axisymmetric black holes. We obtain
a general interior solution and study its asymptotics both near the horizon and
singularity. As a special example, we apply the obtained results to the case of
the so-called `caged' black holes.
",gr-qc; hep-th,Valeri P. Frolov and Andrey A. Shoom,holes; black; horizon; study; static,9,"Interior of Distorted Black Holes   We study the interior of distorted static axisymmetric black holes. We obtain
a general interior solution and study its asymptotics both near the horizon and
singularity. As a special example, we apply the obtained results to the case of
the so-called `caged' black holes.
"
705.1685,Scalar perturbations in braneworld cosmology,"  We study the behaviour of scalar perturbations in the radiation-dominated era
of Randall-Sundrum braneworld cosmology by numerically solving the coupled bulk
and brane master wave equations. We find that density perturbations with
wavelengths less than a critical value (set by the bulk curvature length) are
amplified during horizon re-entry. This means that the radiation era matter
power spectrum will be at least an order of magnitude larger than the
predictions of general relativity (GR) on small scales. Conversely, we
explicitly confirm from simulations that the spectrum is identical to GR on
large scales. Although this magnification is not relevant for the cosmic
microwave background or measurements of large scale structure, it will have
some bearing on the formation of primordial black holes in Randall-Sundrum
models.
",astro-ph; gr-qc; hep-th,"Antonio Cardoso; Takashi Hiramatsu; Kazuya Koyama; and Sanjeev S.
  Seahra",perturbations; bulk; scales; radiation; spectrum,9,"Scalar perturbations in braneworld cosmology   We study the behaviour of scalar perturbations in the radiation-dominated era
of Randall-Sundrum braneworld cosmology by numerically solving the coupled bulk
and brane master wave equations. We find that density perturbations with
wavelengths less than a critical value (set by the bulk curvature length) are
amplified during horizon re-entry. This means that the radiation era matter
power spectrum will be at least an order of magnitude larger than the
predictions of general relativity (GR) on small scales. Conversely, we
explicitly confirm from simulations that the spectrum is identical to GR on
large scales. Although this magnification is not relevant for the cosmic
microwave background or measurements of large scale structure, it will have
some bearing on the formation of primordial black holes in Randall-Sundrum
models.
"
705.1686,Forced accretion in stochastically fed AGN and quasars,"  Steady state accretion discs larger than ~ 0.01-0.1 pc are known to be
gravitationally unstable for the accretion rates needed to explain
super-massive black hole (SMBH) activity. We propose that SMBH are fed by a
succession of mass deposition events with randomly directed angular momenta.
Because of incomplete angular momentum cancellation a warped accretion disc
forms in the inner few parsec. The orientation of the disc performs a random
walk. Deposition of new material promotes SMBH accretion at rates much faster
than viscous. Observational implications of this picture include: (i) lighter
accretion discs that can fuel AGN and quasars and yet avoid star formation at R
>> 0.1 pc; (ii) star formation inside the disc is not a function of mass
accretion rate only. It can take place at high or low accretion rates, e.g.,
when too few clouds arrive in the inner region. An example of this might be the
central parsec of our Galaxy. (iii) The discs can form Compton-thick obscuring
structures of ~ parsec size as required in AGN unification models; (iv) faster
black hole growth resulting from misalignment of the disc and the black hole
spin in the early Universe; (v) Isotropic deposition of SMBH energy and
momentum feedback in the galaxy bulge. This may help explain the high
efficiency with which it seems to be operating in the Universe. (vi) No
correlation between SMBH activity and the presence of kiloparsec scale bars or
gaseous discs in galactic bulges; (vii) Bodily collisions between gaseous
components of merging galaxies facilitate production of gas streams feeding the
centre of the combined galaxy. Mergers should thus be catalysts of SMBH growth.
(viii) Conversely, galaxies experiencing fewer mergers are more likely to form
massive nuclear star clusters than feed their SMBHs.
",astro-ph,Sergei Nayakshin and Andrew King (Leicester),accretion; rates; black; hole; galaxy,9,"Forced accretion in stochastically fed AGN and quasars   Steady state accretion discs larger than ~ 0.01-0.1 pc are known to be
gravitationally unstable for the accretion rates needed to explain
super-massive black hole (SMBH) activity. We propose that SMBH are fed by a
succession of mass deposition events with randomly directed angular momenta.
Because of incomplete angular momentum cancellation a warped accretion disc
forms in the inner few parsec. The orientation of the disc performs a random
walk. Deposition of new material promotes SMBH accretion at rates much faster
than viscous. Observational implications of this picture include: (i) lighter
accretion discs that can fuel AGN and quasars and yet avoid star formation at R
>> 0.1 pc; (ii) star formation inside the disc is not a function of mass
accretion rate only. It can take place at high or low accretion rates, e.g.,
when too few clouds arrive in the inner region. An example of this might be the
central parsec of our Galaxy. (iii) The discs can form Compton-thick obscuring
structures of ~ parsec size as required in AGN unification models; (iv) faster
black hole growth resulting from misalignment of the disc and the black hole
spin in the early Universe; (v) Isotropic deposition of SMBH energy and
momentum feedback in the galaxy bulge. This may help explain the high
efficiency with which it seems to be operating in the Universe. (vi) No
correlation between SMBH activity and the presence of kiloparsec scale bars or
gaseous discs in galactic bulges; (vii) Bodily collisions between gaseous
components of merging galaxies facilitate production of gas streams feeding the
centre of the combined galaxy. Mergers should thus be catalysts of SMBH growth.
(viii) Conversely, galaxies experiencing fewer mergers are more likely to form
massive nuclear star clusters than feed their SMBHs.
"
705.1722,Advances in Reverberation Mapping,"  This contribution briefly reviews the reverberation mapping technique which
leads to determination of black hole masses. I focus on the emerging relation
between the broad-line region size and the active galactic nucleus (AGN)
luminosity, and on an overview of recent results of reverberation mapping
studies which are starting to cover the full AGN luminosity range. Preliminary
results and time lag determination from a reverberation mapping program of
high-luminosity quasars are also presented.
",astro-ph,Shai Kaspi,luminosity; agn; broad; active; results,9,"Advances in Reverberation Mapping   This contribution briefly reviews the reverberation mapping technique which
leads to determination of black hole masses. I focus on the emerging relation
between the broad-line region size and the active galactic nucleus (AGN)
luminosity, and on an overview of recent results of reverberation mapping
studies which are starting to cover the full AGN luminosity range. Preliminary
results and time lag determination from a reverberation mapping program of
high-luminosity quasars are also presented.
"
705.1725,Kerr quasinormal modes and Hod's time-temperature bound,"  We give an explicit expression for the frequencies of slowly damped
quasinormal modes of near-extreme Kerr black holes. It follows from this
expression that the near-extreme Kerr holes obey the Hod's bound: in the limit
of maximal rotation, $\lim \sup \omega_{IS}/T\leq \pi / \hbar$, where $\omega
_{IS}$ is the decay rate of the slowest decaying quasinormal mode, $T$ is the
black hole temperature. On the other hand, the bound is not saturated in the
sense that $\lim \inf \omega_{IS}/T< \pi /\hbar$ is a strict inequality. {\it
It remains unclear} whether the bound is saturated in the sense that $\lim \sup
\omega_{IS}/T= \pi /\hbar$.
",gr-qc,A. Gruzinov,pi; bound; expression; sense; holes,9,"Kerr quasinormal modes and Hod's time-temperature bound   We give an explicit expression for the frequencies of slowly damped
quasinormal modes of near-extreme Kerr black holes. It follows from this
expression that the near-extreme Kerr holes obey the Hod's bound: in the limit
of maximal rotation, $\lim \sup \omega_{IS}/T\leq \pi / \hbar$, where $\omega
_{IS}$ is the decay rate of the slowest decaying quasinormal mode, $T$ is the
black hole temperature. On the other hand, the bound is not saturated in the
sense that $\lim \inf \omega_{IS}/T< \pi /\hbar$ is a strict inequality. {\it
It remains unclear} whether the bound is saturated in the sense that $\lim \sup
\omega_{IS}/T= \pi /\hbar$.
"
705.173,Astrophysics in 2006,"  The fastest pulsar and the slowest nova; the oldest galaxies and the youngest
stars; the weirdest life forms and the commonest dwarfs; the highest energy
particles and the lowest energy photons. These were some of the extremes of
Astrophysics 2006. We attempt also to bring you updates on things of which
there is currently only one (habitable planets, the Sun, and the universe) and
others of which there are always many, like meteors and molecules, black holes
and binaries.
",astro-ph,Virginia Trimble; Markus J. Aschwanden; Carl J. Hansen,energy; planets; molecules; photons; 2006,9,"Astrophysics in 2006   The fastest pulsar and the slowest nova; the oldest galaxies and the youngest
stars; the weirdest life forms and the commonest dwarfs; the highest energy
particles and the lowest energy photons. These were some of the extremes of
Astrophysics 2006. We attempt also to bring you updates on things of which
there is currently only one (habitable planets, the Sun, and the universe) and
others of which there are always many, like meteors and molecules, black holes
and binaries.
"
705.1758,The supermassive black hole in NGC4486a detected with SINFONI at the VLT,"  The near-infrared integral field spectrograph SINFONI at the ESO VLT opens a
new window for the study of central supermassive black holes. With a near-IR
spatial resolution similar to HST optical and the ability to penetrate dust it
provides the possibility to explore the low-mass end of the M-sigma relation
(sigma<120km/s) where so far very few black hole masses were measured with
stellar dynamics. With SINFONI we observed the central region of the
low-luminosity elliptical galaxy NGC4486a at a spatial resolution of ~0.1arcsec
in the K band. The stellar kinematics was measured with a maximum penalised
likelihood method considering the region around the CO absorption band heads.
We determined a black hole mass of M_BH=1.25^{+0.75}_{-0.79} x 10^7 M_sun (90%
C.L.) using the Schwarzschild orbit superposition method including the full
2-dimensional spatial information. This mass agrees with the predictions of the
M-sigma relation, strengthening its validity at the lower sigma end.
",astro-ph,N. Nowak; R.P. Saglia; J. Thomas; R. Bender; M. Pannella; K. Gebhardt; R.I. Davies,sigma; spatial; black; end; mass,9,"The supermassive black hole in NGC4486a detected with SINFONI at the VLT   The near-infrared integral field spectrograph SINFONI at the ESO VLT opens a
new window for the study of central supermassive black holes. With a near-IR
spatial resolution similar to HST optical and the ability to penetrate dust it
provides the possibility to explore the low-mass end of the M-sigma relation
(sigma<120km/s) where so far very few black hole masses were measured with
stellar dynamics. With SINFONI we observed the central region of the
low-luminosity elliptical galaxy NGC4486a at a spatial resolution of ~0.1arcsec
in the K band. The stellar kinematics was measured with a maximum penalised
likelihood method considering the region around the CO absorption band heads.
We determined a black hole mass of M_BH=1.25^{+0.75}_{-0.79} x 10^7 M_sun (90%
C.L.) using the Schwarzschild orbit superposition method including the full
2-dimensional spatial information. This mass agrees with the predictions of the
M-sigma relation, strengthening its validity at the lower sigma end.
"
705.1791,Gravity dual of 1+1 dimensional Bjorken expansion,"  We study the application of AdS/CFT duality to longitudinal boost invariant
Bjorken expansion of QCD matter produced in ultrarelativistic heavy ion
collisions. As the exact (1+4)-dimensional bulk solutions for the
(1+3)-dimensional boundary theory are not known, we investigate in detail the
(1+1)-dimensional boundary theory, where the bulk is AdS_3 gravity. We find an
exact bulk solution, show that this solution describes part of the spinless
Banados-Teitelboim-Zanelli (BTZ) black hole with the angular dimension
unwrapped, and use the thermodynamics of the BTZ hole to recover the
time-dependent temperature and entropy density on the boundary. After
separating from the holographic energy-momentum tensor a vacuum contribution,
given by the extremal black hole limit in the bulk, we find that the boundary
fluid is an ideal gas in local thermal equilibrium. Including angular momentum
in the bulk gives a boundary flow that is boost invariant but has a nonzero
longitudinal velocity with respect to the Bjorken expansion.
",hep-th; hep-ph,K. Kajantie; Jorma Louko; T. Tahkokallio,bulk; boundary; hole; dimensional; angular,9,"Gravity dual of 1+1 dimensional Bjorken expansion   We study the application of AdS/CFT duality to longitudinal boost invariant
Bjorken expansion of QCD matter produced in ultrarelativistic heavy ion
collisions. As the exact (1+4)-dimensional bulk solutions for the
(1+3)-dimensional boundary theory are not known, we investigate in detail the
(1+1)-dimensional boundary theory, where the bulk is AdS_3 gravity. We find an
exact bulk solution, show that this solution describes part of the spinless
Banados-Teitelboim-Zanelli (BTZ) black hole with the angular dimension
unwrapped, and use the thermodynamics of the BTZ hole to recover the
time-dependent temperature and entropy density on the boundary. After
separating from the holographic energy-momentum tensor a vacuum contribution,
given by the extremal black hole limit in the bulk, we find that the boundary
fluid is an ideal gas in local thermal equilibrium. Including angular momentum
in the bulk gives a boundary flow that is boost invariant but has a nonzero
longitudinal velocity with respect to the Bjorken expansion.
"
705.1796,"Iron line profiles and self-shadowing from relativistic thick accretion
  discs","  We present Fe Kalpha line profiles from and images of relativistic discs with
finite thickness around a rotating black hole using a novel code. The line is
thought to be produced by iron fluorescence of a relatively cold X-ray
illuminated material in the innermost parts of the accretion disc and provides
an excellent diagnostic of accretion flows in the vicinity of black holes.
Previous studies have concentrated on the case of a thin, Keplerian accretion
disc. This disc must become thicker and sub-Keplerian with increasing accretion
rates. These can affect the line profiles and in turn can influence the
estimation of the accretion disc and black hole parameters from the observed
line profiles. We here embark on, for the first time, a fully relativistic
computation which offers key insights into the effects of geometrical thickness
and the sub-Keplerian orbital velocity on the line profiles. We include all
relativistic effects such as frame-dragging, Doppler boost, time dilation,
gravitational redshift and light bending. We find that the separation and the
relative height between the blue and red peaks of the line profile diminish as
the thickness of the disc increases. This code is also well-suited to produce
accretion disc images. We calculate the redshift and flux images of the
accretion disc and find that the observed image of the disc strongly depends on
the inclination angle. The self-shadowing effect appears remarkable for a high
inclination angle, and leads to the black hole shadow being completely hidden
by the disc itself.
",astro-ph,Sheng-Miao Wu and Ting-Gui Wang,accretion; line; profiles; black; images,9,"Iron line profiles and self-shadowing from relativistic thick accretion
  discs   We present Fe Kalpha line profiles from and images of relativistic discs with
finite thickness around a rotating black hole using a novel code. The line is
thought to be produced by iron fluorescence of a relatively cold X-ray
illuminated material in the innermost parts of the accretion disc and provides
an excellent diagnostic of accretion flows in the vicinity of black holes.
Previous studies have concentrated on the case of a thin, Keplerian accretion
disc. This disc must become thicker and sub-Keplerian with increasing accretion
rates. These can affect the line profiles and in turn can influence the
estimation of the accretion disc and black hole parameters from the observed
line profiles. We here embark on, for the first time, a fully relativistic
computation which offers key insights into the effects of geometrical thickness
and the sub-Keplerian orbital velocity on the line profiles. We include all
relativistic effects such as frame-dragging, Doppler boost, time dilation,
gravitational redshift and light bending. We find that the separation and the
relative height between the blue and red peaks of the line profile diminish as
the thickness of the disc increases. This code is also well-suited to produce
accretion disc images. We calculate the redshift and flux images of the
accretion disc and find that the observed image of the disc strongly depends on
the inclination angle. The self-shadowing effect appears remarkable for a high
inclination angle, and leads to the black hole shadow being completely hidden
by the disc itself.
"
705.18,Kinematics of Black Hole X-ray Binary GRS 1915+105,"  The space velocity of a stellar black hole encodes the history of its
formation and evolution. Here we measure the 3-dimensional motion of the
microquasar GRS 1915+105, using a decade of astrometry with the NRAO Very Long
Baseline Array, together with the published radial velocity. The velocity in
the Galactic Plane deviates from circular rotation by 53-80 +_ 8 km/s, where
the range covers any specific distance from 6-12 kpc. Perpendicular to the
plane, the velocity is only 10 +_ 4 km/s. The peculiar velocity is minimized at
a distance 9-10 kpc, and is then nearly in the radial direction towards the
Galactic Center. We discuss mechanisms for the origin of the peculiar velocity,
and conclude that it is most likely a consequence of Galactic velocity
diffusion on this old binary, rather than the result of a supernova kick during
the formation of the 14 Mo black hole. Finally, a brief comparison is made with
4 other BH binaries whose kinematics are well determined.
",astro-ph,V. Dhawan; I. F. Mirabel; M. Ribo; I. Rodrigues,velocity; galactic; kpc; km; radial,9,"Kinematics of Black Hole X-ray Binary GRS 1915+105   The space velocity of a stellar black hole encodes the history of its
formation and evolution. Here we measure the 3-dimensional motion of the
microquasar GRS 1915+105, using a decade of astrometry with the NRAO Very Long
Baseline Array, together with the published radial velocity. The velocity in
the Galactic Plane deviates from circular rotation by 53-80 +_ 8 km/s, where
the range covers any specific distance from 6-12 kpc. Perpendicular to the
plane, the velocity is only 10 +_ 4 km/s. The peculiar velocity is minimized at
a distance 9-10 kpc, and is then nearly in the radial direction towards the
Galactic Center. We discuss mechanisms for the origin of the peculiar velocity,
and conclude that it is most likely a consequence of Galactic velocity
diffusion on this old binary, rather than the result of a supernova kick during
the formation of the 14 Mo black hole. Finally, a brief comparison is made with
4 other BH binaries whose kinematics are well determined.
"
705.1816,Gravitational effects in ultrahigh-energy string scattering,"  Ultrahigh-energy string scattering is investigated to clarify the relative
role of string and gravitational effects, and their possible contributions to
nonlocal behavior. Different regimes can be characterized by varying the impact
parameter at fixed energy. In the regime where momentum transfers reach the
string scale, string effects appear subdominant to higher-loop gravitational
processes, approximated via the eikonal. At smaller impact parameters,
""diffractive"" or ""tidal"" string excitation leads to processes dominated by
highly excited strings. However, new evidence is presented that these
excitation effects do not play a direct role in black hole formation, which
corresponds to breakdown of gravitational perturbation theory and appears to
dominate at sufficiently small impact parameters. The estimated amplitudes
violate expected bounds on high-energy behavior for local theories.
",hep-th; gr-qc,Steven B. Giddings; David J. Gross; and Anshuman Maharana,string; impact; gravitational; effects; excitation,9,"Gravitational effects in ultrahigh-energy string scattering   Ultrahigh-energy string scattering is investigated to clarify the relative
role of string and gravitational effects, and their possible contributions to
nonlocal behavior. Different regimes can be characterized by varying the impact
parameter at fixed energy. In the regime where momentum transfers reach the
string scale, string effects appear subdominant to higher-loop gravitational
processes, approximated via the eikonal. At smaller impact parameters,
""diffractive"" or ""tidal"" string excitation leads to processes dominated by
highly excited strings. However, new evidence is presented that these
excitation effects do not play a direct role in black hole formation, which
corresponds to breakdown of gravitational perturbation theory and appears to
dominate at sufficiently small impact parameters. The estimated amplitudes
violate expected bounds on high-energy behavior for local theories.
"
705.184,Black Saturn with dipole ring,"  We present a new stationary, asymptotically flat solution of 5D
Einstein-Maxwell gravity describing a Saturn-like black object: a rotating
black hole surrounded by a rotating dipole black ring. The solution is
generated by combining the vacuum black Saturn solution and the vacuum black
ring solution with appropriately chosen parameters. Some basic properties of
the solution are analyzed and the basic quantities are calculated.
",hep-th,Stoytcho Yazadjiev,black; solution; rotating; ring; basic,9,"Black Saturn with dipole ring   We present a new stationary, asymptotically flat solution of 5D
Einstein-Maxwell gravity describing a Saturn-like black object: a rotating
black hole surrounded by a rotating dipole black ring. The solution is
generated by combining the vacuum black Saturn solution and the vacuum black
ring solution with appropriately chosen parameters. Some basic properties of
the solution are analyzed and the basic quantities are calculated.
"
705.1847,Precision Entropy of Spinning Black Holes,"  We construct spinning black hole solutions in five dimensions that take into
account the mixed gauge-gravitational Chern-Simons term and its supersymmetric
completion. The resulting entropy formula is discussed from several points of
view. We include a Taub-NUT base space in order to test recent conjectures
relating 5D black holes to 4D black holes and the topological string. Our
explicit results show that certain charge shifts have to be taken into account
for these relations to hold. We also compute corrections to the entropy of
black rings in terms of near horizon data.
",hep-th,Alejandra Castro; Joshua L. Davis; Per Kraus and Finn Larsen,black; entropy; holes; account; horizon,9,"Precision Entropy of Spinning Black Holes   We construct spinning black hole solutions in five dimensions that take into
account the mixed gauge-gravitational Chern-Simons term and its supersymmetric
completion. The resulting entropy formula is discussed from several points of
view. We include a Taub-NUT base space in order to test recent conjectures
relating 5D black holes to 4D black holes and the topological string. Our
explicit results show that certain charge shifts have to be taken into account
for these relations to hold. We also compute corrections to the entropy of
black rings in terms of near horizon data.
"
705.2028,"Theory of superfast fronts of impact ionization in semiconductor
  structures","  We present an analytical theory for impact ionization fronts in reversely
biased p^{+}-n-n^{+} structures. The front propagates into a depleted n base
with a velocity that exceeds the saturated drift velocity. The front passage
generates a dense electron-hole plasma and in this way switches the structure
from low to high conductivity. For a planar front we determine the
concentration of the generated plasma, the maximum electric field, the front
width and the voltage over the n base as functions of front velocity and doping
of the n base. Theory takes into account that drift velocities and impact
ionization coefficients differ between electrons and holes, and it makes
quantitative predictions for any semiconductor material possible.
",cond-mat.mtrl-sci; nlin.PS,Pavel Rodin; Ute Ebert; Andrey Minarsky and Igor Grekhov,velocity; impact; plasma; theory; velocities,9,"Theory of superfast fronts of impact ionization in semiconductor
  structures   We present an analytical theory for impact ionization fronts in reversely
biased p^{+}-n-n^{+} structures. The front propagates into a depleted n base
with a velocity that exceeds the saturated drift velocity. The front passage
generates a dense electron-hole plasma and in this way switches the structure
from low to high conductivity. For a planar front we determine the
concentration of the generated plasma, the maximum electric field, the front
width and the voltage over the n base as functions of front velocity and doping
of the n base. Theory takes into account that drift velocities and impact
ionization coefficients differ between electrons and holes, and it makes
quantitative predictions for any semiconductor material possible.
"
705.2035,Head-On collisions of different initial data,"  We discuss possible origins for discrepancies observed in the radiated
energies in head-on collisions of non-spinning binaries starting from
Brill-Lindquist and superposed Kerr-Schild data. For this purpose, we discuss
the impact of different choices of gauge parameters and a small initial boost
of the black holes.
",gr-qc,"Ulrich Sperhake; Bernd Bruegmann; Jose Gonzalez; Mark Hannam; Sascha
  Husa",discuss; impact; collisions; holes; energies,9,"Head-On collisions of different initial data   We discuss possible origins for discrepancies observed in the radiated
energies in head-on collisions of non-spinning binaries starting from
Brill-Lindquist and superposed Kerr-Schild data. For this purpose, we discuss
the impact of different choices of gauge parameters and a small initial boost
of the black holes.
"
705.2047,"Non-Metric Gravity II: Spherically Symmetric Solution, Missing Mass and
  Redshifts of Quasars","  We continue the study of the non-metric theory of gravity introduced in
hep-th/0611182 and gr-qc/0703002 and obtain its general spherically symmetric
vacuum solution. It respects the analog of the Birkhoff theorem, i.e., the
vacuum spherically symmetric solution is necessarily static. As in general
relativity, the spherically symmetric solution is seen to describe a black
hole. The exterior geometry is essentially the same as in the Schwarzschild
case, with power-law corrections to the Newtonian potential. The behavior
inside the black-hole region is different from the Schwarzschild case in that
the usual spacetime singularity gets replaced by a singular surface of a new
type, where all basic fields of the theory remain finite but metric ceases to
exist. The theory does not admit arbitrarily small black holes: for small
objects, the curvature on the would-be horizon is so strong that non-metric
modifications prevent the horizon from being formed. The theory allows for
modifications of gravity of very interesting nature. We discuss three physical
effects, namely, (i) correction to Newton's law in the neighborhood of the
source, (ii) renormalization of effective gravitational and cosmological
constants at large distances from the source, and (iii) additional redshift
factor between spatial regions of different curvature. The first two effects
can be responsible, respectively, for the observed anomaly in the acceleration
of the Pioneer spacecraft and for the alleged missing mass in spiral galaxies
and other astrophysical objects. The third effect can be used to propose a
non-cosmological explanation of high redshifts of quasars and gamma-ray bursts.
",gr-qc; astro-ph; hep-th,Kirill Krasnov; Yuri Shtanov,metric; symmetric; black; solution; theory,9,"Non-Metric Gravity II: Spherically Symmetric Solution, Missing Mass and
  Redshifts of Quasars   We continue the study of the non-metric theory of gravity introduced in
hep-th/0611182 and gr-qc/0703002 and obtain its general spherically symmetric
vacuum solution. It respects the analog of the Birkhoff theorem, i.e., the
vacuum spherically symmetric solution is necessarily static. As in general
relativity, the spherically symmetric solution is seen to describe a black
hole. The exterior geometry is essentially the same as in the Schwarzschild
case, with power-law corrections to the Newtonian potential. The behavior
inside the black-hole region is different from the Schwarzschild case in that
the usual spacetime singularity gets replaced by a singular surface of a new
type, where all basic fields of the theory remain finite but metric ceases to
exist. The theory does not admit arbitrarily small black holes: for small
objects, the curvature on the would-be horizon is so strong that non-metric
modifications prevent the horizon from being formed. The theory allows for
modifications of gravity of very interesting nature. We discuss three physical
effects, namely, (i) correction to Newton's law in the neighborhood of the
source, (ii) renormalization of effective gravitational and cosmological
constants at large distances from the source, and (iii) additional redshift
factor between spatial regions of different curvature. The first two effects
can be responsible, respectively, for the observed anomaly in the acceleration
of the Pioneer spacecraft and for the alleged missing mass in spiral galaxies
and other astrophysical objects. The third effect can be used to propose a
non-cosmological explanation of high redshifts of quasars and gamma-ray bursts.
"
705.2053,"Klimontovich`s S theorem in nonextensive formalism and the problem of
  constraints","  Ordinary Boltzmann-Gibbs entropy is inadequate to be used in systems
depending on a control parameter that yield different mean energy values. Such
systems fail to give the correct comparison between the off-equilibrium and
equilibrium entropy values. Klimontovich's S theorem solves this problem by
renormalizing energy and making use of escort distributions. Since nonextensive
thermostatistics is a generalization of Boltzmann-Gibbs entropy, it too
exhibits this same deficiency. In order to remedy this, we present the
nonextensive generalization of Klimontovich's S theorem. We show that this
generalization requires the use of ordinary probability and the associated
relative entropy in addition to the renormalization of energy. Lastly, we
illustrate the generalized S theorem for the Van der Pol oscillator.
",cond-mat.stat-mech,G. B. Bagci,entropy; generalization; theorem; equilibrium; energy,9,"Klimontovich`s S theorem in nonextensive formalism and the problem of
  constraints   Ordinary Boltzmann-Gibbs entropy is inadequate to be used in systems
depending on a control parameter that yield different mean energy values. Such
systems fail to give the correct comparison between the off-equilibrium and
equilibrium entropy values. Klimontovich's S theorem solves this problem by
renormalizing energy and making use of escort distributions. Since nonextensive
thermostatistics is a generalization of Boltzmann-Gibbs entropy, it too
exhibits this same deficiency. In order to remedy this, we present the
nonextensive generalization of Klimontovich's S theorem. We show that this
generalization requires the use of ordinary probability and the associated
relative entropy in addition to the renormalization of energy. Lastly, we
illustrate the generalized S theorem for the Van der Pol oscillator.
"
705.2068,Hawking radiation from black holes in de Sitter spaces,"  Recently, Hawking radiation has been treated, by Robinson and Wilczek, as a
compensating flux of the energy momentum tensor required to cancel gavitational
anomaly at the event horizon(EH) of a Schwarzschild-type black hole. In this
paper, motivated by their work, Hawking radiation from the event horizon(EH)
and the de Sitter cosmological horizon(CH) of black holes in de Sitter spaces,
specifically including the purely de Sitter black hole, and the static,
spherically symmetric Schwarzschild-de Sitter black hole as well as the
rotating Kerr-de Sitter black hole, has been studied by anomalies. The result
shows that the gauge current and energy momentum tensor fluxes, required to
restore gauge invariance and general coordinate covariance at the EH and the
CH, are precisely equal to those of Hawking radiation from the EH and the CH,
respectively. It should be noted that, gauge and gravitational anomalies taken
place at the cosmological horizon(CH) arise from the fact that the effective
field theory is formulated inside the CH to integrate out the classically
irrelevant outgoing modes at the CH, which is different from those at the black
hole horizon(EH).
",hep-th,Qing-Quan Jiang,horizon; black; hole; radiation; gauge,9,"Hawking radiation from black holes in de Sitter spaces   Recently, Hawking radiation has been treated, by Robinson and Wilczek, as a
compensating flux of the energy momentum tensor required to cancel gavitational
anomaly at the event horizon(EH) of a Schwarzschild-type black hole. In this
paper, motivated by their work, Hawking radiation from the event horizon(EH)
and the de Sitter cosmological horizon(CH) of black holes in de Sitter spaces,
specifically including the purely de Sitter black hole, and the static,
spherically symmetric Schwarzschild-de Sitter black hole as well as the
rotating Kerr-de Sitter black hole, has been studied by anomalies. The result
shows that the gauge current and energy momentum tensor fluxes, required to
restore gauge invariance and general coordinate covariance at the EH and the
CH, are precisely equal to those of Hawking radiation from the EH and the CH,
respectively. It should be noted that, gauge and gravitational anomalies taken
place at the cosmological horizon(CH) arise from the fact that the effective
field theory is formulated inside the CH to integrate out the classically
irrelevant outgoing modes at the CH, which is different from those at the black
hole horizon(EH).
"
705.207,Power-law corrections to entanglement entropy of horizons,"  We re-examine the idea that the origin of black-hole entropy may lie in the
entanglement of quantum fields between inside and outside of the horizon.
Motivated by the observation that certain modes of gravitational fluctuations
in a black-hole background behave as scalar fields, we compute the entanglement
entropy of such a field, by tracing over its degrees of freedom inside a
sphere. We show that while this entropy is proportional to the area of the
sphere when the field is in its ground state, a correction term proportional to
a fractional power of area results when the field is in a superposition of
ground and excited states. The area law is thus recovered for large areas.
Further, we identify location of the degrees of freedom that give rise to the
above entropy.
",gr-qc; hep-th; quant-ph,"Saurya Das (U. Lethbridge); S. Shankaranarayanan (AEI; Golm); Sourav
  Sur (U. Lethbridge)",entropy; area; sphere; entanglement; inside,9,"Power-law corrections to entanglement entropy of horizons   We re-examine the idea that the origin of black-hole entropy may lie in the
entanglement of quantum fields between inside and outside of the horizon.
Motivated by the observation that certain modes of gravitational fluctuations
in a black-hole background behave as scalar fields, we compute the entanglement
entropy of such a field, by tracing over its degrees of freedom inside a
sphere. We show that while this entropy is proportional to the area of the
sphere when the field is in its ground state, a correction term proportional to
a fractional power of area results when the field is in a superposition of
ground and excited states. The area law is thus recovered for large areas.
Further, we identify location of the degrees of freedom that give rise to the
above entropy.
"
705.2149,Entropy Function for Non-extremal D1D5 and D2D6NS5-branes,"  We apply the entropy function formalism to non-extremal D1D5 and
D2D6NS5-branes whose throat approximation is given by the Schwarzschild black
hole in AdS_3\times S^3\times T^4 and AdS_3\times S^2\times S^1\times T^4,
respectively. We find the Bekenstein-Hawking entropy and the (alpha')^3R^4
corrections from the value of the entropy function at its saddle point. While
the higher derivative terms have no effect on the temperature, they decrease
the value of the entropy.
",hep-th,Mohammad R. Garousi and Ahmad Ghodsi,times; entropy; value; function; corrections,9,"Entropy Function for Non-extremal D1D5 and D2D6NS5-branes   We apply the entropy function formalism to non-extremal D1D5 and
D2D6NS5-branes whose throat approximation is given by the Schwarzschild black
hole in AdS_3\times S^3\times T^4 and AdS_3\times S^2\times S^1\times T^4,
respectively. We find the Bekenstein-Hawking entropy and the (alpha')^3R^4
corrections from the value of the entropy function at its saddle point. While
the higher derivative terms have no effect on the temperature, they decrease
the value of the entropy.
"
705.2223,"The bang of a white hole in the early universe from a 6D vacuum state:
  Origin of astrophysical spectrum","  Using a previously introduced model in which the expansion of the universe is
driven by a single scalar field subject to gravitational attraction induced by
a white hole during the expansion (from a 6D vacuum state), we study the origin
of squared inflaton fluctuations spectrum on astrophysical scales.
",astro-ph; gr-qc; hep-th,Mauricio Bellini (Mar del Plata University - CONICET),expansion; white; driven; vacuum; origin,9,"The bang of a white hole in the early universe from a 6D vacuum state:
  Origin of astrophysical spectrum   Using a previously introduced model in which the expansion of the universe is
driven by a single scalar field subject to gravitational attraction induced by
a white hole during the expansion (from a 6D vacuum state), we study the origin
of squared inflaton fluctuations spectrum on astrophysical scales.
"
705.2233,Gravitational anomalies: a recipe for Hawking radiation,"  We explore the method of Robinson and Wilczek for deriving the Hawking
temperature of a black hole. In this method, the Hawking radiation restores
general covariance in an effective theory of near-horizon physics which
otherwise exhibits a gravitational anomaly at the quantum level. The method has
been shown to work for broad classes of black holes in arbitrary spacetime
dimensions. These include static black holes, accreting or evaporating black
holes, charged black holes, rotating black holes, and even black rings. In the
case of charged and rotating black holes, the expected super-radiant current is
also reproduced.
",hep-th; astro-ph; gr-qc,Saurya Das; Sean P. Robinson; Elias C. Vagenas,black; holes; rotating; charged; method,9,"Gravitational anomalies: a recipe for Hawking radiation   We explore the method of Robinson and Wilczek for deriving the Hawking
temperature of a black hole. In this method, the Hawking radiation restores
general covariance in an effective theory of near-horizon physics which
otherwise exhibits a gravitational anomaly at the quantum level. The method has
been shown to work for broad classes of black holes in arbitrary spacetime
dimensions. These include static black holes, accreting or evaporating black
holes, charged black holes, rotating black holes, and even black rings. In the
case of charged and rotating black holes, the expected super-radiant current is
also reproduced.
"
705.2238,"A unified model for AGN feedback in cosmological simulations of
  structure formation","  We discuss a numerical model for black hole growth and its associated
feedback processes that for the first time allows cosmological simulations of
structure formation to self-consistently follow the build up of the cosmic
population of galaxies and active galactic nuclei. Our model assumes that seed
black holes are present at early cosmic epochs at the centres of forming halos.
We then track their growth from gas accretion and mergers with other black
holes in the course of cosmic time. For black holes that are active, we
distinguish between two distinct modes of feedback, depending on the black hole
accretion rate itself. Black holes that accrete at high rates are assumed to be
in a `quasar regime', where we model their feedback by thermally coupling a
small fraction of their bolometric luminosity to the surrounding gas. For black
holes with low accretion rates, we conjecture that most of their feedback
occurs in mechanical form, where AGN-driven bubbles are injected into a gaseous
environment. Using our new model, we carry out TreeSPH cosmological simulations
on the scales of individual galaxies to those of massive galaxy clusters, both
for isolated systems and for cosmological boxes. We demonstrate that our model
produces results for the black hole and stellar mass densities in broad
agreement with observational constraints. We find that the black holes
significantly influence the evolution of their host galaxies, changing their
star formation history, their amount of cold gas, and their colours. Also, the
properties of intracluster gas are affected strongly by the presence of massive
black holes in the cores of galaxy clusters, leading to shallower metallicity
and entropy profiles, and to a suppression of strong cooling flows. [Abridged]
",astro-ph,"Debora Sijacki (1); Volker Springel (1); Tiziana Di Matteo (2); and
  Lars Hernquist (3) ((1) MPA; (2) CMU; (3) Harvard-CfA)",black; holes; gas; accretion; cosmic,9,"A unified model for AGN feedback in cosmological simulations of
  structure formation   We discuss a numerical model for black hole growth and its associated
feedback processes that for the first time allows cosmological simulations of
structure formation to self-consistently follow the build up of the cosmic
population of galaxies and active galactic nuclei. Our model assumes that seed
black holes are present at early cosmic epochs at the centres of forming halos.
We then track their growth from gas accretion and mergers with other black
holes in the course of cosmic time. For black holes that are active, we
distinguish between two distinct modes of feedback, depending on the black hole
accretion rate itself. Black holes that accrete at high rates are assumed to be
in a `quasar regime', where we model their feedback by thermally coupling a
small fraction of their bolometric luminosity to the surrounding gas. For black
holes with low accretion rates, we conjecture that most of their feedback
occurs in mechanical form, where AGN-driven bubbles are injected into a gaseous
environment. Using our new model, we carry out TreeSPH cosmological simulations
on the scales of individual galaxies to those of massive galaxy clusters, both
for isolated systems and for cosmological boxes. We demonstrate that our model
produces results for the black hole and stellar mass densities in broad
agreement with observational constraints. We find that the black holes
significantly influence the evolution of their host galaxies, changing their
star formation history, their amount of cold gas, and their colours. Also, the
properties of intracluster gas are affected strongly by the presence of massive
black holes in the cores of galaxy clusters, leading to shallower metallicity
and entropy profiles, and to a suppression of strong cooling flows. [Abridged]
"
705.2244,"Viscous Torque and Dissipation in the Inner Region of a Thin Accretion
  Disk: Implications for Measuring Black Hole Spin","  We consider a simple Newtonian model of a steady accretion disk around a
black hole. The model is based on height-integrated hydrodynamic equations,
alpha-viscosity, and a pseudo-Newtonian potential that results in an innermost
stable circular orbit (ISCO) that closely approximates the one predicted by GR.
We find that the hydrodynamic models exhibit increasing deviations from the
standard disk model of Shakura & Sunyaev as disk thickness H/R or the value of
alpha increases. The latter is an analytical model in which the viscous torque
is assumed to vanish at the ISCO. We consider the implications of the results
for attempts to estimate black hole spin by using the standard disk model to
fit continuum spectra of black hole accretion disks. We find that the error in
the spin estimate is quite modest so long as H/R < 0.1 and alpha < 0.2. At
worst the error in the estimated value of the spin parameter is 0.1 for a
non-spinning black hole; the error is much less for a rapidly spinning hole. We
also consider the density and disk thickness contrast between the gas in the
disk and that inside the ISCO. The contrast needs to be large if black hole
spin is to be successfully estimated by fitting the relativistically-broadened
X-ray line profile of fluorescent iron emission from reflection off an
accretion disk. In our hydrodynamic models, the contrast in density and
thickness is low when H/R>0.1, sugesting that the iron line technique may be
most reliable in extemely thin disks. We caution that these results have been
obtained with a viscous hydrodynamic model and need to be confirmed with MHD
simulations of radiatively cooled thin disks.
",astro-ph,Rebecca Shafee; Ramesh Narayan; Jeffrey E. McClintock,disk; hole; black; disks; model,9,"Viscous Torque and Dissipation in the Inner Region of a Thin Accretion
  Disk: Implications for Measuring Black Hole Spin   We consider a simple Newtonian model of a steady accretion disk around a
black hole. The model is based on height-integrated hydrodynamic equations,
alpha-viscosity, and a pseudo-Newtonian potential that results in an innermost
stable circular orbit (ISCO) that closely approximates the one predicted by GR.
We find that the hydrodynamic models exhibit increasing deviations from the
standard disk model of Shakura & Sunyaev as disk thickness H/R or the value of
alpha increases. The latter is an analytical model in which the viscous torque
is assumed to vanish at the ISCO. We consider the implications of the results
for attempts to estimate black hole spin by using the standard disk model to
fit continuum spectra of black hole accretion disks. We find that the error in
the spin estimate is quite modest so long as H/R < 0.1 and alpha < 0.2. At
worst the error in the estimated value of the spin parameter is 0.1 for a
non-spinning black hole; the error is much less for a rapidly spinning hole. We
also consider the density and disk thickness contrast between the gas in the
disk and that inside the ISCO. The contrast needs to be large if black hole
spin is to be successfully estimated by fitting the relativistically-broadened
X-ray line profile of fluorescent iron emission from reflection off an
accretion disk. In our hydrodynamic models, the contrast in density and
thickness is low when H/R>0.1, sugesting that the iron line technique may be
most reliable in extemely thin disks. We caution that these results have been
obtained with a viscous hydrodynamic model and need to be confirmed with MHD
simulations of radiatively cooled thin disks.
"
705.2254,Quasi-normal modes for black hole solutions unknown in analytical form,"  We review the papers [1-3]. We discuss possibilities of studying the
quasi-normal modes of black holes that are not known in an analytical form.
Such black holes appear as solutions in various theoretical models and real
astrophysical approximations when one takes into account the black hole
neighborhood.
",gr-qc,Alexander Zhidenko,black; holes; appear; review; analytical,9,"Quasi-normal modes for black hole solutions unknown in analytical form   We review the papers [1-3]. We discuss possibilities of studying the
quasi-normal modes of black holes that are not known in an analytical form.
Such black holes appear as solutions in various theoretical models and real
astrophysical approximations when one takes into account the black hole
neighborhood.
"
705.2269,"Direct cosmological simulations of the growth of black holes and
  galaxies","  We investigate the coupled formation and evolution of galaxies and their
embedded supermassive black holes using state-of-the-art hydrodynamic
simulations of cosmological structure formation. For the first time, we
self-consistently follow the dark matter dynamics, radiative gas cooling, star
formation, as well as black hole growth and associated feedback processes,
starting directly from initial conditions appropriate for the LambdaCDM
cosmology. Our modeling of the black hole physics is based on an approach we
have developed in simulations of isolated galaxy mergers. Here we examine: (i)
the predicted global history of black hole mass assembly (ii) the evolution of
the local black hole-host mass correlations and (iii) the conditions that allow
rapid growth of the first quasars, and the properties of their hosts and
descendants today. We find a total black hole mass density in good agreement
with observational estimates. The black hole accretion rate density peaks at
lower redshift and evolves more strongly at high redshift than the star
formation rate density, but the ratio of black hole to stellar mass densities
shows only a moderate evolution at low redshifts. We find strong correlations
between black hole masses and properties of the stellar systems, agreeing well
with the measured local M_BH-sigma and M_BH -M_* relationships, but also
suggesting (dependent on the mass range) a weak evolution with redshift in the
normalization and the slope. Our simulations also produce massive black holes
at high redshift, due to extended periods of exponential growth in regions that
collapse early and exhibit strong gas inflows. These first supermassive BH
systems however are not necessarily the most massive ones today, since they are
often overtaken in growth by quasars that form later. (abridged)
",astro-ph,Tiziana Di Matteo (CMU); Joerg Colberg (CMU); Volker Springel (MPA); Lars Hernquist (CfA) and Debora Sijacki (MPA),black; hole; growth; redshift; mass,9,"Direct cosmological simulations of the growth of black holes and
  galaxies   We investigate the coupled formation and evolution of galaxies and their
embedded supermassive black holes using state-of-the-art hydrodynamic
simulations of cosmological structure formation. For the first time, we
self-consistently follow the dark matter dynamics, radiative gas cooling, star
formation, as well as black hole growth and associated feedback processes,
starting directly from initial conditions appropriate for the LambdaCDM
cosmology. Our modeling of the black hole physics is based on an approach we
have developed in simulations of isolated galaxy mergers. Here we examine: (i)
the predicted global history of black hole mass assembly (ii) the evolution of
the local black hole-host mass correlations and (iii) the conditions that allow
rapid growth of the first quasars, and the properties of their hosts and
descendants today. We find a total black hole mass density in good agreement
with observational estimates. The black hole accretion rate density peaks at
lower redshift and evolves more strongly at high redshift than the star
formation rate density, but the ratio of black hole to stellar mass densities
shows only a moderate evolution at low redshifts. We find strong correlations
between black hole masses and properties of the stellar systems, agreeing well
with the measured local M_BH-sigma and M_BH -M_* relationships, but also
suggesting (dependent on the mass range) a weak evolution with redshift in the
normalization and the slope. Our simulations also produce massive black holes
at high redshift, due to extended periods of exponential growth in regions that
collapse early and exhibit strong gas inflows. These first supermassive BH
systems however are not necessarily the most massive ones today, since they are
often overtaken in growth by quasars that form later. (abridged)
"
705.2283,"Studies of Thermally Unstable Accretion Disks around Black Holes with
  Adaptive Pseudo-Spectral Domain Decomposition Method I. Limit-Cycle Behavior
  in the Case of Moderate Viscosity","  We present a numerical method for spatially 1.5-dimensional and
time-dependent studies of accretion disks around black holes, that is
originated from a combination of the standard pseudo-spectral method and the
adaptive domain decomposition method existing in the literature, but with a
number of improvements in both the numerical and physical senses. In
particular, we introduce a new treatment for the connection at the interfaces
of decomposed subdomains, construct an adaptive function for the mapping
between the Chebyshev-Gauss-Lobatto collocation points and the physical
collocation points in each subdomain, and modify the over-simplified
1-dimensional basic equations of accretion flows to account for the effects of
viscous stresses in both the azimuthal and radial directions. Our method is
verified by reproducing the best results obtained previously by Szuszkiewicz &
Miller on the limit-cycle behavior of thermally unstable accretion disks with
moderate viscosity. A new finding is that, according to our computations, the
Bernoulli function of the matter in such disks is always and everywhere
negative, so that outflows are unlikely to originate from these disks. We are
encouraged to study the more difficult case of thermally unstable accretion
disks with strong viscosity, and wish to report our results in a subsequent
paper.
",astro-ph,Shuang-Liang Li; Li Xue; and Ju-Fu Lu,disks; accretion; method; points; physical,9,"Studies of Thermally Unstable Accretion Disks around Black Holes with
  Adaptive Pseudo-Spectral Domain Decomposition Method I. Limit-Cycle Behavior
  in the Case of Moderate Viscosity   We present a numerical method for spatially 1.5-dimensional and
time-dependent studies of accretion disks around black holes, that is
originated from a combination of the standard pseudo-spectral method and the
adaptive domain decomposition method existing in the literature, but with a
number of improvements in both the numerical and physical senses. In
particular, we introduce a new treatment for the connection at the interfaces
of decomposed subdomains, construct an adaptive function for the mapping
between the Chebyshev-Gauss-Lobatto collocation points and the physical
collocation points in each subdomain, and modify the over-simplified
1-dimensional basic equations of accretion flows to account for the effects of
viscous stresses in both the azimuthal and radial directions. Our method is
verified by reproducing the best results obtained previously by Szuszkiewicz &
Miller on the limit-cycle behavior of thermally unstable accretion disks with
moderate viscosity. A new finding is that, according to our computations, the
Bernoulli function of the matter in such disks is always and everywhere
negative, so that outflows are unlikely to originate from these disks. We are
encouraged to study the more difficult case of thermally unstable accretion
disks with strong viscosity, and wish to report our results in a subsequent
paper.
"
705.2306,Near-Extreme Black Holes and the Universal Relaxation Bound,"  A fundamental bound on the relaxation time \tau of a perturbed
thermodynamical system has recently been derived, \tau \geq \hbar/\pi T, where
$T$ is the system's temperature. We demonstrate analytically that black holes
saturate this bound in the extremal limit and for large values of the azimuthal
number m of the perturbation field.
",gr-qc; astro-ph; hep-th,Shahar Hod,tau; bound; relaxation; perturbation; holes,9,"Near-Extreme Black Holes and the Universal Relaxation Bound   A fundamental bound on the relaxation time \tau of a perturbed
thermodynamical system has recently been derived, \tau \geq \hbar/\pi T, where
$T$ is the system's temperature. We demonstrate analytically that black holes
saturate this bound in the extremal limit and for large values of the azimuthal
number m of the perturbation field.
"
705.2411,"Equations of motion, initial and boundary conditions for GRB","  We compare and contrast the different approaches to the optically thick
adiabatic phase of GRB all the way to the transparency. Special attention is
given to the role of the rate equation to be self consistently solved with the
relativistic hydrodynamic equations. The works of Shemi and Piran (1990),
Piran, Shemi and Narayan (1993), Meszaros, Laguna and Rees (1993) and Ruffini,
Salmonson, Wilson and Xue (1999,2000) are compared and contrasted. The role of
the baryonic loading in these three treatments is pointed out. Constraints on
initial conditions for the fireball produced by electro-magnetic black hole are
obtained.
",astro-ph,"Carlo Luciano Bianco; Remo Ruffini; Gregory Vereshchagin; She-Sheng
  Xue",role; approaches; contrast; relativistic; produced,9,"Equations of motion, initial and boundary conditions for GRB   We compare and contrast the different approaches to the optically thick
adiabatic phase of GRB all the way to the transparency. Special attention is
given to the role of the rate equation to be self consistently solved with the
relativistic hydrodynamic equations. The works of Shemi and Piran (1990),
Piran, Shemi and Narayan (1993), Meszaros, Laguna and Rees (1993) and Ruffini,
Salmonson, Wilson and Xue (1999,2000) are compared and contrasted. The role of
the baryonic loading in these three treatments is pointed out. Constraints on
initial conditions for the fireball produced by electro-magnetic black hole are
obtained.
"
705.243,Poincare recurrences of Schwarzschild black holes,"  We discuss massive scalar perturbations of a Schwarzschild black hole. We
argue that quantum effects alter the effective potential near the horizon
resulting in Poincare recurrences in Green functions. Results at the
semi-classical level are independent of the details of the modification of the
potential provided its minimum near the horizon is inversely proportional to
the square of the Poincare time. This modification may be viewed as a change in
the near-horizon geometry. We consider explicitly the examples of a brick wall,
a smooth cutoff and a wormhole-like modification showing that they all lead to
the same results at leading order.
",hep-th; gr-qc,George Siopsis,horizon; near; potential; perturbations; showing,9,"Poincare recurrences of Schwarzschild black holes   We discuss massive scalar perturbations of a Schwarzschild black hole. We
argue that quantum effects alter the effective potential near the horizon
resulting in Poincare recurrences in Green functions. Results at the
semi-classical level are independent of the details of the modification of the
potential provided its minimum near the horizon is inversely proportional to
the square of the Poincare time. This modification may be viewed as a change in
the near-horizon geometry. We consider explicitly the examples of a brick wall,
a smooth cutoff and a wormhole-like modification showing that they all lead to
the same results at leading order.
"
705.2465,The Real Solution to Scalar Field Equation in 5D Black String Space,"  After the nontrivial quantum parameters $\Omega_{n}$ and quantum potentials
$V_{n}$ obtained in our previous research, the circumstance of a real scalar
wave in the bulk is studied with the similar method of Brevik (2001). The
equation of a massless scalar field is solved numerically under the boundary
conditions near the inner horizon $r_{e}$ and the outer horizon $r_{c}$. Unlike
the usual wave function $\Psi_{\omega l}$ in 4D, quantum number $n$ introduces
a new functions $\Psi_{\omega l n}$, whose potentials are higher and wider with
bigger n. Using the tangent approximation, a full boundary value problem about
the Schr$\ddot{o}$dinger-like equation is solved. With a convenient replacement
of the 5D continuous potential by square barrier, the reflection and
transmission coefficients are obtained. If extra dimension does exist and is
visible at the neighborhood of black holes, the unique wave function
$\Psi_{\omega l n}$ may say something to it.
",gr-qc; astro-ph; hep-ph,Molin Liu; Hongya Liu; Feng luo and Lixin Xu,omega; wave; horizon; potentials; quantum,9,"The Real Solution to Scalar Field Equation in 5D Black String Space   After the nontrivial quantum parameters $\Omega_{n}$ and quantum potentials
$V_{n}$ obtained in our previous research, the circumstance of a real scalar
wave in the bulk is studied with the similar method of Brevik (2001). The
equation of a massless scalar field is solved numerically under the boundary
conditions near the inner horizon $r_{e}$ and the outer horizon $r_{c}$. Unlike
the usual wave function $\Psi_{\omega l}$ in 4D, quantum number $n$ introduces
a new functions $\Psi_{\omega l n}$, whose potentials are higher and wider with
bigger n. Using the tangent approximation, a full boundary value problem about
the Schr$\ddot{o}$dinger-like equation is solved. With a convenient replacement
of the 5D continuous potential by square barrier, the reflection and
transmission coefficients are obtained. If extra dimension does exist and is
visible at the neighborhood of black holes, the unique wave function
$\Psi_{\omega l n}$ may say something to it.
"
705.2469,"Ricci Flat Black Holes and Hawking-Page Phase Transition in Gauss-Bonnet
  Gravity and Dilaton Gravity","  It is well-known that there exists a Hawking-Page phase transition between a
spherical AdS black hole and a thermal AdS space. The phase transition does not
happen between a Ricci flat AdS black hole whose horizon is a Ricci flat space
and a thermal AdS space in the Poincare coordinates. However, the Hawking-Page
phase transition occurs between a Ricci flat AdS black hole and an AdS soliton
if at least one of horizon coordinates for the Ricci flat black hole is
compact. We show a similar phase transition betwen the Ricci flat black holes
and deformed AdS solitons in the Gauss-Bonnet gravity and the dilaton gravity
with a Liouville-type potential including the gauged supergravity coming from
the spherical reduction of Dp-branes in type II supergravity. In contrast to
Einstein gravity, we find that the high temperature phase can be dominated
either by black holes or deformed AdS solitons depending on parameters.
",hep-th; gr-qc,Rong-Gen Cai; Sang Pyo Kim; Bin Wang,black; flat; hole; phase; transition,9,"Ricci Flat Black Holes and Hawking-Page Phase Transition in Gauss-Bonnet
  Gravity and Dilaton Gravity   It is well-known that there exists a Hawking-Page phase transition between a
spherical AdS black hole and a thermal AdS space. The phase transition does not
happen between a Ricci flat AdS black hole whose horizon is a Ricci flat space
and a thermal AdS space in the Poincare coordinates. However, the Hawking-Page
phase transition occurs between a Ricci flat AdS black hole and an AdS soliton
if at least one of horizon coordinates for the Ricci flat black hole is
compact. We show a similar phase transition betwen the Ricci flat black holes
and deformed AdS solitons in the Gauss-Bonnet gravity and the dilaton gravity
with a Liouville-type potential including the gauged supergravity coming from
the spherical reduction of Dp-branes in type II supergravity. In contrast to
Einstein gravity, we find that the high temperature phase can be dominated
either by black holes or deformed AdS solitons depending on parameters.
"
705.2478,Entropy of an extremal regular black hole,"  We introduce a magnetically charged extremal regular black hole in the
coupled system of Einstein gravity and nonlinear electrodynamics. Its near
horizon geometry is given by $AdS_2\times S^2$. It turns out that the entropy
function approach does not automatically lead to a correct entropy of the
Bekenstein-Hawking entropy. This contrasts to the case of the extremal
Reissner-Norstr\""om black hole in the Einstein-Maxwell theory. We conclude that
the entropy function approach does not work for a magnetically charged extremal
regular black hole without singularity, because of the nonlinearity of the
entropy function.
",gr-qc; hep-th,Yun Soo Myung; Yong-Wan Kim; and Young-Jai Park,entropy; black; hole; regular; charged,9,"Entropy of an extremal regular black hole   We introduce a magnetically charged extremal regular black hole in the
coupled system of Einstein gravity and nonlinear electrodynamics. Its near
horizon geometry is given by $AdS_2\times S^2$. It turns out that the entropy
function approach does not automatically lead to a correct entropy of the
Bekenstein-Hawking entropy. This contrasts to the case of the extremal
Reissner-Norstr\""om black hole in the Einstein-Maxwell theory. We conclude that
the entropy function approach does not work for a magnetically charged extremal
regular black hole without singularity, because of the nonlinearity of the
entropy function.
"
705.249,Origin of matter out of pure curvature,"  We propose a mechanism for origin of matter in the universe in the framework
of Einstein-Gauss-Bonnet gravity in higher dimensions. The recently discovered
new static black hole solution by the authors \cite{md2006} with the
Kaluza-Klein split up of spacetime as a product of the usual ${\ma M}^4$ with a
space of negative constant curvature is indeed a pure gravitational creation of
a black hole which is also endowed with a Maxwell-like {\it gravitational
charge} in four-dimensional vacuum spacetime. Further it could be envisioned as
being formed from anti-de Sitter spacetime by collapse of radially inflowing
charged null dust. It thus establishes the remarkable reciprocity between
matter and gravity - as matter produces gravity (curvature), gravity too
produces matter.
",hep-th; astro-ph; gr-qc,Naresh Dadhich; Hideki Maeda,gravity; spacetime; matter; curvature; gravitational,9,"Origin of matter out of pure curvature   We propose a mechanism for origin of matter in the universe in the framework
of Einstein-Gauss-Bonnet gravity in higher dimensions. The recently discovered
new static black hole solution by the authors \cite{md2006} with the
Kaluza-Klein split up of spacetime as a product of the usual ${\ma M}^4$ with a
space of negative constant curvature is indeed a pure gravitational creation of
a black hole which is also endowed with a Maxwell-like {\it gravitational
charge} in four-dimensional vacuum spacetime. Further it could be envisioned as
being formed from anti-de Sitter spacetime by collapse of radially inflowing
charged null dust. It thus establishes the remarkable reciprocity between
matter and gravity - as matter produces gravity (curvature), gravity too
produces matter.
"
705.2519,"Faithful Effective-One-Body waveforms of small-mass-ratio coalescing
  black-hole binaries","  We address the problem of constructing high-accuracy, faithful analytic
waveforms describing the gravitational wave signal emitted by inspiralling and
coalescing binary black holes. We work within the Effective-One-Body (EOB)
framework and propose a methodology for improving the current
(waveform)implementations of this framework based on understanding, element by
element, the physics behind each feature of the waveform, and on systematically
comparing various EOB-based waveforms with ``exact'' waveforms obtained by
numerical relativity approaches. The present paper focuses on small-mass-ratio
non-spinning binary systems, which can be conveniently studied by
Regge-Wheeler-Zerilli-type methods. Our results include: (i) a resummed,
3PN-accurate description of the inspiral waveform, (ii) a better description of
radiation reaction during the plunge, (iii) a refined analytic expression for
the plunge waveform, (iv) an improved treatment of the matching between the
plunge and ring-down waveforms. This improved implementation of the EOB
approach allows us to construct complete analytic waveforms which exhibit a
remarkable agreement with the ``exact'' ones in modulus, frequency and phase.
In particular, the analytic and numerical waveforms stay in phase, during the
whole process, within $\pm 1.1 %$ of a cycle. We expect that the extension of
our methodology to the comparable-mass case will be able to generate comparably
accurate analytic waveforms of direct use for the ground-based network of
interferometric detectors of gravitational waves.
",gr-qc,Thibault Damour; Alessandro Nagar,analytic; accurate; binary; based; gravitational,9,"Faithful Effective-One-Body waveforms of small-mass-ratio coalescing
  black-hole binaries   We address the problem of constructing high-accuracy, faithful analytic
waveforms describing the gravitational wave signal emitted by inspiralling and
coalescing binary black holes. We work within the Effective-One-Body (EOB)
framework and propose a methodology for improving the current
(waveform)implementations of this framework based on understanding, element by
element, the physics behind each feature of the waveform, and on systematically
comparing various EOB-based waveforms with ``exact'' waveforms obtained by
numerical relativity approaches. The present paper focuses on small-mass-ratio
non-spinning binary systems, which can be conveniently studied by
Regge-Wheeler-Zerilli-type methods. Our results include: (i) a resummed,
3PN-accurate description of the inspiral waveform, (ii) a better description of
radiation reaction during the plunge, (iii) a refined analytic expression for
the plunge waveform, (iv) an improved treatment of the matching between the
plunge and ring-down waveforms. This improved implementation of the EOB
approach allows us to construct complete analytic waveforms which exhibit a
remarkable agreement with the ``exact'' ones in modulus, frequency and phase.
In particular, the analytic and numerical waveforms stay in phase, during the
whole process, within $\pm 1.1 %$ of a cycle. We expect that the extension of
our methodology to the comparable-mass case will be able to generate comparably
accurate analytic waveforms of direct use for the ground-based network of
interferometric detectors of gravitational waves.
"
705.252,Boosted Black Holes on Kaluza-Klein Bubbles,"  We construct an exact stationary solution of black hole -- bubble sequence in
the five dimensional Kaluza-Klein theory by using solitonic solution generating
techniques. The solution describes two boosted black holes with topology S^3 on
a Kaluza-Klein bubble and has a linear momentum component in the compactified
direction. The ADM mass and the linear momentum depend on the two boosted
velocity parameters of black holes. In the effective four dimensional theory,
the solution has an electric charge which is proportional to the linear
momentum. The solution includes the static solution found by Elvang and
Horowitz and a limit of single boosted black string.
",hep-th; gr-qc,Hideo Iguchi; Takashi Mishima; Shinya Tomizawa,solution; black; momentum; linear; holes,9,"Boosted Black Holes on Kaluza-Klein Bubbles   We construct an exact stationary solution of black hole -- bubble sequence in
the five dimensional Kaluza-Klein theory by using solitonic solution generating
techniques. The solution describes two boosted black holes with topology S^3 on
a Kaluza-Klein bubble and has a linear momentum component in the compactified
direction. The ADM mass and the linear momentum depend on the two boosted
velocity parameters of black holes. In the effective four dimensional theory,
the solution has an electric charge which is proportional to the linear
momentum. The solution includes the static solution found by Elvang and
Horowitz and a limit of single boosted black string.
"
705.2535,Informatics Carnot Machine,"  Based on Planck's blackbody equation it is argued that a single mode light
pulse, with a large number of photons, carries one entropy unit. Similarly, an
empty radiation mode carries no entropy. In this case, the calculated entropy
that a coded sequence of light pulses is carrying is simply the Gibbs mixing
entropy, which is identical to the logical Shannon information. This approach
is supported by a demonstration that information transmission and
amplification, by a sequence of light pulses in an optical fiber, is a classic
Carnot machine comprising of two isothermals and two adiabatic. Therefore it is
concluded that entropy under certain conditions is information.
",cs.IT; math.IT,Oded Kafri,entropy; information; light; sequence; mode,9,"Informatics Carnot Machine   Based on Planck's blackbody equation it is argued that a single mode light
pulse, with a large number of photons, carries one entropy unit. Similarly, an
empty radiation mode carries no entropy. In this case, the calculated entropy
that a coded sequence of light pulses is carrying is simply the Gibbs mixing
entropy, which is identical to the logical Shannon information. This approach
is supported by a demonstration that information transmission and
amplification, by a sequence of light pulses in an optical fiber, is a classic
Carnot machine comprising of two isothermals and two adiabatic. Therefore it is
concluded that entropy under certain conditions is information.
"
705.2564,How many black holes fit on the head of a pin?,"  The Bekenstein-Hawking entropy of certain black holes can be computed
microscopically in string theory by mapping the elusive problem of counting
microstates of a strongly gravitating black hole to the tractable problem of
counting microstates of a weakly coupled D-brane system, which has no event
horizon, and indeed comfortably fits on the head of a pin. We show here that,
contrary to widely held beliefs, the entropy of spherically symmetric black
holes can easily be dwarfed by that of stationary multi-black-hole
``molecules'' of the same total charge and energy. Thus, the corresponding
pin-sized D-brane systems do not even approximately count the microstates of a
single black hole, but rather those of a zoo of entropically dominant
multicentered configurations.
",hep-th,Frederik Denef; Gregory W. Moore,black; hole; brane; entropy; holes,9,"How many black holes fit on the head of a pin?   The Bekenstein-Hawking entropy of certain black holes can be computed
microscopically in string theory by mapping the elusive problem of counting
microstates of a strongly gravitating black hole to the tractable problem of
counting microstates of a weakly coupled D-brane system, which has no event
horizon, and indeed comfortably fits on the head of a pin. We show here that,
contrary to widely held beliefs, the entropy of spherically symmetric black
holes can easily be dwarfed by that of stationary multi-black-hole
``molecules'' of the same total charge and energy. Thus, the corresponding
pin-sized D-brane systems do not even approximately count the microstates of a
single black hole, but rather those of a zoo of entropically dominant
multicentered configurations.
"
705.2572,"Supersymmetric Yang Mills Fields and Black Holes ; In Ten Dimensional
  Unified Field Theory","  The Ten dimensional Unified field theory has a 4 dimensional Riemannian
spacetime and six dimensional Calabi Yau space structure. The supersymmetric
Yang Mills fields and black holes are solutions in these theories. The
formation of primordial black holes in early universe, the collapse to
singularity of stellar black holes, the Hawking evaporation of microscopic
black holes in LHC are topics of observational and theoretical interest.
  The observation of gamma ray bursts and creation of spectrum of particles and
radiation of dark and normal matter occur due to primordial and microscopic
black holes. The approach to singularity in black hole interior solutions,
require the Bogoliubov transforms of SUSY YM fields in black hole geometries;
both during formation and in evaporation. The Hawking effect of radiating black
holes is applicable for all the fields. Invariants can be defined to give the
conditions for these processes.
",physics.gen-ph,Ajay Patwardhan,black; holes; fields; dimensional; hole,9,"Supersymmetric Yang Mills Fields and Black Holes ; In Ten Dimensional
  Unified Field Theory   The Ten dimensional Unified field theory has a 4 dimensional Riemannian
spacetime and six dimensional Calabi Yau space structure. The supersymmetric
Yang Mills fields and black holes are solutions in these theories. The
formation of primordial black holes in early universe, the collapse to
singularity of stellar black holes, the Hawking evaporation of microscopic
black holes in LHC are topics of observational and theoretical interest.
  The observation of gamma ray bursts and creation of spectrum of particles and
radiation of dark and normal matter occur due to primordial and microscopic
black holes. The approach to singularity in black hole interior solutions,
require the Bogoliubov transforms of SUSY YM fields in black hole geometries;
both during formation and in evaporation. The Hawking effect of radiating black
holes is applicable for all the fields. Invariants can be defined to give the
conditions for these processes.
"
705.259,Constraining Radiatively Inefficient Accretion Flows with Polarization,"  The low-luminosity black hole Sgr A* provides a testbed for models of
Radiatively Inefficient Accretion Flows (RIAFs). Recent sub-millimeter linear
polarization measurements of Sgr A* have provided evidence that the electrons
in the accretion flow are relativistic over a large range of radii. Here, we
show that these high temperatures result in elliptical plasma normal modes.
Thus, polarized millimeter and sub-millimeter radiation emitted within RIAFs
will undergo generalized Faraday rotation, a cyclic conversion between linear
and circular polarization. This effect will not depolarize the radiation even
if the rotation measure is extremely high. Rather, the beam will take on the
linear and circular polarization properties of the plasma normal modes. As a
result, polarization measurements of Sgr A* in this frequency regime will
constrain the temperature, density and magnetic profiles of RIAF models.
",astro-ph,"D.R. Ballantyne (1); F. Ozel (1) and D. Psaltis (1; 2) ((1) Dept. of
  Physics; Univ. of Arizona; (2) Dept. of Astronomy; Univ. of Arizona)",polarization; linear; sub; plasma; accretion,9,"Constraining Radiatively Inefficient Accretion Flows with Polarization   The low-luminosity black hole Sgr A* provides a testbed for models of
Radiatively Inefficient Accretion Flows (RIAFs). Recent sub-millimeter linear
polarization measurements of Sgr A* have provided evidence that the electrons
in the accretion flow are relativistic over a large range of radii. Here, we
show that these high temperatures result in elliptical plasma normal modes.
Thus, polarized millimeter and sub-millimeter radiation emitted within RIAFs
will undergo generalized Faraday rotation, a cyclic conversion between linear
and circular polarization. This effect will not depolarize the radiation even
if the rotation measure is extremely high. Rather, the beam will take on the
linear and circular polarization properties of the plasma normal modes. As a
result, polarization measurements of Sgr A* in this frequency regime will
constrain the temperature, density and magnetic profiles of RIAF models.
"
705.2682,Phase Transition of Electrically Charged Ricci-flat Black Holes,"  We study phase transition between electrically charged Ricci-flat black holes
and AdS soliton spacetime of Horowitz and Myers in five dimensions. Boundary
topology for both of them is $S^1 \times S^1 \times R^2$. We consider
Reissner-Nordstrom black hole and R-charged black holes and find that phase
transition of these black holes to AdS soliton spacetime depends on the
relative size of two boundary circles. We also perform the stability analysis
for these black holes. In order to use the AdS/CFT correspondence, we work in
the grand canonical ensemble.
",hep-th,Nabamita Banerjee and Suvankar Dutta,black; holes; spacetime; charged; boundary,9,"Phase Transition of Electrically Charged Ricci-flat Black Holes   We study phase transition between electrically charged Ricci-flat black holes
and AdS soliton spacetime of Horowitz and Myers in five dimensions. Boundary
topology for both of them is $S^1 \times S^1 \times R^2$. We consider
Reissner-Nordstrom black hole and R-charged black holes and find that phase
transition of these black holes to AdS soliton spacetime depends on the
relative size of two boundary circles. We also perform the stability analysis
for these black holes. In order to use the AdS/CFT correspondence, we work in
the grand canonical ensemble.
"
705.2733,"Entropy of the Randall-Sundrum black brane world to all orders in the
  Planck length","  We study the effects, to all orders in the Planck length from a generalized
uncertainty principle (GUP), on the statistical entropy of massive scalar bulk
fields in the Randall-Sundrum black brane world. We show that the
Bekenstein-Hawking area law is not preserved, and contains small corrections
terms proportional to the black hole inverse area.
",gr-qc,Khireddine Nouicer,area; black; brane; world; inverse,9,"Entropy of the Randall-Sundrum black brane world to all orders in the
  Planck length   We study the effects, to all orders in the Planck length from a generalized
uncertainty principle (GUP), on the statistical entropy of massive scalar bulk
fields in the Randall-Sundrum black brane world. We show that the
Bekenstein-Hawking area law is not preserved, and contains small corrections
terms proportional to the black hole inverse area.
"
705.2756,Black Hole Motion as Catalyst of Orbital Resonances,"  The motion of a black hole about the centre of gravity of its host galaxy
induces a strong response from the surrounding stellar population. We treat the
case of a harmonic potential analytically and show that half of the stars on
circular orbits in that potential shift to an orbit of lower energy, while the
other half receive a positive boost and recede to a larger radius. The black
hole itself remains on an orbit of fixed amplitude and merely acts as a
catalyst for the evolution of the stellar energy distribution function f(E). We
show that this effect is operative out to a radius of approx 3 to 4 times the
hole's influence radius, R_bh. We use numerical integration to explore more
fully the response of a stellar distribution to black hole motion. We consider
orbits in a logarithmic potential and compare the response of stars on circular
orbits, to the situation of a `warm' and `hot' (isotropic) stellar velocity
field. While features seen in density maps are now wiped out, the kinematic
signature of black hole motion still imprints the stellar line-of-sight mean
velocity to a magnitude ~18% the local root mean-square velocity dispersion
sigma.
",astro-ph; gr-qc,C.M. Boily; T. Padmanabhan; A. Paiement,stellar; hole; black; orbits; response,9,"Black Hole Motion as Catalyst of Orbital Resonances   The motion of a black hole about the centre of gravity of its host galaxy
induces a strong response from the surrounding stellar population. We treat the
case of a harmonic potential analytically and show that half of the stars on
circular orbits in that potential shift to an orbit of lower energy, while the
other half receive a positive boost and recede to a larger radius. The black
hole itself remains on an orbit of fixed amplitude and merely acts as a
catalyst for the evolution of the stellar energy distribution function f(E). We
show that this effect is operative out to a radius of approx 3 to 4 times the
hole's influence radius, R_bh. We use numerical integration to explore more
fully the response of a stellar distribution to black hole motion. We consider
orbits in a logarithmic potential and compare the response of stars on circular
orbits, to the situation of a `warm' and `hot' (isotropic) stellar velocity
field. While features seen in density maps are now wiped out, the kinematic
signature of black hole motion still imprints the stellar line-of-sight mean
velocity to a magnitude ~18% the local root mean-square velocity dispersion
sigma.
"
705.2777,"The return of the membrane paradigm? Black holes and strings in the
  water tap","  Several general arguments indicate that the event horizon behaves as a
stretched membrane. We propose using this relation to understand gravity and
dynamics of black objects in higher dimensions. We provide evidence that (i)
the gravitational Gregory-Laflamme instability has a classical counterpart in
the Rayleigh-Plateau instability of fluids. Each known feature of the
gravitational instability can be accounted for in the fluid model. These
features include threshold mode, dispersion relation, time evolution and
critical dimension of certain phase transitions. Thus, we argue that black
strings break in much the same way as water from a faucet breaks up into small
droplets. (ii) General rotating black holes can also be understood with this
analogy. In particular, instability and bifurcation diagrams for black objects
can easily be inferred. This correspondence can and should be used as a guiding
tool to understand and explore physics of gravity in higher dimensions.
",hep-th; gr-qc; hep-ph; physics.flu-dyn,Vitor Cardoso; Oscar J. C. Dias; Leonardo Gualtieri,instability; black; gravity; gravitational; dimensions,9,"The return of the membrane paradigm? Black holes and strings in the
  water tap   Several general arguments indicate that the event horizon behaves as a
stretched membrane. We propose using this relation to understand gravity and
dynamics of black objects in higher dimensions. We provide evidence that (i)
the gravitational Gregory-Laflamme instability has a classical counterpart in
the Rayleigh-Plateau instability of fluids. Each known feature of the
gravitational instability can be accounted for in the fluid model. These
features include threshold mode, dispersion relation, time evolution and
critical dimension of certain phase transitions. Thus, we argue that black
strings break in much the same way as water from a faucet breaks up into small
droplets. (ii) General rotating black holes can also be understood with this
analogy. In particular, instability and bifurcation diagrams for black objects
can easily be inferred. This correspondence can and should be used as a guiding
tool to understand and explore physics of gravity in higher dimensions.
"
705.282,"Entropy Oriented Trading: A Trading Strategy Based on the Second Law of
  Thermodynamics","  The author proposes a finance trading strategy named Entropy Oriented Trading
and apply thermodynamics on the strategy. The state variables are chosen so
that the strategy satisfies the second law of thermodynamics. Using the law,
the author proves that the rate of investment (ROI) of the strategy is equal to
or more than the rate of price change.
",q-fin.TR; physics.pop-ph; physics.soc-ph,Yoichi Hirai (The University of Tokyo; undergraduate),law; rate; equal; entropy; variables,9,"Entropy Oriented Trading: A Trading Strategy Based on the Second Law of
  Thermodynamics   The author proposes a finance trading strategy named Entropy Oriented Trading
and apply thermodynamics on the strategy. The state variables are chosen so
that the strategy satisfies the second law of thermodynamics. Using the law,
the author proves that the rate of investment (ROI) of the strategy is equal to
or more than the rate of price change.
"
705.2846,Dynamical 3-Space: Alternative Explanation of the `Dark Matter Ring',"  NASA has claimed the discovery of a `Ring of Dark Matter' in the galaxy
cluster CL 0024+17, see Jee M.J. et al. arXiv:0705.2171, based upon
gravitational lensing data. Here we show that the lensing can be given an
alternative explanation that does not involve `dark matter'. This explanation
comes from the new dynamics of 3-space. This dynamics involves two constant G
and alpha - the fine structure constant. This dynamics has explained the bore
hole anomaly, spiral galaxy flat rotation speeds, the masses of black holes in
spherical galaxies, gravitational light bending and lensing, all without
invoking `dark matter', and also the supernova redshift data without the need
for `dark energy'.
",physics.gen-ph,Reginald T Cahill (Flinders University),dark; matter; dynamics; gravitational; galaxy,9,"Dynamical 3-Space: Alternative Explanation of the `Dark Matter Ring'   NASA has claimed the discovery of a `Ring of Dark Matter' in the galaxy
cluster CL 0024+17, see Jee M.J. et al. arXiv:0705.2171, based upon
gravitational lensing data. Here we show that the lensing can be given an
alternative explanation that does not involve `dark matter'. This explanation
comes from the new dynamics of 3-space. This dynamics involves two constant G
and alpha - the fine structure constant. This dynamics has explained the bore
hole anomaly, spiral galaxy flat rotation speeds, the masses of black holes in
spherical galaxies, gravitational light bending and lensing, all without
invoking `dark matter', and also the supernova redshift data without the need
for `dark energy'.
"
705.285,Boltzmann Entropy : Probability and Information,"  We have presented first an axiomatic derivation of Boltzmann entropy on the
basis of two axioms consistent with two basic properties of thermodynamic
entropy. We have then studied the relationship between Boltzmann entropy and
information along with its physical significance.
",physics.gen-ph,C.G.Chakrabarti; Indranil Chakrabarty,entropy; basic; basis; physical; information,9,"Boltzmann Entropy : Probability and Information   We have presented first an axiomatic derivation of Boltzmann entropy on the
basis of two axioms consistent with two basic properties of thermodynamic
entropy. We have then studied the relationship between Boltzmann entropy and
information along with its physical significance.
"
705.288,Instability of the massive Klein-Gordon field on the Kerr spacetime,"  We investigate the instability of the massive scalar field in the vicinity of
a rotating black hole. The instability arises from amplification caused by the
classical superradiance effect. The instability affects bound states: solutions
to the massive Klein-Gordon equation which tend to zero at infinity. We
calculate the spectrum of bound state frequencies on the Kerr background using
a continued fraction method, adapted from studies of quasinormal modes. We
demonstrate that the instability is most significant for the $l = 1$, $m = 1$
state, for $M \mu \lesssim 0.5$. For a fast rotating hole ($a = 0.99$) we find
a maximum growth rate of $\tau^{-1} \approx 1.5 \times 10^{-7} (GM/c^3)^{-1}$,
at $M \mu \approx 0.42$. The physical implications are discussed.
",gr-qc; hep-th,Sam R. Dolan,instability; rotating; mu; massive; bound,9,"Instability of the massive Klein-Gordon field on the Kerr spacetime   We investigate the instability of the massive scalar field in the vicinity of
a rotating black hole. The instability arises from amplification caused by the
classical superradiance effect. The instability affects bound states: solutions
to the massive Klein-Gordon equation which tend to zero at infinity. We
calculate the spectrum of bound state frequencies on the Kerr background using
a continued fraction method, adapted from studies of quasinormal modes. We
demonstrate that the instability is most significant for the $l = 1$, $m = 1$
state, for $M \mu \lesssim 0.5$. For a fast rotating hole ($a = 0.99$) we find
a maximum growth rate of $\tau^{-1} \approx 1.5 \times 10^{-7} (GM/c^3)^{-1}$,
at $M \mu \approx 0.42$. The physical implications are discussed.
"
705.2892,Non-supersymmetric Attractor with the Cosmological Constant,"  As a test for the non-supersymmetric attractor mechanism, we consider
extremal Reissner-Nordstr\""{o}m-(anti-)de Sitter black holes. Based on the
simple observation that the near-horizon geometry of a generic extremal black
hole contains two-dimensional anti-de Sitter factor even in the presence of the
positive cosmological constant, we apply Ashoke Sen's entropy function method
to compute the entropy of these black holes. We find the results which exactly
agree with the Bekenstein-Hawking entropy. We also obtain the constant
higher-order correction to the entropy due to the Gauss-Bonnet term.
",hep-th,Jin-Ho Cho and Soonkeon Nam,entropy; black; holes; constant; horizon,9,"Non-supersymmetric Attractor with the Cosmological Constant   As a test for the non-supersymmetric attractor mechanism, we consider
extremal Reissner-Nordstr\""{o}m-(anti-)de Sitter black holes. Based on the
simple observation that the near-horizon geometry of a generic extremal black
hole contains two-dimensional anti-de Sitter factor even in the presence of the
positive cosmological constant, we apply Ashoke Sen's entropy function method
to compute the entropy of these black holes. We find the results which exactly
agree with the Bekenstein-Hawking entropy. We also obtain the constant
higher-order correction to the entropy due to the Gauss-Bonnet term.
"
705.2984,Hawking Radiation of Black Rings from Anomalies,"  We derive Hawking radiation of 5-dimensional black rings from gauge and
gravitational anomalies using the method proposed by Robinson and Wilczek. We
find as in the black hole case, the problem could reduce to a (1+1) dimensional
field theory and the anomalies result in correct Hawking temperature for
neutral,dipole and charged black rings.
",gr-qc; hep-th,Bin Chen; Wei He,black; dimensional; dipole; charged; neutral,9,"Hawking Radiation of Black Rings from Anomalies   We derive Hawking radiation of 5-dimensional black rings from gauge and
gravitational anomalies using the method proposed by Robinson and Wilczek. We
find as in the black hole case, the problem could reduce to a (1+1) dimensional
field theory and the anomalies result in correct Hawking temperature for
neutral,dipole and charged black rings.
"
705.3024,"Symmetries, Horizons, and Black Hole Entropy","  Black holes behave as thermodynamic systems, and a central task of any
quantum theory of gravity is to explain these thermal properties. A statistical
mechanical description of black hole entropy once seemed remote, but today we
suffer an embarrassment of riches: despite counting very different states, many
inequivalent approaches to quantum gravity obtain identical results. Such
``universality'' may reflect an underlying two-dimensional conformal symmetry
near the horizon, which can be powerful enough to control the thermal
characteristics independent of other details of the theory. This picture
suggests an elegant description of the relevant degrees of freedom as
Goldstone-boson-like excitations arising from symmetry breaking by the
conformal anomaly.
",gr-qc; hep-th,S. Carlip,gravity; thermal; description; black; symmetry,9,"Symmetries, Horizons, and Black Hole Entropy   Black holes behave as thermodynamic systems, and a central task of any
quantum theory of gravity is to explain these thermal properties. A statistical
mechanical description of black hole entropy once seemed remote, but today we
suffer an embarrassment of riches: despite counting very different states, many
inequivalent approaches to quantum gravity obtain identical results. Such
``universality'' may reflect an underlying two-dimensional conformal symmetry
near the horizon, which can be powerful enough to control the thermal
characteristics independent of other details of the theory. This picture
suggests an elegant description of the relevant degrees of freedom as
Goldstone-boson-like excitations arising from symmetry breaking by the
conformal anomaly.
"
705.3093,"The Quantum de Laval Nozzle: stability and quantum dynamics of sonic
  horizons in a toroidally trapped Bose gas containing a superflow","  We study an experimentally realizable system containing stable black
hole-white hole acoustic horizons in toroidally trapped Bose-Einstein
condensates - the quantum de Laval nozzle. We numerically obtain stationary
flow configurations and assess their stability using Bogoliubov theory, finding
both in hydrodynamic and non-hydrodynamic regimes there exist dynamically
unstable regions associated with the creation of positive and negative energy
quasiparticle pairs in analogy with the gravitational Hawking effect. The
dynamical instability takes the form of a two mode squeezing interaction
between resonant pairs of Bogoliubov modes. We study the evolution of
dynamically unstable flows using the truncated Wigner method, which confirms
the two mode squeezed state picture of the analogue Hawking effect for low
winding number.
",cond-mat.other,P. Jain; A. S. Bradley; C. W. Gardiner,pairs; mode; hole; effect; white,9,"The Quantum de Laval Nozzle: stability and quantum dynamics of sonic
  horizons in a toroidally trapped Bose gas containing a superflow   We study an experimentally realizable system containing stable black
hole-white hole acoustic horizons in toroidally trapped Bose-Einstein
condensates - the quantum de Laval nozzle. We numerically obtain stationary
flow configurations and assess their stability using Bogoliubov theory, finding
both in hydrodynamic and non-hydrodynamic regimes there exist dynamically
unstable regions associated with the creation of positive and negative energy
quasiparticle pairs in analogy with the gravitational Hawking effect. The
dynamical instability takes the form of a two mode squeezing interaction
between resonant pairs of Bogoliubov modes. We study the evolution of
dynamically unstable flows using the truncated Wigner method, which confirms
the two mode squeezed state picture of the analogue Hawking effect for low
winding number.
"
705.3095,"Decay of massive scalar hair in the background of a dilaton gravity
  black hole","  We invesigate analytically both the intermediate and late-time behaviour of
the massive scalar field in the background of static spherically symmetric
black hole solution in dilaton gravity with arbitrary coupling constant. The
intermediate asymptotic behaviour of scalar field depends on the field's
parameter mass as well as the multiple number l. On its turn, the late-time
behaviour has the power law decay rate independent on coupling constant in the
theory under consideration.
",hep-th; gr-qc,Marek Rogatko,behaviour; intermediate; scalar; field; coupling,9,"Decay of massive scalar hair in the background of a dilaton gravity
  black hole   We invesigate analytically both the intermediate and late-time behaviour of
the massive scalar field in the background of static spherically symmetric
black hole solution in dilaton gravity with arbitrary coupling constant. The
intermediate asymptotic behaviour of scalar field depends on the field's
parameter mass as well as the multiple number l. On its turn, the late-time
behaviour has the power law decay rate independent on coupling constant in the
theory under consideration.
"
705.3109,Black Hole and Neutron Star Binaries: Theoretical Challenges,"  Some of the theoretical challenges posed by the general relativistic
description of binary systems of compact objects (neutron stars or black holes)
are reviewed. We recall the various ways one can use the theory of the motion,
and of the timing, of binary pulsars to test the strong-field and/or radiative
aspects of General Relativity. Recent advances in the theory of the motion and
radiation of binary black holes are discussed. One emphasizes the usefulness of
the Effective One Body approach in providing a quasi-analytical description of
the waveform emitted by coalescing binary black holes.
",gr-qc,Thibault Damour,binary; holes; black; motion; description,9,"Black Hole and Neutron Star Binaries: Theoretical Challenges   Some of the theoretical challenges posed by the general relativistic
description of binary systems of compact objects (neutron stars or black holes)
are reviewed. We recall the various ways one can use the theory of the motion,
and of the timing, of binary pulsars to test the strong-field and/or radiative
aspects of General Relativity. Recent advances in the theory of the motion and
radiation of binary black holes are discussed. One emphasizes the usefulness of
the Effective One Body approach in providing a quasi-analytical description of
the waveform emitted by coalescing binary black holes.
"
705.311,Aspects of open strings in Rindler Space,"  We study open string configurations in Rindler space suspended from D-branes
at finite distance from the Rindler horizon. This is a toy model for strings in
the near horizon region of a black hole and has applications for the study of
strings configurations of heavy quarks in the AdS/CFT duals of hot field
theories, as well as other applications to the study of open strings ending on
giant gravitons. We find that this setup produces very similar results to those
that have been found in the AdS black hole setup, but it is much more tractable
analytically. We also comment on some quantum applications of our studies to
the understanding of the spectrum of strings ending on giant gravitons.
",hep-th,David Berenstein; Hee-Joong Chung,applications; horizon; giant; configurations; open,9,"Aspects of open strings in Rindler Space   We study open string configurations in Rindler space suspended from D-branes
at finite distance from the Rindler horizon. This is a toy model for strings in
the near horizon region of a black hole and has applications for the study of
strings configurations of heavy quarks in the AdS/CFT duals of hot field
theories, as well as other applications to the study of open strings ending on
giant gravitons. We find that this setup produces very similar results to those
that have been found in the AdS black hole setup, but it is much more tractable
analytically. We also comment on some quantum applications of our studies to
the understanding of the spectrum of strings ending on giant gravitons.
"
705.3117,"Renormalization of hole-hole interaction at decreasing Drude
  conductivity","  The diffusion contribution of the hole-hole interaction to the conductivity
is analyzed in gated GaAs/In$_x$Ga$_{1-x}$As/GaAs heterostructures. We show
that the change of the interaction correction to the conductivity with the
decreasing Drude conductivity results both from the compensation of the singlet
and triplet channels and from the arising prefactor $\alpha_i<1$ in the
conventional expression for the interaction correction.
",cond-mat.dis-nn,"G.M. Minkov; A.A. Sherstobitov; A.V. Germanenko; O.E. Rut; and
  B.N.Zvonkov",interaction; correction; hole; channels; conventional,9,"Renormalization of hole-hole interaction at decreasing Drude
  conductivity   The diffusion contribution of the hole-hole interaction to the conductivity
is analyzed in gated GaAs/In$_x$Ga$_{1-x}$As/GaAs heterostructures. We show
that the change of the interaction correction to the conductivity with the
decreasing Drude conductivity results both from the compensation of the singlet
and triplet channels and from the arising prefactor $\alpha_i<1$ in the
conventional expression for the interaction correction.
"
705.315,On Hawking radiation from black rings,"  We calculate the quantum radiation from the five dimensional charged rotating
black rings by demanding the radiation to eliminate the possible anomalies on
the horizons. It is shown that the temperature, energy flux and
angular-momentum flux exactly coincide with those of the Hawking radiation. The
black rings considered in this paper contain the Myers-Perry black hole as a
limit and the quantum radiation for this black hole, obtained in the
literature, is recovered in the limit. The results support the picture that the
Hawking radiation can be regarded as the anomaly eliminator on horizons and
suggest its general applicability to the higher-dimensional black holes
discovered recently.
",hep-th; gr-qc,Umpei Miyamoto and Keiju Murata,radiation; black; flux; hole; limit,9,"On Hawking radiation from black rings   We calculate the quantum radiation from the five dimensional charged rotating
black rings by demanding the radiation to eliminate the possible anomalies on
the horizons. It is shown that the temperature, energy flux and
angular-momentum flux exactly coincide with those of the Hawking radiation. The
black rings considered in this paper contain the Myers-Perry black hole as a
limit and the quantum radiation for this black hole, obtained in the
literature, is recovered in the limit. The results support the picture that the
Hawking radiation can be regarded as the anomaly eliminator on horizons and
suggest its general applicability to the higher-dimensional black holes
discovered recently.
"
705.3388,"Holographic Confinement/Deconfinement Phase Transitions of AdS/QCD in
  Curved Spaces","  Recently Herzog has shown that deconfinement of AdS/QCD can be realized, in
the hard-wall model where the small radius region is removed in the
asymptotically AdS space, via a first order Hawking-Page phase transition
between a low temperature phase given by a pure AdS geometry and a high
temperature phase given by the AdS black hole in Poincare coordinates. In this
paper we first extend Herzog's work to the hard wall AdS/QCD model in curved
spaces by studying the thermodynamics of AdS black holes with spherical or
negative constant curvature horizon, dual to a non-supersymmetric Yang-Mills
theory on a sphere or hyperboloid respectively. For the spherical horizon case,
we find that the temperature of the phase transition increases by introducing
an infrared cutoff, compared to the case without the cutoff; For the hyperbolic
horizon case, there is a gap for the infrared cutoff, below which the
Hawking-Page phase transition does not occur. We also discuss charged AdS black
holes in the grand canonical ensemble, corresponding to a Yang-Mills theory at
finite chemical potential, and find that there is always a gap for the infrared
cutoff due to the existence of a minimal horizon for the charged AdS black
holes with any horizon topology.
",hep-th; gr-qc; hep-ph,Rong-Gen Cai; Jonathan P. Shock,horizon; black; phase; holes; infrared,9,"Holographic Confinement/Deconfinement Phase Transitions of AdS/QCD in
  Curved Spaces   Recently Herzog has shown that deconfinement of AdS/QCD can be realized, in
the hard-wall model where the small radius region is removed in the
asymptotically AdS space, via a first order Hawking-Page phase transition
between a low temperature phase given by a pure AdS geometry and a high
temperature phase given by the AdS black hole in Poincare coordinates. In this
paper we first extend Herzog's work to the hard wall AdS/QCD model in curved
spaces by studying the thermodynamics of AdS black holes with spherical or
negative constant curvature horizon, dual to a non-supersymmetric Yang-Mills
theory on a sphere or hyperboloid respectively. For the spherical horizon case,
we find that the temperature of the phase transition increases by introducing
an infrared cutoff, compared to the case without the cutoff; For the hyperbolic
horizon case, there is a gap for the infrared cutoff, below which the
Hawking-Page phase transition does not occur. We also discuss charged AdS black
holes in the grand canonical ensemble, corresponding to a Yang-Mills theory at
finite chemical potential, and find that there is always a gap for the infrared
cutoff due to the existence of a minimal horizon for the charged AdS black
holes with any horizon topology.
"
705.3404,Plasmarings as dual black rings,"  We construct solutions to the relativistic Navier-Stokes equations that
describe the long wavelength collective dynamics of the deconfined plasma phase
of N=4 Yang Mills theory compactified down to d=3 on a Scherk-Schwarz circle
and higher dimensional generalisations. Our solutions are stationary, axially
symmetric spinning balls and rings of plasma. These solutions, which are dual
to (yet to be constructed) rotating black holes and black rings in
Scherk-Schwarz compactified AdS(5) and AdS(6), and have properties that are
qualitatively similar to those of black holes and black rings in flat five
dimensional supergravity.
",hep-th,Subhaneil Lahiri and Shiraz Minwalla,black; solutions; plasma; holes; dimensional,9,"Plasmarings as dual black rings   We construct solutions to the relativistic Navier-Stokes equations that
describe the long wavelength collective dynamics of the deconfined plasma phase
of N=4 Yang Mills theory compactified down to d=3 on a Scherk-Schwarz circle
and higher dimensional generalisations. Our solutions are stationary, axially
symmetric spinning balls and rings of plasma. These solutions, which are dual
to (yet to be constructed) rotating black holes and black rings in
Scherk-Schwarz compactified AdS(5) and AdS(6), and have properties that are
qualitatively similar to those of black holes and black rings in flat five
dimensional supergravity.
"
705.3424,Combinatorial independence in measurable dynamics,"  We develop a fine-scale local analysis of measure entropy and measure
sequence entropy based on combinatorial independence. The concepts of measure
IE-tuples and measure IN-tuples are introduced and studied in analogy with
their counterparts in topological dynamics. Local characterizations of the
Pinsker von Neumann algebra and its sequence entropy analogue are given in
terms of combinatorial independence, l_1 geometry, and Voiculescu's completely
positive approximation entropy. Among the novel features of our local study is
the treatment of general discrete acting groups, with the structural assumption
of amenability in the case of entropy.
",math.DS; math.FA,David Kerr; Hanfeng Li,entropy; measure; local; sequence; structural,9,"Combinatorial independence in measurable dynamics   We develop a fine-scale local analysis of measure entropy and measure
sequence entropy based on combinatorial independence. The concepts of measure
IE-tuples and measure IN-tuples are introduced and studied in analogy with
their counterparts in topological dynamics. Local characterizations of the
Pinsker von Neumann algebra and its sequence entropy analogue are given in
terms of combinatorial independence, l_1 geometry, and Voiculescu's completely
positive approximation entropy. Among the novel features of our local study is
the treatment of general discrete acting groups, with the structural assumption
of amenability in the case of entropy.
"
705.3494,"Fluxes of Higher-spin Currents and Hawking Radiations from Charged Black
  Holes","  This is an extended version of the previous paper (hep-th/0701272). Quantum
fields near horizons can be described in terms of an infinite set of
two-dimensional conformal fields. We first generalize the method of Christensen
and Fulling to charged black holes to derive fluxes of energy and charge. These
fluxes can be obtained by employing a conformal field theory technique. We then
apply this technique to obtain the fluxes of higher-spin currents and show that
the thermal distribution of Hawking radiation from a charged black hole can be
completely reproduced by investigating transformation properties of the
higher-spin currents under conformal and gauge transformations.
",hep-th; gr-qc,Satoshi Iso; Takeshi Morita; Hiroshi Umetsu,charged; technique; black; higher; fields,9,"Fluxes of Higher-spin Currents and Hawking Radiations from Charged Black
  Holes   This is an extended version of the previous paper (hep-th/0701272). Quantum
fields near horizons can be described in terms of an infinite set of
two-dimensional conformal fields. We first generalize the method of Christensen
and Fulling to charged black holes to derive fluxes of energy and charge. These
fluxes can be obtained by employing a conformal field theory technique. We then
apply this technique to obtain the fluxes of higher-spin currents and show that
the thermal distribution of Hawking radiation from a charged black hole can be
completely reproduced by investigating transformation properties of the
higher-spin currents under conformal and gauge transformations.
"
705.3509,Comment on: A SuperMassive Black Hole Fundamental Plane for Ellipticals,"  A simple regression analysis designed for predicting the supermassive black
hole mass from the effective radius and mean effective surface brightness of
the host bulge has been performed using the data from Barway & Kembhavi
(arXiv:0705.1508). The scatter in the log M_bh direction is 0.32 dex, greater
than reported and comparable with values obtained using a single predictor
quantity such as luminosity, velocity dispersion or Sersic index.
",astro-ph,Alister W. Graham,effective; brightness; host; log; using,9,"Comment on: A SuperMassive Black Hole Fundamental Plane for Ellipticals   A simple regression analysis designed for predicting the supermassive black
hole mass from the effective radius and mean effective surface brightness of
the host bulge has been performed using the data from Barway & Kembhavi
(arXiv:0705.1508). The scatter in the log M_bh direction is 0.32 dex, greater
than reported and comparable with values obtained using a single predictor
quantity such as luminosity, velocity dispersion or Sersic index.
"
705.3551,"Aligned electromagnetic excitations of a black hole and their impact on
  its quantum horizon","  We show that elementary aligned electromagnetic excitations of black holes,
as coming from exact Kerr-Schild solutions, represent light-like beam pulses
which have a very strong back reaction on the metric and change the topology of
the horizon.
  Based on York's proposal, that elementary deformations of the BH horizon are
related with elementary vacuum fluctuations, we analyze deformation of the
horizon caused by the beam-like vacuum fluctuations and obtain a very specific
feature of the topological deformations of the horizon. In particular, we show
how the beams pierce the horizon, forming a multitude of micro holes in it. A
conjecture is taken into consideration, that these specific excitations are
connected with the conformal-analytic properties of the Kerr geometry and are
at the base of the emission mechanism.
",hep-th,"Alexander Burinskii; Emilio Elizalde; Sergi R. Hildebrandt; Giulio
  Magli",horizon; beam; holes; vacuum; fluctuations,9,"Aligned electromagnetic excitations of a black hole and their impact on
  its quantum horizon   We show that elementary aligned electromagnetic excitations of black holes,
as coming from exact Kerr-Schild solutions, represent light-like beam pulses
which have a very strong back reaction on the metric and change the topology of
the horizon.
  Based on York's proposal, that elementary deformations of the BH horizon are
related with elementary vacuum fluctuations, we analyze deformation of the
horizon caused by the beam-like vacuum fluctuations and obtain a very specific
feature of the topological deformations of the horizon. In particular, we show
how the beams pierce the horizon, forming a multitude of micro holes in it. A
conjecture is taken into consideration, that these specific excitations are
connected with the conformal-analytic properties of the Kerr geometry and are
at the base of the emission mechanism.
"
705.3579,"Cold Plasma Dispersion Relations in the Vicinity of a Schwarzschild
  Black Hole Horizon","  We apply the ADM 3+1 formalism to derive the general relativistic
magnetohydrodynamic equations for cold plasma in spatially flat Schwarzschild
metric. Respective perturbed equations are linearized for non-magnetized and
magnetized plasmas both in non-rotating and rotating backgrounds. These are
then Fourier analyzed and the corresponding dispersion relations are obtained.
These relations are discussed for the existence of waves with positive angular
frequency in the region near the horizon. Our results support the fact that no
information can be extracted from the Schwarzschild black hole. It is concluded
that negative phase velocity propagates in the rotating background whether the
black hole is rotating or non-rotating.
",gr-qc; astro-ph,M. Sharif and Umber Sheikh,rotating; relations; non; black; hole,9,"Cold Plasma Dispersion Relations in the Vicinity of a Schwarzschild
  Black Hole Horizon   We apply the ADM 3+1 formalism to derive the general relativistic
magnetohydrodynamic equations for cold plasma in spatially flat Schwarzschild
metric. Respective perturbed equations are linearized for non-magnetized and
magnetized plasmas both in non-rotating and rotating backgrounds. These are
then Fourier analyzed and the corresponding dispersion relations are obtained.
These relations are discussed for the existence of waves with positive angular
frequency in the region near the horizon. Our results support the fact that no
information can be extracted from the Schwarzschild black hole. It is concluded
that negative phase velocity propagates in the rotating background whether the
black hole is rotating or non-rotating.
"
705.362,"Scalar-field perturbations from a particle orbiting a black hole using
  numerical evolution in 2+1 dimensions","  We present a new technique for time-domain numerical evolution of the scalar
field generated by a pointlike scalar charge orbiting a black hole. Time-domain
evolution offers an efficient way for calculating black hole perturbations,
especially as input for computations of the local self force acting on orbiting
particles. In Kerr geometry, the field equations are not fully separable in the
time domain, and one has to tackle them in 2+1 dimensions (two spatial
dimensions and time; the azimuthal dependence is still separable). A technical
difficulty arises when the source of the field is a pointlike particle, as the
2+1-dimensional perturbation is then singular: Each of the azimuthal modes
diverges logarithmically at the particle. To deal with this problem we split
the numerical domain into two regions: Inside a thin worldtube surrounding the
particle's worldline we solve for a regularized variable, obtained from the
full field by subtracting out a suitable ``puncture'' function, given
analytically. Outside this worldtube we solve for the full, original field. The
value of the evolution variable is adjusted across the boundary of the
worldtube. In this work we demonstrate the applicability of this method in the
example of circular orbits around a Schwarzschild black hole (refraining from
exploiting the spherical symmetry of the background, and working in 2+1
dimensions).
",gr-qc,Leor Barack and Darren A Golbourn,domain; field; dimensions; black; hole,9,"Scalar-field perturbations from a particle orbiting a black hole using
  numerical evolution in 2+1 dimensions   We present a new technique for time-domain numerical evolution of the scalar
field generated by a pointlike scalar charge orbiting a black hole. Time-domain
evolution offers an efficient way for calculating black hole perturbations,
especially as input for computations of the local self force acting on orbiting
particles. In Kerr geometry, the field equations are not fully separable in the
time domain, and one has to tackle them in 2+1 dimensions (two spatial
dimensions and time; the azimuthal dependence is still separable). A technical
difficulty arises when the source of the field is a pointlike particle, as the
2+1-dimensional perturbation is then singular: Each of the azimuthal modes
diverges logarithmically at the particle. To deal with this problem we split
the numerical domain into two regions: Inside a thin worldtube surrounding the
particle's worldline we solve for a regularized variable, obtained from the
full field by subtracting out a suitable ``puncture'' function, given
analytically. Outside this worldtube we solve for the full, original field. The
value of the evolution variable is adjusted across the boundary of the
worldtube. In this work we demonstrate the applicability of this method in the
example of circular orbits around a Schwarzschild black hole (refraining from
exploiting the spherical symmetry of the background, and working in 2+1
dimensions).
"
705.3695,"Momentum Dependent Charge Excitations of Two-Leg Ladder: Resonant
  Inelastic X-ray Scattering of (La,Sr,Ca)14Cu24O41","  Momentum dependent charge excitations of a two-leg ladder are investigated by
resonant inelastic x-ray scattering of (La,Sr,Ca)14Cu24O41. In contrast to the
case of a square lattice, momentum dependence of the Mott gap excitation of the
ladder exhibits little change upon hole-doping, indicating the formation of
hole pairs. Theoretical calculation based on a Hubbard model qualitatively
explains this feature. In addition, experimental data shows intraband
excitation as continuum intensity below the Mott gap and it appears at all the
momentum transfers simultaneously. The intensity of the intraband excitation is
proportional to the hole concentration of the ladder, which is consistent with
optical conductivity measurements.
",cond-mat.str-el,"K. Ishii; K. Tsutsui; T. Tohyama; T. Inami; J. Mizuki; Y. Murakami; Y.
  Endoh; S. Maekawa; K. Kudo; Y. Koike; and K. Kumagai",excitation; momentum; hole; intensity; gap,9,"Momentum Dependent Charge Excitations of Two-Leg Ladder: Resonant
  Inelastic X-ray Scattering of (La,Sr,Ca)14Cu24O41   Momentum dependent charge excitations of a two-leg ladder are investigated by
resonant inelastic x-ray scattering of (La,Sr,Ca)14Cu24O41. In contrast to the
case of a square lattice, momentum dependence of the Mott gap excitation of the
ladder exhibits little change upon hole-doping, indicating the formation of
hole pairs. Theoretical calculation based on a Hubbard model qualitatively
explains this feature. In addition, experimental data shows intraband
excitation as continuum intensity below the Mott gap and it appears at all the
momentum transfers simultaneously. The intensity of the intraband excitation is
proportional to the hole concentration of the ladder, which is consistent with
optical conductivity measurements.
"
705.3697,First Law of Black Saturn Thermodynamics,"  The physical version and equilibrium state version of the first law of
thermodynamics for a black object consisting of n-dimensional charged
stationary axisymmetric black hole surrounded by $a$ black rings, the so-called
black Saturn was derived. The general setting for our derivation is
n-dimensional dilaton gravity with p + 1 strength form fields.
",hep-th; gr-qc,Marek Rogatko,black; version; dimensional; stationary; object,9,"First Law of Black Saturn Thermodynamics   The physical version and equilibrium state version of the first law of
thermodynamics for a black object consisting of n-dimensional charged
stationary axisymmetric black hole surrounded by $a$ black rings, the so-called
black Saturn was derived. The general setting for our derivation is
n-dimensional dilaton gravity with p + 1 strength form fields.
"
705.3741,Black hole state counting in loop quantum gravity,"  Counting of microscopic states of black holes is discussed within the
framework of loop quantum gravity. There are two different ways, one allowing
for all spin states and the other involving only pure horizon states. The
number of states with a definite value of the total spin is also found.
",hep-th; gr-qc,P. Mitra,states; spin; horizon; pure; holes,9,"Black hole state counting in loop quantum gravity   Counting of microscopic states of black holes is discussed within the
framework of loop quantum gravity. There are two different ways, one allowing
for all spin states and the other involving only pure horizon states. The
number of states with a definite value of the total spin is also found.
"
705.3828,Falling into a black hole,"  String theory tells us that quantum gravity has a dual description as a field
theory (without gravity). We use the field theory dual to ask what happens to
an object as it falls into the simplest black hole: the 2-charge extremal hole.
In the field theory description the wavefunction of a particle is spread over a
large number of `loops', and the particle has a well-defined position in space
only if it has the same `position' on each loop. For the infalling particle we
find one definition of `same position' on each loop, but there is a different
definition for outgoing particles and no canonical definition in general in the
horizon region. Thus the meaning of `position' becomes ill-defined inside the
horizon.
",hep-th,Samir D. Mathur,position; definition; particle; theory; horizon,9,"Falling into a black hole   String theory tells us that quantum gravity has a dual description as a field
theory (without gravity). We use the field theory dual to ask what happens to
an object as it falls into the simplest black hole: the 2-charge extremal hole.
In the field theory description the wavefunction of a particle is spread over a
large number of `loops', and the particle has a well-defined position in space
only if it has the same `position' on each loop. For the infalling particle we
find one definition of `same position' on each loop, but there is a different
definition for outgoing particles and no canonical definition in general in the
horizon region. Thus the meaning of `position' becomes ill-defined inside the
horizon.
"
705.3829,"Matched Filtering of Numerical Relativity Templates of Spinning Binary
  Black Holes","  Tremendous progress has been made towards the solution of the
binary-black-hole problem in numerical relativity. The waveforms produced by
numerical relativity will play a role in gravitational wave detection as either
test-beds for analytic template banks or as template banks themselves. As the
parameter space explored by numerical relativity expands, the importance of
quantifying the effect that each parameter has on first the detection of
gravitational waves and then the parameter estimation of their sources
increases. In light of this, we present a study of equal-mass, spinning
binary-black-hole evolutions through matched filtering techniques commonly used
in data analysis. We study how the match between two numerical waveforms varies
with numerical resolution, initial angular momentum of the black holes and the
inclination angle between the source and the detector. This study is limited by
the fact that the spinning black-hole-binaries are oriented axially and the
waveforms only contain approximately two and a half orbits before merger. We
find that for detection purposes, spinning black holes require the inclusion of
the higher harmonics in addition to the dominant mode, a condition that becomes
more important as the black-hole-spins increase. In addition, we conduct a
preliminary investigation of how well a template of fixed spin and inclination
angle can detect target templates of arbitrary spin and inclination for the
axial case considered here.
",gr-qc; astro-ph,Birjoo Vaishnav; Ian Hinder; Frank Herrmann; Deirdre Shoemaker,black; numerical; hole; relativity; detection,9,"Matched Filtering of Numerical Relativity Templates of Spinning Binary
  Black Holes   Tremendous progress has been made towards the solution of the
binary-black-hole problem in numerical relativity. The waveforms produced by
numerical relativity will play a role in gravitational wave detection as either
test-beds for analytic template banks or as template banks themselves. As the
parameter space explored by numerical relativity expands, the importance of
quantifying the effect that each parameter has on first the detection of
gravitational waves and then the parameter estimation of their sources
increases. In light of this, we present a study of equal-mass, spinning
binary-black-hole evolutions through matched filtering techniques commonly used
in data analysis. We study how the match between two numerical waveforms varies
with numerical resolution, initial angular momentum of the black holes and the
inclination angle between the source and the detector. This study is limited by
the fact that the spinning black-hole-binaries are oriented axially and the
waveforms only contain approximately two and a half orbits before merger. We
find that for detection purposes, spinning black holes require the inclusion of
the higher harmonics in addition to the dominant mode, a condition that becomes
more important as the black-hole-spins increase. In addition, we conduct a
preliminary investigation of how well a template of fixed spin and inclination
angle can detect target templates of arbitrary spin and inclination for the
axial case considered here.
"
705.3843,"Distribution of the very first PopIII stars and their relation to bright
  z~6 quasars","  We discuss the link between dark matter halos hosting the first PopIII stars
and the rare, massive, halos that are generally considered to host bright
quasars at high redshift z~6. The main question that we intend to answer is
whether the super-massive black holes powering these QSOs grew out from the
seeds planted by the first intermediate massive black holes created in the
universe. This question involves a dynamical range of 10^13 in mass and we
address it by combining N-body simulations of structure formation to identify
the most massive halos at z~6 with a Monte Carlo method based on linear theory
to obtain the location and formation times of the first light halos within the
whole simulation box. We show that the descendants of the first ~10^6 Msun
virialized halos do not, on average, end up in the most massive halos at z~6,
but rather live in a large variety of environments. The oldest PopIII
progenitors of the most massive halos at z~6, form instead from density peaks
that are on average one and a half standard deviations more common than the
first PopIII star formed in the volume occupied by one bright high-z QSO. The
intermediate mass black hole seeds planted by the very first PopIII stars at
z>40 can easily grow to masses m_BH>10^9.5 Msun by z=6 assuming Eddington
accretion with radiative efficiency \epsilon~0.1. Quenching of the black hole
accretion is therefore crucial to avoid an overabundance of supermassive black
holes at lower redshift. This can be obtained if the mass accretion is limited
to a fraction \eta~6*10^{-3} of the total baryon mass of the halo hosting the
black hole. The resulting high end slope of the black hole mass function at z=6
is \alpha ~ -3.7, a value within the 1\sigma error bar for the bright end slope
of the observed quasar luminosity function at z=6.
",astro-ph,M. Trenti (1) and M. Stiavelli (1 and 2) ((1) STScI; (2) JHU),black; massive; hole; mass; end,9,"Distribution of the very first PopIII stars and their relation to bright
  z~6 quasars   We discuss the link between dark matter halos hosting the first PopIII stars
and the rare, massive, halos that are generally considered to host bright
quasars at high redshift z~6. The main question that we intend to answer is
whether the super-massive black holes powering these QSOs grew out from the
seeds planted by the first intermediate massive black holes created in the
universe. This question involves a dynamical range of 10^13 in mass and we
address it by combining N-body simulations of structure formation to identify
the most massive halos at z~6 with a Monte Carlo method based on linear theory
to obtain the location and formation times of the first light halos within the
whole simulation box. We show that the descendants of the first ~10^6 Msun
virialized halos do not, on average, end up in the most massive halos at z~6,
but rather live in a large variety of environments. The oldest PopIII
progenitors of the most massive halos at z~6, form instead from density peaks
that are on average one and a half standard deviations more common than the
first PopIII star formed in the volume occupied by one bright high-z QSO. The
intermediate mass black hole seeds planted by the very first PopIII stars at
z>40 can easily grow to masses m_BH>10^9.5 Msun by z=6 assuming Eddington
accretion with radiative efficiency \epsilon~0.1. Quenching of the black hole
accretion is therefore crucial to avoid an overabundance of supermassive black
holes at lower redshift. This can be obtained if the mass accretion is limited
to a fraction \eta~6*10^{-3} of the total baryon mass of the halo hosting the
black hole. The resulting high end slope of the black hole mass function at z=6
is \alpha ~ -3.7, a value within the 1\sigma error bar for the bright end slope
of the observed quasar luminosity function at z=6.
"
705.3845,BSSN in Spherical Symmetry,"  The BSSN (Baumgarte-Shapiro-Shibata-Nakamura) formulation of the Einstein
evolution equations is written in spherical symmetry. These equations can be
used to address a number of technical and conceptual issues in numerical
relativity in the context of a single Schwarzschild black hole. One of the
benefits of spherical symmetry is that the numerical grid points can be tracked
on a Kruskal--Szekeres diagram. Boundary conditions suitable for puncture
evolution of a Schwarzschild black hole are presented. Several results are
shown for puncture evolution using a fourth--order finite difference
implementation of the equations.
",gr-qc,David Brown,evolution; equations; spherical; black; hole,9,"BSSN in Spherical Symmetry   The BSSN (Baumgarte-Shapiro-Shibata-Nakamura) formulation of the Einstein
evolution equations is written in spherical symmetry. These equations can be
used to address a number of technical and conceptual issues in numerical
relativity in the context of a single Schwarzschild black hole. One of the
benefits of spherical symmetry is that the numerical grid points can be tracked
on a Kruskal--Szekeres diagram. Boundary conditions suitable for puncture
evolution of a Schwarzschild black hole are presented. Several results are
shown for puncture evolution using a fourth--order finite difference
implementation of the equations.
"
705.3866,"N=8 non-BPS Attractors, Fixed Scalars and Magic Supergravities","  We analyze the Hessian matrix of the black hole potential of N=8, d=4
supergravity, and determine its rank at non-BPS critical points, relating the
resulting spectrum to non-BPS solutions (with non-vanishing central charge) of
N=2, d=4 magic supergravities and their ``mirror'' duals. We find agreement
with the known degeneracy splitting of N=2 non-BPS spectrum of generic special
Kahler geometries with cubic holomorphic prepotential. We also relate non-BPS
critical points with vanishing central charge in N=2 magic supergravities to a
particular reduction of the N=8, 1/8-BPS critical points.
",hep-th,S.Ferrara and A.Marrani,non; points; critical; charge; central,9,"N=8 non-BPS Attractors, Fixed Scalars and Magic Supergravities   We analyze the Hessian matrix of the black hole potential of N=8, d=4
supergravity, and determine its rank at non-BPS critical points, relating the
resulting spectrum to non-BPS solutions (with non-vanishing central charge) of
N=2, d=4 magic supergravities and their ``mirror'' duals. We find agreement
with the known degeneracy splitting of N=2 non-BPS spectrum of generic special
Kahler geometries with cubic holomorphic prepotential. We also relate non-BPS
critical points with vanishing central charge in N=2 magic supergravities to a
particular reduction of the N=8, 1/8-BPS critical points.
"
705.3871,"Anomalies and de Sitter radiation from the generic black holes in de
  Sitter spaces","  Robinson-Wilczek's recent work shows that, the energy momentum tensor flux
required to cancel gravitational anomaly at the event horizon of a
Schwarzschild-type black hole has an equivalent form to that of a
(1+1)-dimensional blackbody radiation at the Hawking temperature. Motivated by
their work, Hawking radiation from the cosmological horizons of the general
Schwarzschild-de Sitter and Kerr-de Sitter black holes, has been studied by the
method of anomaly cancellation. The result shows that the absorbing gauge
current and energy momentum tensor fluxes required to cancel gauge and
gravitational anomalies at the cosmological horizon are precisely equal to
those of Hawking radiation from it. It should be emphasized that the effective
field theory for generic black holes in de Sitter spaces should be formulated
within the region between the event horizon (EH) and the cosmological horizon
(CH), to integrate out the classically irrelevant ingoing modes at the EH and
the classically irrelevant outgoing modes at the CH, respectively.
",hep-th; gr-qc,Qing-Quan Jiang; Shuang-Qing Wu; Xu Cai,horizon; radiation; cosmological; black; event,9,"Anomalies and de Sitter radiation from the generic black holes in de
  Sitter spaces   Robinson-Wilczek's recent work shows that, the energy momentum tensor flux
required to cancel gravitational anomaly at the event horizon of a
Schwarzschild-type black hole has an equivalent form to that of a
(1+1)-dimensional blackbody radiation at the Hawking temperature. Motivated by
their work, Hawking radiation from the cosmological horizons of the general
Schwarzschild-de Sitter and Kerr-de Sitter black holes, has been studied by the
method of anomaly cancellation. The result shows that the absorbing gauge
current and energy momentum tensor fluxes required to cancel gauge and
gravitational anomalies at the cosmological horizon are precisely equal to
those of Hawking radiation from it. It should be emphasized that the effective
field theory for generic black holes in de Sitter spaces should be formulated
within the region between the event horizon (EH) and the cosmological horizon
(CH), to integrate out the classically irrelevant ingoing modes at the EH and
the classically irrelevant outgoing modes at the CH, respectively.
"
705.3874,Two Centered Black Holes and N=4 Dyon Spectrum,"  The exact spectrum of dyons in a class of N=4 supersymmetric string theories
is known to change discontinuously across walls of marginal stability. We show
that the change in the degeneracy across the walls of marginal stability can be
accounted for precisely by the entropy of two centered small black holes which
disappear as we cross the walls of marginal stability.
",hep-th,Ashoke Sen,stability; change; supersymmetric; entropy; holes,9,"Two Centered Black Holes and N=4 Dyon Spectrum   The exact spectrum of dyons in a class of N=4 supersymmetric string theories
is known to change discontinuously across walls of marginal stability. We show
that the change in the degeneracy across the walls of marginal stability can be
accounted for precisely by the entropy of two centered small black holes which
disappear as we cross the walls of marginal stability.
"
705.3916,"Analogue of superradiance effect in acoustic black hole in the presence
  of disclination","  In this paper we invstigate the possibility of the acoustic analogue of a
phenomenon like superradiance, that is, the amplification of a sound wave by
reflection from the ergo-region of a rotating acoustic black hole in the fluid
""draining bathtub"" model in the presence of a desclination be amplified or
reduced in agreement with the value of the deficit angle.
",gr-qc,Geusa de A. Marques,rotating; phenomenon; fluid; angle; reduced,9,"Analogue of superradiance effect in acoustic black hole in the presence
  of disclination   In this paper we invstigate the possibility of the acoustic analogue of a
phenomenon like superradiance, that is, the amplification of a sound wave by
reflection from the ergo-region of a rotating acoustic black hole in the fluid
""draining bathtub"" model in the presence of a desclination be amplified or
reduced in agreement with the value of the deficit angle.
"
705.3985,Static Holes in the Geometrically Frustrated Bow Tie Ladder,"  We investigate the doping of a geometrically frustrated spin ladder with
static holes by a complementary approach using exact diagonalization and
quantum dimers. Results for thermodynamic properties, the singlet density of
states, the hole-binding energy and the spin correlations will be presented.
For the undoped systems the ground state is non-degenerate, with
translationally invariant nearest-neighbor spin correlations. In the doped
case, we find that static holes polarize their vicinity by a localization of
singlets in order to reduce the frustration. This polarization induces short
range repulsive forces between two holes and an oscillatory behavior of the
long range two-hole energy. For most quantities investigated, we find very good
agreement between the quantum dimer approach and the results from exact
diagonalization.
",cond-mat.str-el,"George B. Martins (Department of Physics; Oakland University; MI; USA)
  Wolfram Brenig (Institut fur Theoretische Physik; Technische Universitat
  Braunschweig; Germany)",holes; spin; static; correlations; exact,9,"Static Holes in the Geometrically Frustrated Bow Tie Ladder   We investigate the doping of a geometrically frustrated spin ladder with
static holes by a complementary approach using exact diagonalization and
quantum dimers. Results for thermodynamic properties, the singlet density of
states, the hole-binding energy and the spin correlations will be presented.
For the undoped systems the ground state is non-degenerate, with
translationally invariant nearest-neighbor spin correlations. In the doped
case, we find that static holes polarize their vicinity by a localization of
singlets in order to reduce the frustration. This polarization induces short
range repulsive forces between two holes and an oscillatory behavior of the
long range two-hole energy. For most quantities investigated, we find very good
agreement between the quantum dimer approach and the results from exact
diagonalization.
"
705.4012,Black Hole Evaporation in an Expanding Universe,"  We calculate the quantum radiation power of black holes which are asymptotic
to the Einstein-de Sitter universe at spatial and null infinities. We consider
two limiting mass accretion scenarios, no accretion and significant accretion.
We find that the radiation power strongly depends on not only the asymptotic
condition but also the mass accretion scenario. For the no accretion case, we
consider the Einstein-Straus solution, where a black hole of constant mass
resides in the dust Friedmann universe. We find negative cosmological
correction besides the expected redshift factor. This is given in terms of the
cubic root of ratio in size of the black hole to the cosmological horizon, so
that it is currently of order $10^{-5} (M/10^{6}M_{\odot})^{1/3} (t/14
{Gyr})^{-1/3}$ but could have been significant at the formation epoch of
primordial black holes. Due to the cosmological effects, this black hole has
not settled down to an equilibrium state. This cosmological correction may be
interpreted in an analogy with the radiation from a moving mirror in a flat
spacetime. For the significant accretion case, we consider the Sultana-Dyer
solution, where a black hole tends to increase its mass in proportion to the
cosmological scale factor. In this model, we find that the radiation power is
apparently the same as the Hawking radiation from the Schwarzschild black hole
of which mass is that of the growing mass at each moment. Hence, the energy
loss rate decreases and tends to vanish as time proceeds. Consequently, the
energy loss due to evaporation is insignificant compared to huge mass accretion
onto the black hole. Based on this model, we propose a definition of
quasi-equilibrium temperature for general conformal stationary black holes.
",gr-qc; astro-ph; hep-th,Hiromi Saida; Tomohiro Harada and Hideki Maeda,black; accretion; hole; radiation; mass,9,"Black Hole Evaporation in an Expanding Universe   We calculate the quantum radiation power of black holes which are asymptotic
to the Einstein-de Sitter universe at spatial and null infinities. We consider
two limiting mass accretion scenarios, no accretion and significant accretion.
We find that the radiation power strongly depends on not only the asymptotic
condition but also the mass accretion scenario. For the no accretion case, we
consider the Einstein-Straus solution, where a black hole of constant mass
resides in the dust Friedmann universe. We find negative cosmological
correction besides the expected redshift factor. This is given in terms of the
cubic root of ratio in size of the black hole to the cosmological horizon, so
that it is currently of order $10^{-5} (M/10^{6}M_{\odot})^{1/3} (t/14
{Gyr})^{-1/3}$ but could have been significant at the formation epoch of
primordial black holes. Due to the cosmological effects, this black hole has
not settled down to an equilibrium state. This cosmological correction may be
interpreted in an analogy with the radiation from a moving mirror in a flat
spacetime. For the significant accretion case, we consider the Sultana-Dyer
solution, where a black hole tends to increase its mass in proportion to the
cosmological scale factor. In this model, we find that the radiation power is
apparently the same as the Hawking radiation from the Schwarzschild black hole
of which mass is that of the growing mass at each moment. Hence, the energy
loss rate decreases and tends to vanish as time proceeds. Consequently, the
energy loss due to evaporation is insignificant compared to huge mass accretion
onto the black hole. Based on this model, we propose a definition of
quasi-equilibrium temperature for general conformal stationary black holes.
"
705.4035,"Is the Bardeen-Petterson effect responsible for the warping and
  precession in NGC 4258?","  Strong evidence for the presence of a warped Keplerian accretion disc in
NGC4258 (M 106) has been inferred from the kinematics of water masers detected
at sub-parsec scales. Assuming a power-law accretion disc and using constraints
on the disc parameters derived from observational data, we have analyzed the
relativistic Bardeen-Petterson effect driven by a Kerr black hole as the
potential physical mechanism responsible for the disc warping. We found that
the Bardeen-Petterson radius is comparable to or smaller than the inner radius
of the maser disc (independent of the allowed value for the black hole spin
parameter). Numerical simulations for a wide range of physical conditions have
shown that the evolution of a misaligned disc due to the Bardeen-Petterson
torques usually produces an inner flat disc and a warped transition region with
a smooth gradient in the tilt and twist angles. Since this structure is similar
to that seen in NGC 4258, we propose that the Bardeen-Petterson effect may be
responsible for the disc warping in this galaxy. We estimated the time-scale
necessary for the disc inside of the Bardeen-Petterson radius to align with the
black hole's equator, as a function of the black hole spin. Our results show
that the Bardeen-Petterson effect can align the disc within a few billion years
in the case of NGC 4258. Finally, we show that if the observed curvature of the
outer anomalous arms in the galactic disc of NGC 4258 is associated with the
precession of its radio jet/counterjet, then the Bardeen-Petterson effect can
provide the required precession period.
",astro-ph,"Anderson Caproni (Nucleo de Astrofisica Teorica-UNICSUL; IAG/USP; STScI); Zulema Abraham (IAG/USP); Mario Livio (STScI) and Herman J. Mosquera
  Cuesta (ICRA-BR/CBPF)",black; hole; effect; radius; inner,9,"Is the Bardeen-Petterson effect responsible for the warping and
  precession in NGC 4258?   Strong evidence for the presence of a warped Keplerian accretion disc in
NGC4258 (M 106) has been inferred from the kinematics of water masers detected
at sub-parsec scales. Assuming a power-law accretion disc and using constraints
on the disc parameters derived from observational data, we have analyzed the
relativistic Bardeen-Petterson effect driven by a Kerr black hole as the
potential physical mechanism responsible for the disc warping. We found that
the Bardeen-Petterson radius is comparable to or smaller than the inner radius
of the maser disc (independent of the allowed value for the black hole spin
parameter). Numerical simulations for a wide range of physical conditions have
shown that the evolution of a misaligned disc due to the Bardeen-Petterson
torques usually produces an inner flat disc and a warped transition region with
a smooth gradient in the tilt and twist angles. Since this structure is similar
to that seen in NGC 4258, we propose that the Bardeen-Petterson effect may be
responsible for the disc warping in this galaxy. We estimated the time-scale
necessary for the disc inside of the Bardeen-Petterson radius to align with the
black hole's equator, as a function of the black hole spin. Our results show
that the Bardeen-Petterson effect can align the disc within a few billion years
in the case of NGC 4258. Finally, we show that if the observed curvature of the
outer anomalous arms in the galactic disc of NGC 4258 is associated with the
precession of its radio jet/counterjet, then the Bardeen-Petterson effect can
provide the required precession period.
"
705.4072,Quantum Lifetime of Two-Dimensional Holes,"  The quantum lifetime of two-dimensional holes in a GaAs/AlGaAs double quantum
well is determined via tunneling spectroscopy. At low temperatures the lifetime
is limited by impurity scattering but at higher temperatures hole-hole Coulomb
scattering dominates. Our results are consistent with Fermi liquid theory, at
least up to r_s = 11. At the highest temperatures the measured width of the
hole spectral function becomes comparable to the Fermi energy. A new,
tunneling-spectroscopic, method for determining the in-plane effective mass of
the holes is also demonstrated.
",cond-mat.mes-hall,J.P. Eisenstein; D. Syphers; L.N. Pfeiffer; and K.W. West,temperatures; hole; tunneling; fermi; holes,9,"Quantum Lifetime of Two-Dimensional Holes   The quantum lifetime of two-dimensional holes in a GaAs/AlGaAs double quantum
well is determined via tunneling spectroscopy. At low temperatures the lifetime
is limited by impurity scattering but at higher temperatures hole-hole Coulomb
scattering dominates. Our results are consistent with Fermi liquid theory, at
least up to r_s = 11. At the highest temperatures the measured width of the
hole spectral function becomes comparable to the Fermi energy. A new,
tunneling-spectroscopic, method for determining the in-plane effective mass of
the holes is also demonstrated.
"
705.4103,"Selection Bias in Observing the Cosmological Evolution of the Mbh-sigma
  and Mbh-L Relationships","  Programs to observe evolution in the Mbh-sigma or Mbh-L relations typically
compare black-hole masses, Mbh, in high-redshift galaxies selected by nuclear
activity to Mbh in local galaxies selected by luminosity L, or stellar velocity
dispersion sigma. Because AGN luminosity is likely to depend on Mbh, selection
effects are different for high-redshift and local samples, potentially
producing a false signal of evolution. This bias arises because cosmic scatter
in the Mbh-sigma and Mbh-L relations means that the mean log(L) or log(sigma)
among galaxies that host a black hole of given Mbh, may be substantially
different than the log(L) or log(sigma) obtained from inverting the Mbh-L or
Mbh-sigma relations for the same nominal Mbh. The bias is particularly strong
at high Mbh, where the luminosity and dispersion functions of galaxies are
falling rapidly. The most massive black holes occur more often as rare outliers
in galaxies of modest mass than in the even rarer high-mass galaxies, which
would otherwise be the sole location of such black holes in the absence of
cosmic scatter. Because of this bias, Mbh will typically appear to be too large
in the distant sample for a given L or sigma. For the largest black holes and
the largest plausible cosmic scatter, the bias can reach a factor of 3 in Mbh
for the Mbh-sigma relation and a factor of 9 for the Mbh-L relation.
Unfortunately, the actual cosmic scatter is not known well enough to correct
for the bias. Measuring evolution of the Mbh and galaxy property relations
requires object selection to be precisely defined and exactly the same at all
redshifts.
",astro-ph,Tod R. Lauer; Scott Tremaine; Douglas Richstone; and S. M. Faber,sigma; bias; galaxies; black; log,9,"Selection Bias in Observing the Cosmological Evolution of the Mbh-sigma
  and Mbh-L Relationships   Programs to observe evolution in the Mbh-sigma or Mbh-L relations typically
compare black-hole masses, Mbh, in high-redshift galaxies selected by nuclear
activity to Mbh in local galaxies selected by luminosity L, or stellar velocity
dispersion sigma. Because AGN luminosity is likely to depend on Mbh, selection
effects are different for high-redshift and local samples, potentially
producing a false signal of evolution. This bias arises because cosmic scatter
in the Mbh-sigma and Mbh-L relations means that the mean log(L) or log(sigma)
among galaxies that host a black hole of given Mbh, may be substantially
different than the log(L) or log(sigma) obtained from inverting the Mbh-L or
Mbh-sigma relations for the same nominal Mbh. The bias is particularly strong
at high Mbh, where the luminosity and dispersion functions of galaxies are
falling rapidly. The most massive black holes occur more often as rare outliers
in galaxies of modest mass than in the even rarer high-mass galaxies, which
would otherwise be the sole location of such black holes in the absence of
cosmic scatter. Because of this bias, Mbh will typically appear to be too large
in the distant sample for a given L or sigma. For the largest black holes and
the largest plausible cosmic scatter, the bias can reach a factor of 3 in Mbh
for the Mbh-sigma relation and a factor of 9 for the Mbh-L relation.
Unfortunately, the actual cosmic scatter is not known well enough to correct
for the bias. Measuring evolution of the Mbh and galaxy property relations
requires object selection to be precisely defined and exactly the same at all
redshifts.
"
705.4179,"Quantized anti de Sitter spaces and non-formal deformation quantizations
  of symplectic symmetric spaces","  We realize quantized anti de Sitter space black holes, building Connes
spectral triples, similar to those used for quantized spheres but based on
Universal Deformation Quantization Formulas (UDF) obtained from an oscillatory
integral kernel on an appropriate symplectic symmetric space. More precisely we
first obtain a UDF for Lie subgroups acting on a symplectic symmetric space M
in a locally simply transitive manner. Then, observing that a curvature
contraction canonically relates anti de Sitter geometry to the geometry of
symplectic symmetric spaces, we use that UDF to define what we call
Dirac-isospectral noncommutative deformations of the spectral triples of
locally anti de Sitter black holes. The study is motivated by physical and
cosmological considerations.
",math.QA; math.SG,"Pierre Bieliavsky; Laurent Claessens; Daniel Sternheimer; Yannick
  Voglaire",symmetric; locally; holes; space; geometry,9,"Quantized anti de Sitter spaces and non-formal deformation quantizations
  of symplectic symmetric spaces   We realize quantized anti de Sitter space black holes, building Connes
spectral triples, similar to those used for quantized spheres but based on
Universal Deformation Quantization Formulas (UDF) obtained from an oscillatory
integral kernel on an appropriate symplectic symmetric space. More precisely we
first obtain a UDF for Lie subgroups acting on a symplectic symmetric space M
in a locally simply transitive manner. Then, observing that a curvature
contraction canonically relates anti de Sitter geometry to the geometry of
symplectic symmetric spaces, we use that UDF to define what we call
Dirac-isospectral noncommutative deformations of the spectral triples of
locally anti de Sitter black holes. The study is motivated by physical and
cosmological considerations.
"
705.4214,Near-horizon symmetries of extremal black holes,"  Recent work has demonstrated an attractor mechanism for extremal rotating
black holes subject to the assumption of a near-horizon SO(2,1) symmetry. We
prove the existence of this symmetry for any extremal black hole with the same
number of rotational symmetries as known four and five dimensional solutions
(including black rings). The result is valid for a general two-derivative
theory of gravity coupled to abelian vectors and uncharged scalars, allowing
for a non-trivial scalar potential. We prove that it remains valid in the
presence of higher-derivative corrections. We show that SO(2,1)-symmetric
near-horizon solutions can be analytically continued to give SU(2)-symmetric
black hole solutions. For example, the near-horizon limit of an extremal 5D
Myers-Perry black hole is related by analytic continuation to a non-extremal
cohomogeneity-1 Myers-Perry solution.
",hep-th; gr-qc,Hari K. Kunduri; James Lucietti; Harvey S. Reall,black; horizon; hole; solutions; near,9,"Near-horizon symmetries of extremal black holes   Recent work has demonstrated an attractor mechanism for extremal rotating
black holes subject to the assumption of a near-horizon SO(2,1) symmetry. We
prove the existence of this symmetry for any extremal black hole with the same
number of rotational symmetries as known four and five dimensional solutions
(including black rings). The result is valid for a general two-derivative
theory of gravity coupled to abelian vectors and uncharged scalars, allowing
for a non-trivial scalar potential. We prove that it remains valid in the
presence of higher-derivative corrections. We show that SO(2,1)-symmetric
near-horizon solutions can be analytically continued to give SU(2)-symmetric
black hole solutions. For example, the near-horizon limit of an extremal 5D
Myers-Perry black hole is related by analytic continuation to a non-extremal
cohomogeneity-1 Myers-Perry solution.
"
705.4248,Fluctuation theorem for black-body radiation,"  The fluctuation theorem is verified for black-body radiation, provided the
bunching of photons is taken into account appropriately.
",cond-mat.stat-mech,B. Cleuren and C. Van den Broeck,photons; taken; body; provided; radiation,9,"Fluctuation theorem for black-body radiation   The fluctuation theorem is verified for black-body radiation, provided the
bunching of photons is taken into account appropriately.
"
705.4263,Recoiling Black Holes in Quasars,"  Recent simulations of merging black holes with spin give recoil velocities
from gravitational radiation up to several thousand km/s. A recoiling
supermassive black hole can retain the inner part of its accretion disk,
providing fuel for a continuing QSO phase lasting millions of years as the hole
moves away from the galactic nucleus. One possible observational manifestation
of a recoiling accretion disk is in QSO emission lines shifted in velocity from
the host galaxy. We have examined QSOs from the Sloan Digital Sky Survey with
broad emission lines substantially shifted relative to the narrow lines. We
find no convincing evidence for recoiling black holes carrying accretion disks.
We place an upper limit on the incidence of recoiling black holes in QSOs of 4%
for kicks greater than 500 km/s and 0.35% for kicks greater than 1000 km/s
line-of-sight velocity.
",astro-ph,"E. W. Bonning (Observatoire de Paris-Meudon); G. A. Shields
  (University of Texas at Austin); S. Salviander (University of Texas at
  Austin)",black; km; accretion; holes; lines,9,"Recoiling Black Holes in Quasars   Recent simulations of merging black holes with spin give recoil velocities
from gravitational radiation up to several thousand km/s. A recoiling
supermassive black hole can retain the inner part of its accretion disk,
providing fuel for a continuing QSO phase lasting millions of years as the hole
moves away from the galactic nucleus. One possible observational manifestation
of a recoiling accretion disk is in QSO emission lines shifted in velocity from
the host galaxy. We have examined QSOs from the Sloan Digital Sky Survey with
broad emission lines substantially shifted relative to the narrow lines. We
find no convincing evidence for recoiling black holes carrying accretion disks.
We place an upper limit on the incidence of recoiling black holes in QSOs of 4%
for kicks greater than 500 km/s and 0.35% for kicks greater than 1000 km/s
line-of-sight velocity.
"
705.4336,Hawking Temperature of Dilaton Black Holes from Tunneling,"  Recently, it has been suggested that Hawking radiation can be derived from
quantum tunnelling methods. In this letter, we calculated Hawking temperature
of dilatonic black holes from tunnelling formalism. The two semi-classical
methods adopted here are: the null-geodesic method proposed by Parikh and
Wilczek and the Hamilton-Jacobi method propsed by Angheben et al. We apply the
two methods to anylysis the Hawking temperature of the static spherical
symmetric dilatonic black hole, the rotating Kaluza-Klein black hole, and the
rotating Kerr-Sen black hole.
",gr-qc,Ji-Rong Ren; Ran Li; Fei-Hu Liu,black; hole; methods; rotating; temperature,9,"Hawking Temperature of Dilaton Black Holes from Tunneling   Recently, it has been suggested that Hawking radiation can be derived from
quantum tunnelling methods. In this letter, we calculated Hawking temperature
of dilatonic black holes from tunnelling formalism. The two semi-classical
methods adopted here are: the null-geodesic method proposed by Parikh and
Wilczek and the Hamilton-Jacobi method propsed by Angheben et al. We apply the
two methods to anylysis the Hawking temperature of the static spherical
symmetric dilatonic black hole, the rotating Kaluza-Klein black hole, and the
rotating Kerr-Sen black hole.
"
705.4339,"Unified First Law and Thermodynamics of Dynamical Black Hole in
  n-dimensional Vaidya Spacetime","  As a simple but important example of dynamical black hole, we analysis the
dynamical black hole in $n$-dimensional Vaidya spacetime in detail. We
investigated the thermodynamics of field equation in $n$-dimensional Vaidya
spacetime. The unified first law was derived in terms of the methods proposed
by Sean A Hayward. The first law of dynamical black hole was obtained by
projecting the unified first law along the trapping horizon. At last, the
second law of dynamical black hole is also discussed.
",gr-qc,Ji-Rong Ren; Ran Li,law; black; hole; dynamical; spacetime,9,"Unified First Law and Thermodynamics of Dynamical Black Hole in
  n-dimensional Vaidya Spacetime   As a simple but important example of dynamical black hole, we analysis the
dynamical black hole in $n$-dimensional Vaidya spacetime in detail. We
investigated the thermodynamics of field equation in $n$-dimensional Vaidya
spacetime. The unified first law was derived in terms of the methods proposed
by Sean A Hayward. The first law of dynamical black hole was obtained by
projecting the unified first law along the trapping horizon. At last, the
second law of dynamical black hole is also discussed.
"
705.435,"Numerical Study on Stellar Core Collapse and Neutrino Emission: Probe
  into the Spherically Symmetric Black Hole Progenitors with 3 - 30Msun Iron
  Cores","  The existence of various anomalous stars, such as the first stars in the
universe or stars produced by stellar mergers, has been recently proposed. Some
of these stars will result in black hole formation. In this study, we
investigate iron core collapse and black hole formation systematically for the
iron-core mass range of 3 - 30Msun, which has not been studied well so far.
Models used here are mostly isentropic iron cores that may be produced in
merged stars in the present universe but we also employ a model that is meant
for a Population III star and is obtained by evolutionary calculation. We solve
numerically the general relativistic hydrodynamics and neutrino transfer
equations simultaneously, treating neutrino reactions in detail under spherical
symmetry. As a result, we find that massive iron cores with ~10Msun
unexpectedly produce a bounce owing to the thermal pressure of nucleons before
black hole formation. The features of neutrino signals emitted from such
massive iron cores differ in time evolution and spectrum from those of ordinary
supernovae. Firstly, the neutronization burst is less remarkable or disappears
completely for more massive models because the density is lower at the bounce.
Secondly, the spectra of neutrinos, except the electron type, are softer owing
to the electron-positron pair creation before the bounce. We also study the
effects of the initial density profile, finding that the larger the initial
density gradient is, the more steeply the neutronization burst declines.
Further more, we suggest a way to probe into the black hole progenitors from
the neutrino emission and estimate the event number for the currently operating
neutrino detectors.
",astro-ph,Ken'ichiro Nakazato; Kohsuke Sumiyoshi and Shoichi Yamada,neutrino; stars; cores; black; hole,9,"Numerical Study on Stellar Core Collapse and Neutrino Emission: Probe
  into the Spherically Symmetric Black Hole Progenitors with 3 - 30Msun Iron
  Cores   The existence of various anomalous stars, such as the first stars in the
universe or stars produced by stellar mergers, has been recently proposed. Some
of these stars will result in black hole formation. In this study, we
investigate iron core collapse and black hole formation systematically for the
iron-core mass range of 3 - 30Msun, which has not been studied well so far.
Models used here are mostly isentropic iron cores that may be produced in
merged stars in the present universe but we also employ a model that is meant
for a Population III star and is obtained by evolutionary calculation. We solve
numerically the general relativistic hydrodynamics and neutrino transfer
equations simultaneously, treating neutrino reactions in detail under spherical
symmetry. As a result, we find that massive iron cores with ~10Msun
unexpectedly produce a bounce owing to the thermal pressure of nucleons before
black hole formation. The features of neutrino signals emitted from such
massive iron cores differ in time evolution and spectrum from those of ordinary
supernovae. Firstly, the neutronization burst is less remarkable or disappears
completely for more massive models because the density is lower at the bounce.
Secondly, the spectra of neutrinos, except the electron type, are softer owing
to the electron-positron pair creation before the bounce. We also study the
effects of the initial density profile, finding that the larger the initial
density gradient is, the more steeply the neutronization burst declines.
Further more, we suggest a way to probe into the black hole progenitors from
the neutrino emission and estimate the event number for the currently operating
neutrino detectors.
"
705.4381,"Holography in Three-dimensional Kerr-de Sitter Space with a
  Gravitational Chern-Simons Term","  The holographic description of the three-dimensional Kerr-de Sitter space
with a gravitational Chern-Simons term is studied, in the context of dS/CFT
correspondence. The space has only one (cosmological) event horizon and its
mass and angular momentum are identified from the holographic energy-momentum
tensor at the asymptotic infinity. The thermodynamic entropy of the
cosmological horizon is computed directly from the first law of thermodynamics,
with the usual Hawking temperature, and it is found that the usual
Gibbons-Hawking entropy is modified. It is remarked that, due to the
gravitational Chern-Simons term, (a) the results go beyond analytic
continuation from AdS, (b) the maximum-mass/N-bound conjecture may be violated,
and (c) the three-dimensional cosmology is chiral. A statistical mechanical
computation of the entropy, from a Cardy-like formula for a dual CFT at the
asymptotic boundary, is discussed. Some technical difference in the
Chern-Simons energy-momentum tensor, from literatures is remarked also.
",hep-th; astro-ph; gr-qc,Mu-in Park,entropy; momentum; horizon; usual; tensor,9,"Holography in Three-dimensional Kerr-de Sitter Space with a
  Gravitational Chern-Simons Term   The holographic description of the three-dimensional Kerr-de Sitter space
with a gravitational Chern-Simons term is studied, in the context of dS/CFT
correspondence. The space has only one (cosmological) event horizon and its
mass and angular momentum are identified from the holographic energy-momentum
tensor at the asymptotic infinity. The thermodynamic entropy of the
cosmological horizon is computed directly from the first law of thermodynamics,
with the usual Hawking temperature, and it is found that the usual
Gibbons-Hawking entropy is modified. It is remarked that, due to the
gravitational Chern-Simons term, (a) the results go beyond analytic
continuation from AdS, (b) the maximum-mass/N-bound conjecture may be violated,
and (c) the three-dimensional cosmology is chiral. A statistical mechanical
computation of the entropy, from a Cardy-like formula for a dual CFT at the
asymptotic boundary, is discussed. Some technical difference in the
Chern-Simons energy-momentum tensor, from literatures is remarked also.
"
705.4505,"The local supermassive black hole mass density: corrections for
  dependencies on the Hubble constant","  We have investigated past measurements of the local supermassive black hole
mass density, correcting for hitherto unknown dependencies on the Hubble
constant, which, in some cases, had led to an underestimation of the mass
density by factors of ~2. Correcting for this, we note that the majority of
past studies yield a local supermassive black hole mas density that is
consistent with the range 4.4-5.9 x 10^5 f(H_0) M_Sun / Mpc^3 (when using H_0 =
70 km/s/Mpc). In addition, we address a number of ways in which these past
estimates can be further developed. In particular, we tabulate realistic
bulge-to-total flux ratios which can be used to estimate the luminosity of
bulges and subsequently their central black hole masses.
",astro-ph,Alister W. Graham (Swinburne; Australia); Simon P. Driver (St Andrews; Scotland),black; hole; density; local; mass,9,"The local supermassive black hole mass density: corrections for
  dependencies on the Hubble constant   We have investigated past measurements of the local supermassive black hole
mass density, correcting for hitherto unknown dependencies on the Hubble
constant, which, in some cases, had led to an underestimation of the mass
density by factors of ~2. Correcting for this, we note that the majority of
past studies yield a local supermassive black hole mas density that is
consistent with the range 4.4-5.9 x 10^5 f(H_0) M_Sun / Mpc^3 (when using H_0 =
70 km/s/Mpc). In addition, we address a number of ways in which these past
estimates can be further developed. In particular, we tabulate realistic
bulge-to-total flux ratios which can be used to estimate the luminosity of
bulges and subsequently their central black hole masses.
"
705.4514,Hagedorn Strings and Correspondence Principle in AdS(3),"  Motivated by the possibility of formulating a strings/black hole
correspondence in AdS space, we extract the Hagedorn behavior of thermal AdS_3
bosonic string from 1-loop partition function of SL(2,R) WZW model. We find
that the Hagedorn temperature is monotonically increasing as the AdS radius
shrinks, reaches a maximum of order of string scale set by the unitarity bound
of the CFT for internal space. The resulting density of states near the
Hagedorn temperature resembles the form as for strings in flat space and is
dominated by the space-like long string configurations. We then argue a
conjectured strings/black hole correspondence in AdS space by applying the
Hagedorn thermodynamics. We find the size of the corresponding black hole is a
function of the AdS radius. For large AdS radius a black hole far bigger than
the string scale will form. On the contrary, when the AdS and string scales are
comparable a string size black hole will form. We also examine strings on BTZ
background obtained through SL(2,Z) transformation. We find a tachyonic
divergence for a BTZ black hole of string scale size.
",hep-th; gr-qc; hep-ph,Feng-Li Lin; Toshihiro Matsuo; Dan Tomino,string; black; hole; space; radius,9,"Hagedorn Strings and Correspondence Principle in AdS(3)   Motivated by the possibility of formulating a strings/black hole
correspondence in AdS space, we extract the Hagedorn behavior of thermal AdS_3
bosonic string from 1-loop partition function of SL(2,R) WZW model. We find
that the Hagedorn temperature is monotonically increasing as the AdS radius
shrinks, reaches a maximum of order of string scale set by the unitarity bound
of the CFT for internal space. The resulting density of states near the
Hagedorn temperature resembles the form as for strings in flat space and is
dominated by the space-like long string configurations. We then argue a
conjectured strings/black hole correspondence in AdS space by applying the
Hagedorn thermodynamics. We find the size of the corresponding black hole is a
function of the AdS radius. For large AdS radius a black hole far bigger than
the string scale will form. On the contrary, when the AdS and string scales are
comparable a string size black hole will form. We also examine strings on BTZ
background obtained through SL(2,Z) transformation. We find a tachyonic
divergence for a BTZ black hole of string scale size.
"
705.4628,Blackbody radiation in \kappa-Minkowski spacetime,"  We have computed the black body radiation spectra in $\kappa-$Minkowski
space-time, using the quantum mechanical picture of massless scalar particles
as well as effective quantum field theory picture. The black body radiation
depends on how the field theory (and thus how the $\kappa-$Poincar\'e algebra)
handles the ordering effect of the noncommutative space-time. In addition,
there exists a natural momentum cut-off of the order $\kappa$, beyond which a
new real mode takes its shape from a complex mode and the old real mode flows
out to be a new complex mode. However, the new high momentum real mode should
not be physical since its contributions to the black-body radiation spoils the
commutative limit.
",hep-th,Hyeong-Chan Kim; Chaiho Rim; and Jae Hyung Yee,mode; body; radiation; real; black,9,"Blackbody radiation in \kappa-Minkowski spacetime   We have computed the black body radiation spectra in $\kappa-$Minkowski
space-time, using the quantum mechanical picture of massless scalar particles
as well as effective quantum field theory picture. The black body radiation
depends on how the field theory (and thus how the $\kappa-$Poincar\'e algebra)
handles the ordering effect of the noncommutative space-time. In addition,
there exists a natural momentum cut-off of the order $\kappa$, beyond which a
new real mode takes its shape from a complex mode and the old real mode flows
out to be a new complex mode. However, the new high momentum real mode should
not be physical since its contributions to the black-body radiation spoils the
commutative limit.
"
705.4641,"Equations of general relativistic radiation hydrodynamics in Kerr
  space-time","  Equations of fully general relativistic radiation hydrodynamics in Kerr
space-time are derived. While the interactions between matter and radiation are
introduced in the comoving frame, the derivatives used when describing the
global evolutions of both the matter and the radiation are given in the
Boyer-Lindquist frame (BLF) which is a frame fixed to the coordinate describing
the central black hole. Around a rotating black hole, both the matter and the
radiation are influenced by the frame-dragging effects due to the black hole's
rotation. As a fixed frame, we use the locally non-rotating reference frame
(LNRF) which is one of the orthonormal frame. While the special relativistic
effects such as beaming effects are introduced by the Lorentz transformation
connecting the comoving frame and the LNRF, the general relativistic effects
such as frame-dragging and gravitational redshift are introduced by the tetrads
connecting the LNRF and the BLF.
",astro-ph,Rohta Takahashi,frame; radiation; effects; relativistic; introduced,9,"Equations of general relativistic radiation hydrodynamics in Kerr
  space-time   Equations of fully general relativistic radiation hydrodynamics in Kerr
space-time are derived. While the interactions between matter and radiation are
introduced in the comoving frame, the derivatives used when describing the
global evolutions of both the matter and the radiation are given in the
Boyer-Lindquist frame (BLF) which is a frame fixed to the coordinate describing
the central black hole. Around a rotating black hole, both the matter and the
radiation are influenced by the frame-dragging effects due to the black hole's
rotation. As a fixed frame, we use the locally non-rotating reference frame
(LNRF) which is one of the orthonormal frame. While the special relativistic
effects such as beaming effects are introduced by the Lorentz transformation
connecting the comoving frame and the LNRF, the general relativistic effects
such as frame-dragging and gravitational redshift are introduced by the tetrads
connecting the LNRF and the BLF.
"
705.4668,"Quantum Noise in Differential-type Gravitational-wave Interferometer and
  Signal Recycling","  There exists the standard quantum limit (SQL), derived from Heisenberg's
uncertainty relation, in the sensitivity of laser interferometer
gravitational-wave detectors. However, in the context of a full
quantum-mechanical approach, SQL can be overcome using the correlation of shot
noise and radiation-pressure noise. So far, signal recycling, which is one of
the methods to overcome SQL, is considered only in a recombined-type
interferometer such as Advanced-LIGO, LCGT, and GEO600. In this paper, we
investigated quantum noise and the possibility of signal recycling in a
differential-type interferometer. As a result, we found that signal recycling
is possible and creates at most three dips in the sensitivity curve of the
detector. Then, taking advantage of the third additional dip and comparing the
sensitivity of a differential-type interferometer with that of a
next-generation Japanese GW interferometer, LCGT, we found that SNR of inspiral
binary is improved by a factor of 1.43 for neutron star binary, 2.28 for 50
M_sun black hole binary, and 2.94 for 100 M_sun black hole binary. We also
found that power recycling to increase laser power is possible in our
signal-recycling configuration of a detector.
",gr-qc,Atsushi Nishizawa; Seiji Kawamura and Masa-aki Sakagami,binary; signal; sensitivity; noise; laser,9,"Quantum Noise in Differential-type Gravitational-wave Interferometer and
  Signal Recycling   There exists the standard quantum limit (SQL), derived from Heisenberg's
uncertainty relation, in the sensitivity of laser interferometer
gravitational-wave detectors. However, in the context of a full
quantum-mechanical approach, SQL can be overcome using the correlation of shot
noise and radiation-pressure noise. So far, signal recycling, which is one of
the methods to overcome SQL, is considered only in a recombined-type
interferometer such as Advanced-LIGO, LCGT, and GEO600. In this paper, we
investigated quantum noise and the possibility of signal recycling in a
differential-type interferometer. As a result, we found that signal recycling
is possible and creates at most three dips in the sensitivity curve of the
detector. Then, taking advantage of the third additional dip and comparing the
sensitivity of a differential-type interferometer with that of a
next-generation Japanese GW interferometer, LCGT, we found that SNR of inspiral
binary is improved by a factor of 1.43 for neutron star binary, 2.28 for 50
M_sun black hole binary, and 2.94 for 100 M_sun black hole binary. We also
found that power recycling to increase laser power is possible in our
signal-recycling configuration of a detector.
"
706.0021,Quantum Fields with Noncommutative Target Spaces,"  Quantum field theories (QFT's) on noncommutative spacetimes are currently
under intensive study. Usually such theories have world sheet noncommutativity.
In the present work, instead, we study QFT's with commutative world sheet and
noncommutative target space. Such noncommutativity can be interpreted in terms
of twisted statistics and is related to earlier work of Oeckl [1], and others
[2,3,4,5,6,7,8]. The twisted spectra of their free Hamiltonians has been found
earlier by Carmona et al [9,10]. We review their derivation and then compute
the partition function of one such typical theory. It leads to a deformed black
body spectrum, which is analysed in detail. The difference between the usual
and the deformed black body spectrum appears in the region of high frequencies.
Therefore we expect that the deformed black body radiation may potentially be
used to compute a GZK cut-off which will depend on the noncommutative parameter
$\theta$.
",hep-th; astro-ph; gr-qc; hep-ph; math.QA,"A. P. Balachandran; A. R. Queiroz; A. M. Marques and P.
  Teotonio-Sobrinho",body; black; world; earlier; theories,9,"Quantum Fields with Noncommutative Target Spaces   Quantum field theories (QFT's) on noncommutative spacetimes are currently
under intensive study. Usually such theories have world sheet noncommutativity.
In the present work, instead, we study QFT's with commutative world sheet and
noncommutative target space. Such noncommutativity can be interpreted in terms
of twisted statistics and is related to earlier work of Oeckl [1], and others
[2,3,4,5,6,7,8]. The twisted spectra of their free Hamiltonians has been found
earlier by Carmona et al [9,10]. We review their derivation and then compute
the partition function of one such typical theory. It leads to a deformed black
body spectrum, which is analysed in detail. The difference between the usual
and the deformed black body spectrum appears in the region of high frequencies.
Therefore we expect that the deformed black body radiation may potentially be
used to compute a GZK cut-off which will depend on the noncommutative parameter
$\theta$.
"
706.0074,"Gemini Observations of Disks and Jets in Young Stellar Objects and in
  Active Galaxies","  We present first results from the Near-infrared Integral Field Spectrograph
(NIFS) located at Gemini North. For the active galaxies Cygnus A and Perseus A
we observe rotationally-supported accretion disks and adduce the existence of
massive central black holes and estimate their masses. In Cygnus A we also see
remarkable high-excitation ionization cones dominated by photoionization from
the central engine. In the T-Tauri stars HV Tau C and DG Tau we see
highly-collimated bipolar outflows in the [Fe II] 1.644 micron line, surrounded
by a slower molecular bipolar outflow seen in the H_2 lines, in accordance with
the model advocated by Pyo et al. (2002).
",astro-ph,"Peter McGregor; Michael Dopita; Ralph Sutherland; Tracy Beck and
  Thaisa Storchi-Bergmann; ",tau; central; disks; fe; excitation,9,"Gemini Observations of Disks and Jets in Young Stellar Objects and in
  Active Galaxies   We present first results from the Near-infrared Integral Field Spectrograph
(NIFS) located at Gemini North. For the active galaxies Cygnus A and Perseus A
we observe rotationally-supported accretion disks and adduce the existence of
massive central black holes and estimate their masses. In Cygnus A we also see
remarkable high-excitation ionization cones dominated by photoionization from
the central engine. In the T-Tauri stars HV Tau C and DG Tau we see
highly-collimated bipolar outflows in the [Fe II] 1.644 micron line, surrounded
by a slower molecular bipolar outflow seen in the H_2 lines, in accordance with
the model advocated by Pyo et al. (2002).
"
706.0105,Numerical approach to low-doping regime of the t-J model,"  We develop an efficient numerical method for the description of a single-hole
motion in the antiferromagnetic background. The method is free of finite-size
effects and allows calculation of physical properties at an arbitrary
wavevector. Methodical increase of the functional space leads to results that
are valid in the thermodynamic limit. We found good agreement with cumulant
expansion, exact- diagonalization approaches on finite lattices as well as
self-consistent Born approximations. The method allows a straightforward
addition of other inelastic degrees of freedom, such as lattice effects. Our
results confirm the existence of a finite quasiparticle weight near the band
minimum for a single hole and the existence of string-like peaks in the
single-hole spectral function.
",cond-mat.str-el; cond-mat.supr-con,J. Bonca; S. Maekawa; and T. Tohyama,hole; single; finite; method; allows,9,"Numerical approach to low-doping regime of the t-J model   We develop an efficient numerical method for the description of a single-hole
motion in the antiferromagnetic background. The method is free of finite-size
effects and allows calculation of physical properties at an arbitrary
wavevector. Methodical increase of the functional space leads to results that
are valid in the thermodynamic limit. We found good agreement with cumulant
expansion, exact- diagonalization approaches on finite lattices as well as
self-consistent Born approximations. The method allows a straightforward
addition of other inelastic degrees of freedom, such as lattice effects. Our
results confirm the existence of a finite quasiparticle weight near the band
minimum for a single hole and the existence of string-like peaks in the
single-hole spectral function.
"
706.0109,"Spin-Polarized Tunneling as a probe of (Ga,Mn)As electronic properties","  We present magnetic and tunnel transport properties of
(Ga,Mn)As/(In,Ga)As/(Ga,Mn)As structure before and after adequate annealing
procedure. The conjugate increase of magnetization and tunnel magnetoresistance
obtained after annealing is shown to be associated to the increase of both
exchange energy $\Delta$$_{exch}$ and hole concentration by reduction of the Mn
interstitial atom in the top magnetic electrode. Through a 6x6 band k.p model,
we established general phase diagrams of tunneling magnetoresistance (TMR) and
tunneling anisotropic magnetoresistance (TAMR) \textit{vs.} (Ga,Mn)As Fermi
energy (E$_F$) and spin-splitting parameter (B$_G$). This allows to give a
rough estimation of the exchange energy $\Delta$$_{exch}$=6B$_G$$\simeq$120 meV
and hole concentration p$\simeq1.10^{20}$cm$^{-3}$ of (Ga,Mn)As and beyond
gives the general trend of TMR and TAMR \textit{vs.} the selected hole band
involved in the tunneling transport.
",cond-mat.mtrl-sci,"M.Elsen; H. Jaffres; R. Mattana; L. Thevenard; A. Lemaitre and J.-M.
  George",tunneling; hole; exchange; increase; delta,9,"Spin-Polarized Tunneling as a probe of (Ga,Mn)As electronic properties   We present magnetic and tunnel transport properties of
(Ga,Mn)As/(In,Ga)As/(Ga,Mn)As structure before and after adequate annealing
procedure. The conjugate increase of magnetization and tunnel magnetoresistance
obtained after annealing is shown to be associated to the increase of both
exchange energy $\Delta$$_{exch}$ and hole concentration by reduction of the Mn
interstitial atom in the top magnetic electrode. Through a 6x6 band k.p model,
we established general phase diagrams of tunneling magnetoresistance (TMR) and
tunneling anisotropic magnetoresistance (TAMR) \textit{vs.} (Ga,Mn)As Fermi
energy (E$_F$) and spin-splitting parameter (B$_G$). This allows to give a
rough estimation of the exchange energy $\Delta$$_{exch}$=6B$_G$$\simeq$120 meV
and hole concentration p$\simeq1.10^{20}$cm$^{-3}$ of (Ga,Mn)As and beyond
gives the general trend of TMR and TAMR \textit{vs.} the selected hole band
involved in the tunneling transport.
"
706.0114,"A New Template Family For The Detection Of Gravitational Waves From
  Comparable Mass Black Hole Binaries","  In order to improve the phasing of the comparable-mass waveform as we
approach the last stable orbit for a system, various re-summation methods have
been used to improve the standard post-Newtonian waveforms. In this work we
present a new family of templates for the detection of gravitational waves from
the inspiral of two comparable-mass black hole binaries. These new adiabatic
templates are based on re-expressing the derivative of the binding energy and
the gravitational wave flux functions in terms of shifted Chebyshev
polynomials. The Chebyshev polynomials are a useful tool in numerical methods
as they display the fastest convergence of any of the orthogonal polynomials.
In this case they are also particularly useful as they eliminate one of the
features that plagues the post-Newtonian expansion. The Chebyshev binding
energy now has information at all post-Newtonian orders, compared to the
post-Newtonian templates which only have information at full integer orders. In
this work, we compare both the post-Newtonian and Chebyshev templates against a
fiducially exact waveform. This waveform is constructed from a hybrid method of
using the test-mass results combined with the mass dependent parts of the
post-Newtonian expansions for the binding energy and flux functions. Our
results show that the Chebyshev templates achieve extremely high fitting
factors at all PN orders and provide excellent parameter extraction. We also
show that this new template family has a faster Cauchy convergence, gives a
better prediction of the position of the Last Stable Orbit and in general
recovers higher Signal-to-Noise ratios than the post-Newtonian templates.
",gr-qc,Edward K. Porter,polynomials; mass; useful; orbit; family,9,"A New Template Family For The Detection Of Gravitational Waves From
  Comparable Mass Black Hole Binaries   In order to improve the phasing of the comparable-mass waveform as we
approach the last stable orbit for a system, various re-summation methods have
been used to improve the standard post-Newtonian waveforms. In this work we
present a new family of templates for the detection of gravitational waves from
the inspiral of two comparable-mass black hole binaries. These new adiabatic
templates are based on re-expressing the derivative of the binding energy and
the gravitational wave flux functions in terms of shifted Chebyshev
polynomials. The Chebyshev polynomials are a useful tool in numerical methods
as they display the fastest convergence of any of the orthogonal polynomials.
In this case they are also particularly useful as they eliminate one of the
features that plagues the post-Newtonian expansion. The Chebyshev binding
energy now has information at all post-Newtonian orders, compared to the
post-Newtonian templates which only have information at full integer orders. In
this work, we compare both the post-Newtonian and Chebyshev templates against a
fiducially exact waveform. This waveform is constructed from a hybrid method of
using the test-mass results combined with the mass dependent parts of the
post-Newtonian expansions for the binding energy and flux functions. Our
results show that the Chebyshev templates achieve extremely high fitting
factors at all PN orders and provide excellent parameter extraction. We also
show that this new template family has a faster Cauchy convergence, gives a
better prediction of the position of the Last Stable Orbit and in general
recovers higher Signal-to-Noise ratios than the post-Newtonian templates.
"
706.0129,Energy-minimizing two black holes initial data,"  An attempt to construct the ``ground state'' vacuum initial data for the
gravitational field surrounding two black holes is presented. The ground state
is defined as the gravitational initial data minimizing the ADM mass within the
class of data for which the masses of the holes and their distance are fixed.
To parameterize different geometric arrangements of the two holes (and,
therefore, their distance) we use an appropriately chosen scale factor. A
method for analyzing the variations of the ADM mass and the masses (areas) of
the horizons in terms of gravitational degrees of freedom is proposed. The
Misner initial data are analyzed in this context: it is shown that they do not
minimize the ADM mass.
",gr-qc,Jacek Jezierski; Jerzy Kijowski; Szymon Leski,holes; gravitational; initial; data; mass,9,"Energy-minimizing two black holes initial data   An attempt to construct the ``ground state'' vacuum initial data for the
gravitational field surrounding two black holes is presented. The ground state
is defined as the gravitational initial data minimizing the ADM mass within the
class of data for which the masses of the holes and their distance are fixed.
To parameterize different geometric arrangements of the two holes (and,
therefore, their distance) we use an appropriately chosen scale factor. A
method for analyzing the variations of the ADM mass and the masses (areas) of
the horizons in terms of gravitational degrees of freedom is proposed. The
Misner initial data are analyzed in this context: it is shown that they do not
minimize the ADM mass.
"
706.0132,Magnification relations for Kerr lensing and testing Cosmic Censorship,"  A Kerr black hole with mass parameter m and angular momentum parameter a
acting as a gravitational lens gives rise to two images in the weak field
limit. We study the corresponding magnification relations, namely the signed
and absolute magnification sums and the centroid up to post-Newtonian order. We
show that there are post-Newtonian corrections to the total absolute
magnification and centroid proportional to a/m, which is in contrast to the
spherically symmetric case where such corrections vanish. Hence we also propose
a new set of lensing observables for the two images involving these
corrections, which should allow measuring a/m with gravitational lensing. In
fact, the resolution capabilities needed to observe this for the Galactic black
hole should in principle be accessible to current and near-future
instrumentation. Since a/m >1 indicates a naked singularity, a most interesting
application would be a test of the Cosmic Censorship conjecture. The technique
used to derive the image properties is based on the degeneracy of the Kerr lens
and a suitably displaced Schwarzschild lens at post-Newtonian order. A simple
physical explanation for this degeneracy is also given.
",gr-qc; astro-ph,M. C. Werner; A. O. Petters,corrections; images; gravitational; black; hole,9,"Magnification relations for Kerr lensing and testing Cosmic Censorship   A Kerr black hole with mass parameter m and angular momentum parameter a
acting as a gravitational lens gives rise to two images in the weak field
limit. We study the corresponding magnification relations, namely the signed
and absolute magnification sums and the centroid up to post-Newtonian order. We
show that there are post-Newtonian corrections to the total absolute
magnification and centroid proportional to a/m, which is in contrast to the
spherically symmetric case where such corrections vanish. Hence we also propose
a new set of lensing observables for the two images involving these
corrections, which should allow measuring a/m with gravitational lensing. In
fact, the resolution capabilities needed to observe this for the Galactic black
hole should in principle be accessible to current and near-future
instrumentation. Since a/m >1 indicates a naked singularity, a most interesting
application would be a test of the Cosmic Censorship conjecture. The technique
used to derive the image properties is based on the degeneracy of the Kerr lens
and a suitably displaced Schwarzschild lens at post-Newtonian order. A simple
physical explanation for this degeneracy is also given.
"
706.0162,"Holographic spectral functions and diffusion constants for fundamental
  matter","  The holographic dual of large-Nc super-Yang-Mills coupled to a small number
of flavours of fundamental matter, Nf << Nc, is described by Nf probe D7-branes
in the gravitational background of Nc black D3-branes. This system undergoes a
first order phase transition characterised by the `melting' of the mesons. We
study the high temperature phase in which the D7-branes extend through the
black hole horizon. In this phase, we compute the spectral function for vector,
scalar and pseudoscalar modes on the D7-brane probe. We also compute the
diffusion constant for the flavour currents.
",hep-th,Robert C. Myers; Andrei O. Starinets; and Rowan M. Thomson,probe; phase; compute; black; horizon,9,"Holographic spectral functions and diffusion constants for fundamental
  matter   The holographic dual of large-Nc super-Yang-Mills coupled to a small number
of flavours of fundamental matter, Nf << Nc, is described by Nf probe D7-branes
in the gravitational background of Nc black D3-branes. This system undergoes a
first order phase transition characterised by the `melting' of the mesons. We
study the high temperature phase in which the D7-branes extend through the
black hole horizon. In this phase, we compute the spectral function for vector,
scalar and pseudoscalar modes on the D7-brane probe. We also compute the
diffusion constant for the flavour currents.
"
706.0188,"Cascade of Gregory-Laflamme Transitions and U(1) Breakdown in Super
  Yang-Mills","  In this paper we consider black p-branes on square torus. We find an
indication of a cascade of Gregory-Laflamme transitions between black p-brane
and (p-1)-brane. Through AdS/CFT correspondence, these transitions are related
to the breakdown of the U(1) symmetry in super Yang-Mills on torus. We argue a
relationship between the cascade and recent Monte-Carlo data.
",hep-th; gr-qc,Masanori Hanada and Tatsuma Nishioka,brane; transitions; black; square; argue,9,"Cascade of Gregory-Laflamme Transitions and U(1) Breakdown in Super
  Yang-Mills   In this paper we consider black p-branes on square torus. We find an
indication of a cascade of Gregory-Laflamme transitions between black p-brane
and (p-1)-brane. Through AdS/CFT correspondence, these transitions are related
to the breakdown of the U(1) symmetry in super Yang-Mills on torus. We argue a
relationship between the cascade and recent Monte-Carlo data.
"
706.0199,Approximate Killing Vectors on S^2,"  We present a new method for computing the best approximation to a Killing
vector on closed 2-surfaces that are topologically S^2. When solutions of
Killing's equation do not exist, this method is shown to yield results superior
to those produced by existing methods. In addition, this method appears to
provide a new tool for studying the horizon geometry of distorted black holes.
",gr-qc,Gregory B. Cook and Bernard F. Whiting,method; new; horizon; surfaces; existing,9,"Approximate Killing Vectors on S^2   We present a new method for computing the best approximation to a Killing
vector on closed 2-surfaces that are topologically S^2. When solutions of
Killing's equation do not exist, this method is shown to yield results superior
to those produced by existing methods. In addition, this method appears to
provide a new tool for studying the horizon geometry of distorted black holes.
"
706.025,"Comment on ""Enhanced transmission through periodic arrays of
  subwavelength holes: the role of localized waveguide resonances""","  Comment on ""Enhanced transmission through periodic arrays of subwavelength
holes: the role of localized waveguide resonances"" [Phys.Rev.Lett. 96, 233901
(2006)]
",physics.optics,Cheng-ping Huang and Yong-yuan Zhu,transmission; phys; enhanced; 2006; periodic,9,"Comment on ""Enhanced transmission through periodic arrays of
  subwavelength holes: the role of localized waveguide resonances""   Comment on ""Enhanced transmission through periodic arrays of subwavelength
holes: the role of localized waveguide resonances"" [Phys.Rev.Lett. 96, 233901
(2006)]
"
706.026,"Charged Axially Symmetric Solution and Energy in Teleparallel Theory
  Equivalent to General Relativity","  An exact charged solution with axial symmetry is obtained in the teleparallel
equivalent of general relativity (TEGR). The associated metric has the
structure function $G(\xi)=1-{\xi}^2-2mA{\xi}^3-q^2A^2{\xi}^4$. The fourth
order nature of the structure function can make calculations cumbersome. Using
a coordinate transformation we get a tetrad whose metric has the structure
function in a factorisable form $(1-{\xi}^2)(1+r_{+}A\xi)(1+r_{-}A\xi)$ with
$r_{\pm}$ as the horizons of Reissner-Nordstr$\ddot{o}$m space-time. This new
form has the advantage that its roots are now trivial to write down. Then, we
study the singularities of this space-time. Using another coordinate
transformation, we obtain a tetrad field. Its associated metric yields the
Reissner-Nordstr$\ddot{o}$m black hole. In Calculating the energy content of
this tetrad field using the gravitational energy-momentum, we find that the
resulting form depends on the radial coordinate! Using the regularized
expression of the gravitational energy-momentum in the teleparallel equivalent
of general relativity we get a consistent value for the energy.
",gr-qc,Gamal Gergess Lamee Nashed,metric; energy; form; transformation; relativity,9,"Charged Axially Symmetric Solution and Energy in Teleparallel Theory
  Equivalent to General Relativity   An exact charged solution with axial symmetry is obtained in the teleparallel
equivalent of general relativity (TEGR). The associated metric has the
structure function $G(\xi)=1-{\xi}^2-2mA{\xi}^3-q^2A^2{\xi}^4$. The fourth
order nature of the structure function can make calculations cumbersome. Using
a coordinate transformation we get a tetrad whose metric has the structure
function in a factorisable form $(1-{\xi}^2)(1+r_{+}A\xi)(1+r_{-}A\xi)$ with
$r_{\pm}$ as the horizons of Reissner-Nordstr$\ddot{o}$m space-time. This new
form has the advantage that its roots are now trivial to write down. Then, we
study the singularities of this space-time. Using another coordinate
transformation, we obtain a tetrad field. Its associated metric yields the
Reissner-Nordstr$\ddot{o}$m black hole. In Calculating the energy content of
this tetrad field using the gravitational energy-momentum, we find that the
resulting form depends on the radial coordinate! Using the regularized
expression of the gravitational energy-momentum in the teleparallel equivalent
of general relativity we get a consistent value for the energy.
"
706.0263,Black hole mass and angular momentum in topologically massive gravity,"  We extend the Abbott-Deser-Tekin approach to the computation of the Killing
charge for a solution of topologically massive gravity (TMG) linearized around
an arbitrary background. This is then applied to evaluate the mass and angular
momentum of black hole solutions of TMG with non-constant curvature
asymptotics. The resulting values, together with the appropriate black hole
entropy, fit nicely into the first law of black hole thermodynamics.
",gr-qc; hep-th,Adel Bouchareb and Gerard Clement,black; hole; computation; appropriate; curvature,9,"Black hole mass and angular momentum in topologically massive gravity   We extend the Abbott-Deser-Tekin approach to the computation of the Killing
charge for a solution of topologically massive gravity (TMG) linearized around
an arbitrary background. This is then applied to evaluate the mass and angular
momentum of black hole solutions of TMG with non-constant curvature
asymptotics. The resulting values, together with the appropriate black hole
entropy, fit nicely into the first law of black hole thermodynamics.
"
706.0288,Bumpy black holes from spontaneous Lorentz violation,"  We consider black holes in Lorentz violating theories of massive gravity. We
argue that in these theories black hole solutions are no longer universal and
exhibit a large number of hairs. If they exist, these hairs probe the
singularity inside the black hole providing a window into quantum gravity. The
existence of these hairs can be tested by future gravitational wave
observatories. We generically expect that the effects we discuss will be larger
for the more massive black holes. In the simplest models the strength of the
hairs is controlled by the same parameter that sets the mass of the graviton
(tensor modes). Then the upper limit on this mass coming from the inferred
gravitational radiation emitted by binary pulsars implies that hairs are likely
to be suppressed for almost the entire mass range of the super-massive black
holes in the centers of galaxies.
",hep-th; astro-ph; gr-qc; hep-ph,Sergei Dubovsky; Peter Tinyakov; Matias Zaldarriaga,black; holes; massive; mass; theories,9,"Bumpy black holes from spontaneous Lorentz violation   We consider black holes in Lorentz violating theories of massive gravity. We
argue that in these theories black hole solutions are no longer universal and
exhibit a large number of hairs. If they exist, these hairs probe the
singularity inside the black hole providing a window into quantum gravity. The
existence of these hairs can be tested by future gravitational wave
observatories. We generically expect that the effects we discuss will be larger
for the more massive black holes. In the simplest models the strength of the
hairs is controlled by the same parameter that sets the mass of the graviton
(tensor modes). Then the upper limit on this mass coming from the inferred
gravitational radiation emitted by binary pulsars implies that hairs are likely
to be suppressed for almost the entire mass range of the super-massive black
holes in the centers of galaxies.
"
706.0313,"Quasi-periodic oscillations, charge and the gravitomagnetic theory","  A new model for the explanation of the high frequency quasi-periodic
oscillations (QPOs) in pulsars, black holes and white dwarfs is presented.
Three circular tori are assumed to be present around the star: an inner torus
with charge $Q_i$, an outer torus with charge $Q_o$ and a torus with
electrically neutral mass $m_m$ in the middle, whereas the star bears a charge
$Q_s$ ($Q_o$ and $Q_s$ have the same sign, $Q_i$ the opposite one). The
frequency $\nu_m$ of the mass current is approximately given by the Kepler
frequency, whereas the frequencies of $Q_i$ and $Q_o$, $\nu_i$ and $\nu_o$,
respectively, are calculated from classical mechanics and Coulomb's law.
  For the explanation of the low frequency QPOs in pulsars and black holes a
special interpretation of the gravitomagnetic theory may be essential. From the
latter theory four new gravitomagnetic precession frequencies are deduced,
which may be identified with the observed low frequency QPOs.
  Predictions of the presented model are compared with observed high frequency
and low frequency QPOs of the pulsars SAX J1808.4--3658, XTE J1807--294, IGR
J00291+5934, SGR 1806--20 and the black hole XTE J1550--564. In addition,
charge flow near the pole of pulsars may explain frequency drift of burst
oscillations. Moreover, charge flow at the equator of SAX J1808.4--3658 may be
the cause of the enigmatic 410 kHz QPO. Furthermore, the Lense-Thirring
frequency is discussed and a modified formula is compared with data of the
pulsars.
  Contrary to pulsars and black holes, the low frequency QPOs of white dwarfs
might be attributed to electromagnetic precession frequencies, deduced in this
work. Predictions are compared with data of the dwarf nova VW Hyi.
",physics.gen-ph,Jacob Biemond,frequency; charge; black; frequencies; holes,9,"Quasi-periodic oscillations, charge and the gravitomagnetic theory   A new model for the explanation of the high frequency quasi-periodic
oscillations (QPOs) in pulsars, black holes and white dwarfs is presented.
Three circular tori are assumed to be present around the star: an inner torus
with charge $Q_i$, an outer torus with charge $Q_o$ and a torus with
electrically neutral mass $m_m$ in the middle, whereas the star bears a charge
$Q_s$ ($Q_o$ and $Q_s$ have the same sign, $Q_i$ the opposite one). The
frequency $\nu_m$ of the mass current is approximately given by the Kepler
frequency, whereas the frequencies of $Q_i$ and $Q_o$, $\nu_i$ and $\nu_o$,
respectively, are calculated from classical mechanics and Coulomb's law.
  For the explanation of the low frequency QPOs in pulsars and black holes a
special interpretation of the gravitomagnetic theory may be essential. From the
latter theory four new gravitomagnetic precession frequencies are deduced,
which may be identified with the observed low frequency QPOs.
  Predictions of the presented model are compared with observed high frequency
and low frequency QPOs of the pulsars SAX J1808.4--3658, XTE J1807--294, IGR
J00291+5934, SGR 1806--20 and the black hole XTE J1550--564. In addition,
charge flow near the pole of pulsars may explain frequency drift of burst
oscillations. Moreover, charge flow at the equator of SAX J1808.4--3658 may be
the cause of the enigmatic 410 kHz QPO. Furthermore, the Lense-Thirring
frequency is discussed and a modified formula is compared with data of the
pulsars.
  Contrary to pulsars and black holes, the low frequency QPOs of white dwarfs
might be attributed to electromagnetic precession frequencies, deduced in this
work. Predictions are compared with data of the dwarf nova VW Hyi.
"
706.0317,Are We Alone in the Multiverse?,"  It has long been proposed that black hole singularities bounce to deliver
daughter universes. Here the consequences of such a scenario are explored in
light of Lee Smolin's hypothesis of Cosmological Natural Selection and Weak
Anthropic Principle. The explorations lead towards the answer to the question
Are We Alone in the Multiverse?
",physics.gen-ph,Pushkar Ganesh Vaidya,selection; scenario; question; principle; natural,9,"Are We Alone in the Multiverse?   It has long been proposed that black hole singularities bounce to deliver
daughter universes. Here the consequences of such a scenario are explored in
light of Lee Smolin's hypothesis of Cosmological Natural Selection and Weak
Anthropic Principle. The explorations lead towards the answer to the question
Are We Alone in the Multiverse?
"
706.0364,Entropy of Reissner-Nordstrom Black Holes with Minimal Length Revisited,"  Based on the generalized uncertainty principle, we study the entropy of a
four-dimensional black hole by counting degrees of freedom near the horizon and
obtain the (finite) entropy proportional to the surface area at the horizon
without a cutoff introduced in the conventional brick-wall method.
",gr-qc,Myungseok Yoon; Jihye Ha; and Wontae Kim,horizon; entropy; conventional; area; degrees,9,"Entropy of Reissner-Nordstrom Black Holes with Minimal Length Revisited   Based on the generalized uncertainty principle, we study the entropy of a
four-dimensional black hole by counting degrees of freedom near the horizon and
obtain the (finite) entropy proportional to the surface area at the horizon
without a cutoff introduced in the conventional brick-wall method.
"
706.0591,Perturbative Charged Rotating 5D Einstein-Maxwell Black Holes,"  We present perturbative charged rotating 5D Einstein-Maxwell black holes with
spherical horizon topology. The electric charge Q is the perturbative
parameter, the perturbations being performed up to 4th order. The expressions
for the relevant physical properties of these black holes are given. The
gyromagnetic ratio g, in particular, is explicitly shown to be non-constant in
higher order, and thus to deviate from its lowest order value, g=3. Comparison
of the perturbative analytical solutions with their non-perturbative numerical
counterparts shows remarkable agreement.
",hep-th,Francisco Navarro-Lerida,perturbative; holes; order; black; non,9,"Perturbative Charged Rotating 5D Einstein-Maxwell Black Holes   We present perturbative charged rotating 5D Einstein-Maxwell black holes with
spherical horizon topology. The electric charge Q is the perturbative
parameter, the perturbations being performed up to 4th order. The expressions
for the relevant physical properties of these black holes are given. The
gyromagnetic ratio g, in particular, is explicitly shown to be non-constant in
higher order, and thus to deviate from its lowest order value, g=3. Comparison
of the perturbative analytical solutions with their non-perturbative numerical
counterparts shows remarkable agreement.
"
706.061,"Thermal AdS(3), BTZ and competing winding modes condensation","  We study the thermal physics of AdS(3) and the BTZ black hole when embedded
in String theory. The exact calculation of the Hagedorn temperature in TAdS(3)
is reinterpreted as the appearance of a winding tachyon both in AdS(3) and BTZ.
We construct a dual framework for analyzing the phases of the system. In this
dual framework, tachyon condensation and geometric capping appear on the same
footing, bridging the usual gap of connecting tachyon condensation to
modifications of geometry. This allows us to construct in a natural way a
candidate for the unstable phase, analogous to a small black hole in higher
dimensions. Additional peculiar effects associated with the Hagedorn
temperature and the Hawking-Page transition, some to do with the asymptotic
structure of AdS(3) and some with strong curvature effects, are analyzed and
explained.
",hep-th,Micha Berkooz; Zohar Komargodski; and Dori Reichmann,dual; construct; black; hole; framework,9,"Thermal AdS(3), BTZ and competing winding modes condensation   We study the thermal physics of AdS(3) and the BTZ black hole when embedded
in String theory. The exact calculation of the Hagedorn temperature in TAdS(3)
is reinterpreted as the appearance of a winding tachyon both in AdS(3) and BTZ.
We construct a dual framework for analyzing the phases of the system. In this
dual framework, tachyon condensation and geometric capping appear on the same
footing, bridging the usual gap of connecting tachyon condensation to
modifications of geometry. This allows us to construct in a natural way a
candidate for the unstable phase, analogous to a small black hole in higher
dimensions. Additional peculiar effects associated with the Hagedorn
temperature and the Hawking-Page transition, some to do with the asymptotic
structure of AdS(3) and some with strong curvature effects, are analyzed and
explained.
"
706.0622,The Kerr spacetime: A brief introduction,"  This chapter provides a brief introduction to the Kerr spacetime and rotating
black holes, touching on the most common coordinate representations of the
spacetime metric and the key features of the geometry -- the presence of
horizons and ergospheres. The coverage is by no means complete, and serves
chiefly to orient oneself when reading subsequent chapters.
",gr-qc; astro-ph; hep-th,Matt Visser (Victoria University of Wellington),spacetime; rotating; representations; common; key,9,"The Kerr spacetime: A brief introduction   This chapter provides a brief introduction to the Kerr spacetime and rotating
black holes, touching on the most common coordinate representations of the
spacetime metric and the key features of the geometry -- the presence of
horizons and ergospheres. The coverage is by no means complete, and serves
chiefly to orient oneself when reading subsequent chapters.
"
706.0623,"Missing energy in black hole production and decay at the Large Hadron
  Collider","  Black holes could be produced at the Large Hadron Collider in TeV-scale
gravity scenarios. We discuss missing energy mechanisms in black hole
production and decay in large extra-dimensional models. In particular, we
examine how graviton emission into the bulk could give the black hole enough
recoil to leave the brane. Such a perturbation would cause an abrupt
termination in Hawking emission and result in large missing-energy signatures.
",hep-ph; gr-qc; hep-th,Douglas M. Gingrich,black; large; hole; emission; energy,9,"Missing energy in black hole production and decay at the Large Hadron
  Collider   Black holes could be produced at the Large Hadron Collider in TeV-scale
gravity scenarios. We discuss missing energy mechanisms in black hole
production and decay in large extra-dimensional models. In particular, we
examine how graviton emission into the bulk could give the black hole enough
recoil to leave the brane. Such a perturbation would cause an abrupt
termination in Hawking emission and result in large missing-energy signatures.
"
706.0627,Black Hole Production at the Large Hadron Collider,"  Black hole production at the Large Hadron Collider (LHC) is an interesting
consequence of TeV-scale gravity models. The predicted values, or lower limits,
for the fundamental Planck scale and number of extra dimensions will depend
directly on the accuracy of the black hole production cross-section. We give a
range of lower limits on the fundamental Planck scale that could be obtained at
LHC energies. In addition, we examine the effects of parton electric charge on
black hole production using the trapped-surface approach of general relativity.
Accounting for electric charge of the partons could reduce the black hole
cross-section by one to four orders of magnitude at the LHC.
",hep-ph,Douglas M. Gingrich,black; hole; lhc; production; scale,9,"Black Hole Production at the Large Hadron Collider   Black hole production at the Large Hadron Collider (LHC) is an interesting
consequence of TeV-scale gravity models. The predicted values, or lower limits,
for the fundamental Planck scale and number of extra dimensions will depend
directly on the accuracy of the black hole production cross-section. We give a
range of lower limits on the fundamental Planck scale that could be obtained at
LHC energies. In addition, we examine the effects of parton electric charge on
black hole production using the trapped-surface approach of general relativity.
Accounting for electric charge of the partons could reduce the black hole
cross-section by one to four orders of magnitude at the LHC.
"
706.0663,Winding tachyons in BTZ,"  Analysing closed string tachyon condensation will improve our understanding
of spacetime in string theory. We study the string spectrum on a BTZ black hole
spacetime supported by NS-NS flux, which provides a calculable example where we
would expect to find a quasi-localised tachyon. We find that there is a winding
tachyon when the black hole horizon is smaller than the string scale, as
expected. However, due to effects of the NS-NS B field, this tachyon is not
localised in the region where the spatial circle is string scale. We also
discuss the relation to the Milne orbifold in the limit near the singularity.
",hep-th,Mukund Rangamani and Simon F. Ross,string; spacetime; black; hole; scale,9,"Winding tachyons in BTZ   Analysing closed string tachyon condensation will improve our understanding
of spacetime in string theory. We study the string spectrum on a BTZ black hole
spacetime supported by NS-NS flux, which provides a calculable example where we
would expect to find a quasi-localised tachyon. We find that there is a winding
tachyon when the black hole horizon is smaller than the string scale, as
expected. However, due to effects of the NS-NS B field, this tachyon is not
localised in the region where the spatial circle is string scale. We also
discuss the relation to the Milne orbifold in the limit near the singularity.
"
706.0681,Explicit enumeration of triangulations with multiple boundaries,"  We enumerate rooted triangulations of a sphere with multiple holes by the
total number of edges and the length of each boundary component. The proof
relies on a combinatorial identity due to W.T. Tutte.
",math.CO,Maxim Krikun (IECN),sphere; holes; multiple; proof; component,9,"Explicit enumeration of triangulations with multiple boundaries   We enumerate rooted triangulations of a sphere with multiple holes by the
total number of edges and the length of each boundary component. The proof
relies on a combinatorial identity due to W.T. Tutte.
"
706.0712,First Order Description of Black Holes in Moduli Space,"  We show that the second order field equations characterizing extremal
solutions for spherically symmetric, stationary black holes are in fact implied
by a system of first order equations given in terms of a prepotential W. This
confirms and generalizes the results in [14]. Moreover we prove that the
squared prepotential function shares the same properties of a c-function and
that it interpolates between M^2_{ADM} and M^2_{BR}, the parameter of the
near-horizon Bertotti-Robinson geometry. When the black holes are solutions of
extended supergravities we are able to find an explicit expression for the
prepotentials, valid at any radial distance from the horizon, which reproduces
all the attractors of the four dimensional N>2 theories. Far from the horizon,
however, for N-even our ansatz poses a constraint on one of the U-duality
invariants for the non-BPS solutions with Z \neq 0. We discuss a possible
extension of our considerations to the non extremal case.
",hep-th,"Laura Andrianopoli; Riccardo D'Auria; Emanuele Orazi and Mario
  Trigiante",horizon; solutions; holes; black; equations,9,"First Order Description of Black Holes in Moduli Space   We show that the second order field equations characterizing extremal
solutions for spherically symmetric, stationary black holes are in fact implied
by a system of first order equations given in terms of a prepotential W. This
confirms and generalizes the results in [14]. Moreover we prove that the
squared prepotential function shares the same properties of a c-function and
that it interpolates between M^2_{ADM} and M^2_{BR}, the parameter of the
near-horizon Bertotti-Robinson geometry. When the black holes are solutions of
extended supergravities we are able to find an explicit expression for the
prepotentials, valid at any radial distance from the horizon, which reproduces
all the attractors of the four dimensional N>2 theories. Far from the horizon,
however, for N-even our ansatz poses a constraint on one of the U-duality
invariants for the non-BPS solutions with Z \neq 0. We discuss a possible
extension of our considerations to the non extremal case.
"
706.0736,"Anisotropic low-temperature piezoresistance in (311)A GaAs
  two-dimensional holes","  We report low-temperature resistance measurements in a modulation-doped,
(311)A GaAs two-dimensional hole system as a function of applied in-plane
strain. The data reveal a strong but anisotropic piezoresistance whose
magnitude depends on the density as well as the direction along which the
resistance is measured. At a density of $1.6\times10^{11}$ cm$^{-2}$ and for a
strain of about $2\times10^{-4}$ applied along [01$\bar{1}$], e.g., the
resistance measured along this direction changes by nearly a factor of two
while the resistance change in the [$\bar{2}$33] direction is less than 10% and
has the opposite sign. Our accurate energy band calculations indicate a
pronounced and anisotropic deformation of the heavy-hole dispersion with
strain, qualitatively consistent with the experimental data. The extremely
anisotropic magnitude of the piezoresistance, however, lacks a quantitative
explanation.
",cond-mat.mes-hall,B. Habib; J. Shabani; E. P. De Poortere; M. Shayegan; R. Winkler,direction; bar; magnitude; applied; hole,9,"Anisotropic low-temperature piezoresistance in (311)A GaAs
  two-dimensional holes   We report low-temperature resistance measurements in a modulation-doped,
(311)A GaAs two-dimensional hole system as a function of applied in-plane
strain. The data reveal a strong but anisotropic piezoresistance whose
magnitude depends on the density as well as the direction along which the
resistance is measured. At a density of $1.6\times10^{11}$ cm$^{-2}$ and for a
strain of about $2\times10^{-4}$ applied along [01$\bar{1}$], e.g., the
resistance measured along this direction changes by nearly a factor of two
while the resistance change in the [$\bar{2}$33] direction is less than 10% and
has the opposite sign. Our accurate energy band calculations indicate a
pronounced and anisotropic deformation of the heavy-hole dispersion with
strain, qualitatively consistent with the experimental data. The extremely
anisotropic magnitude of the piezoresistance, however, lacks a quantitative
explanation.
"
706.0763,Jet-Driven Disk Accretion in Low Luminosity AGN?,"  We explore an accretion model for low luminosity AGN (LLAGN) that attributes
the low radiative output to a low mass accretion rate rather than a low
radiative efficiency. In this model, electrons are assumed to drain energy from
the ions as a result of collisionless plasma microinstabilities. Consequently,
the accreting gas collapses to form a geometrically thin disk at small radii
and is able to cool before reaching the black hole. The accretion disk is not a
standard disk, however, because the radial disk structure is modified by a
magnetic torque which drives a jet and which is primarily responsible for
angular momentum transport. We also include relativistic effects. We apply this
model to the well known LLAGN M87 and calculate the combined disk-jet
steady-state broadband spectrum. A comparison between predicted and observed
spectra indicates that M87 may be a maximally spinning black hole accreting at
a rate of 10^{-3} solar masses per year. This is about 6 orders of magnitude
below the Eddington rate for the same radiative efficiency. Furthermore, the
total jet power inferred by our model is in remarkably good agreement with the
value independently deduced from observations of the M87 jet on kiloparsec
scales.
",astro-ph,Erin J.D. Jolley; Zdenka Kuncic,disk; jet; radiative; accretion; low,9,"Jet-Driven Disk Accretion in Low Luminosity AGN?   We explore an accretion model for low luminosity AGN (LLAGN) that attributes
the low radiative output to a low mass accretion rate rather than a low
radiative efficiency. In this model, electrons are assumed to drain energy from
the ions as a result of collisionless plasma microinstabilities. Consequently,
the accreting gas collapses to form a geometrically thin disk at small radii
and is able to cool before reaching the black hole. The accretion disk is not a
standard disk, however, because the radial disk structure is modified by a
magnetic torque which drives a jet and which is primarily responsible for
angular momentum transport. We also include relativistic effects. We apply this
model to the well known LLAGN M87 and calculate the combined disk-jet
steady-state broadband spectrum. A comparison between predicted and observed
spectra indicates that M87 may be a maximally spinning black hole accreting at
a rate of 10^{-3} solar masses per year. This is about 6 orders of magnitude
below the Eddington rate for the same radiative efficiency. Furthermore, the
total jet power inferred by our model is in remarkably good agreement with the
value independently deduced from observations of the M87 jet on kiloparsec
scales.
"
706.0828,On the Magnetic Prandtl Number Behavior of Accretion Disks,"  We investigate the behavior of the magnetic Prandtl number (ratio of
microscopic viscosity to resistivity) for accretion sources. Generally this
number is very small in standard accretion disk models, but can become larger
than unity within $\sim 50$ Schwarzschild radii of the central mass. Recent
numerical investigations suggest a marked dependence of the level of MHD
turbulence on the value of the Prandtl number. Hence, black hole and neutron
star accretors, i.e. compact X-ray sources, are affected. The astrophysical
consequences of this could be significant, including a possible route to
understanding the mysterious state changes that have long characterized these
sources.
",astro-ph,Steven A. Balbus; Pierre Henri,sources; number; accretion; generally; 50,9,"On the Magnetic Prandtl Number Behavior of Accretion Disks   We investigate the behavior of the magnetic Prandtl number (ratio of
microscopic viscosity to resistivity) for accretion sources. Generally this
number is very small in standard accretion disk models, but can become larger
than unity within $\sim 50$ Schwarzschild radii of the central mass. Recent
numerical investigations suggest a marked dependence of the level of MHD
turbulence on the value of the Prandtl number. Hence, black hole and neutron
star accretors, i.e. compact X-ray sources, are affected. The astrophysical
consequences of this could be significant, including a possible route to
understanding the mysterious state changes that have long characterized these
sources.
"
706.0904,"Reducing eccentricity in black-hole binary evolutions with initial
  parameters from post-Newtonian inspiral","  Standard choices of quasi-circular orbit parameters for black-hole binary
evolutions result in eccentric inspiral. We introduce a conceptually simple
method, which is to integrate the post-Newtonian equations of motion through
hundreds of orbits, and read off the values of the momenta at the separation at
which we wish to start a fully general relativistic numerical evolution. For
the particular case of non-spinning equal-mass inspiral with an initial
coordinate separation of $D = 11M$ we show that this approach reduces the
eccentricity by at least a factor of five to $e < 0.002$ as compared to using
standard quasi-circular initial parameters.
",gr-qc,"Sascha Husa; Mark Hannam; Jose A. Gonzalez; Ulrich Sperhake; Bernd
  Bruegmann",separation; quasi; initial; standard; parameters,9,"Reducing eccentricity in black-hole binary evolutions with initial
  parameters from post-Newtonian inspiral   Standard choices of quasi-circular orbit parameters for black-hole binary
evolutions result in eccentric inspiral. We introduce a conceptually simple
method, which is to integrate the post-Newtonian equations of motion through
hundreds of orbits, and read off the values of the momenta at the separation at
which we wish to start a fully general relativistic numerical evolution. For
the particular case of non-spinning equal-mass inspiral with an initial
coordinate separation of $D = 11M$ we show that this approach reduces the
eccentricity by at least a factor of five to $e < 0.002$ as compared to using
standard quasi-circular initial parameters.
"
706.0983,"Anomalies and Hawking radiation from the Reissner-Nordstr\""om black hole
  with a global monopole","  We extend the work by S. Iso, H. Umetsu and F. Wilczek [Phys. Rev. Lett. 96
(2006) 151302] to derive the Hawking flux via gauge and gravitational anomalies
of a most general two-dimensional non-extremal black hole space-time with the
determinant of its diagonal metric differing from the unity ($\sqrt{-g} \neq
1$) and use it to investigate Hawking radiation from the Reissner-Nordstrom
black hole with a global monopole by requiring the cancellation of anomalies at
the horizon. It is shown that the compensating energy momentum and gauge fluxes
required to cancel gravitational and gauge anomalies at the horizon are
precisely equivalent to the $(1+1)$-dimensional thermal fluxes associated with
Hawking radiation emanating from the horizon at the Hawking temperature. These
fluxes are universally determined by the value of anomalies at the horizon.
",hep-th; gr-qc,Shuang-Qing Wu and Jun-Jin Peng,horizon; gauge; radiation; gravitational; black,9,"Anomalies and Hawking radiation from the Reissner-Nordstr\""om black hole
  with a global monopole   We extend the work by S. Iso, H. Umetsu and F. Wilczek [Phys. Rev. Lett. 96
(2006) 151302] to derive the Hawking flux via gauge and gravitational anomalies
of a most general two-dimensional non-extremal black hole space-time with the
determinant of its diagonal metric differing from the unity ($\sqrt{-g} \neq
1$) and use it to investigate Hawking radiation from the Reissner-Nordstrom
black hole with a global monopole by requiring the cancellation of anomalies at
the horizon. It is shown that the compensating energy momentum and gauge fluxes
required to cancel gravitational and gauge anomalies at the horizon are
precisely equivalent to the $(1+1)$-dimensional thermal fluxes associated with
Hawking radiation emanating from the horizon at the Hawking temperature. These
fluxes are universally determined by the value of anomalies at the horizon.
"
706.0985,Bulk Entropy in Loop Quantum Gravity,"  In the framework of loop quantum gravity (LQG), having quantum black holes in
mind, we generalize the previous boundary state counting (gr-qc/0508085) to a
full bulk state counting. After a suitable gauge fixing we are able to compute
the bulk entropy of a bounded region (the ""black hole"") with fixed boundary.
This allows us to study the relationship between the entropy and the boundary
area in details and we identify a holographic regime of LQG where the leading
order of the entropy scales with the area. We show that in this regime we can
fine tune the factor between entropy and area without changing the Immirzi
parameter.
",gr-qc,Etera R. Livine; Daniel R. Terno,entropy; area; boundary; bulk; regime,9,"Bulk Entropy in Loop Quantum Gravity   In the framework of loop quantum gravity (LQG), having quantum black holes in
mind, we generalize the previous boundary state counting (gr-qc/0508085) to a
full bulk state counting. After a suitable gauge fixing we are able to compute
the bulk entropy of a bounded region (the ""black hole"") with fixed boundary.
This allows us to study the relationship between the entropy and the boundary
area in details and we identify a holographic regime of LQG where the leading
order of the entropy scales with the area. We show that in this regime we can
fine tune the factor between entropy and area without changing the Immirzi
parameter.
"
706.0992,"A note on Klein-Gordon equation in a generalized Kaluza-Klein monopole
  background","  We investigate solutions of the Klein-Gordon equation in a class of five
dimensional geometries presenting the same symmetries and asymptotic structure
as the Gross-Perry-Sorkin monopole solution. Apart from globally regular
metrics, we consider also squashed Kaluza-Klein black holes backgrounds.
",gr-qc,Eugen Radu and Mihai Visinescu,regular; holes; asymptotic; black; solutions,9,"A note on Klein-Gordon equation in a generalized Kaluza-Klein monopole
  background   We investigate solutions of the Klein-Gordon equation in a class of five
dimensional geometries presenting the same symmetries and asymptotic structure
as the Gross-Perry-Sorkin monopole solution. Apart from globally regular
metrics, we consider also squashed Kaluza-Klein black holes backgrounds.
"
706.0994,"Correlation Properties of the Electron-Hole Plasma Interecting with the
  Exciton Gas and the Formation of Inhomogeneous State","  The correlation properties of the cold system consisting of the electron-hole
plasma interacting with the exciton gas are analyzed. It is shown that the
homogeneous state of the system is unstable and in the stationary state the
densities of the electron-hole plasma and exciton gas are modulated.
",cond-mat.str-el,V. S. Babichenko,plasma; hole; gas; electron; state,9,"Correlation Properties of the Electron-Hole Plasma Interecting with the
  Exciton Gas and the Formation of Inhomogeneous State   The correlation properties of the cold system consisting of the electron-hole
plasma interacting with the exciton gas are analyzed. It is shown that the
homogeneous state of the system is unstable and in the stationary state the
densities of the electron-hole plasma and exciton gas are modulated.
"
706.105,"The Discovery of an Active Galactic Nucleus in the Late-type Galaxy NGC
  3621: Spitzer Spectroscopic Observations","  We report the discovery of an Active Galactic Nucleus (AGN) in the nearby SAd
galaxy NGC 3621 using Spitzer high spectral resolution observations. These
observations reveal the presence of [NeV] 14 um and 24 um emission which is
centrally concentrated and peaks at the position of the near-infrared nucleus.
Using the [NeV] line luminosity, we estimate that the nuclear bolometric
luminosity of the AGN is ~ 5 X 10^41 ergs s^-1, which corresponds based on the
Eddington limit to a lower mass limit of the black hole of ~ 4 X 10^3 Msun.
Using an order of magnitude estimate for the bulge mass based on the Hubble
type of the galaxy, we find that this lower mass limit does not put a strain on
the well-known relationship between the black hole mass and the host galaxy's
stellar velocity dispersion established in predominantly early-type galaxies.
Mutli-wavelength follow-up observations of NGC 3621 are required to obtain more
precise estimates of the bulge mass, black hole mass, accretion rate, and
nuclear bolometric luminosity. The discovery reported here adds to the growing
evidence that a black hole can form and grow in a galaxy with no or minimal
bulge.
",astro-ph,S. Satyapal; D. Vega; T. Heckman; B. O'Halloran and R. Dudik,mass; black; hole; galaxy; luminosity,9,"The Discovery of an Active Galactic Nucleus in the Late-type Galaxy NGC
  3621: Spitzer Spectroscopic Observations   We report the discovery of an Active Galactic Nucleus (AGN) in the nearby SAd
galaxy NGC 3621 using Spitzer high spectral resolution observations. These
observations reveal the presence of [NeV] 14 um and 24 um emission which is
centrally concentrated and peaks at the position of the near-infrared nucleus.
Using the [NeV] line luminosity, we estimate that the nuclear bolometric
luminosity of the AGN is ~ 5 X 10^41 ergs s^-1, which corresponds based on the
Eddington limit to a lower mass limit of the black hole of ~ 4 X 10^3 Msun.
Using an order of magnitude estimate for the bulge mass based on the Hubble
type of the galaxy, we find that this lower mass limit does not put a strain on
the well-known relationship between the black hole mass and the host galaxy's
stellar velocity dispersion established in predominantly early-type galaxies.
Mutli-wavelength follow-up observations of NGC 3621 are required to obtain more
precise estimates of the bulge mass, black hole mass, accretion rate, and
nuclear bolometric luminosity. The discovery reported here adds to the growing
evidence that a black hole can form and grow in a galaxy with no or minimal
bulge.
"
706.1109,Discovering the Kerr and Kerr-Schild metrics,"  An historical account of the reasoning that led to the discovery of the Kerr
and Kerr-Schild metrics in 1963-1964, and their physical interpretation as
rotating black holes, is presented.
",gr-qc,Roy P. Kerr,rotating; interpretation; holes; account; black,9,"Discovering the Kerr and Kerr-Schild metrics   An historical account of the reasoning that led to the discovery of the Kerr
and Kerr-Schild metrics in 1963-1964, and their physical interpretation as
rotating black holes, is presented.
"
706.1111,"Cosmological Black Hole Formation due to QCD and Electroweak Phase
  Transitions","  We solve dynamical equations of motion to determine the conditions under
which an over-dense region in the early universe will lead to collapse to a
black hole, starting from horizon crossing of the over-dense region to the
point of gravitational instability. Here we focus on the sensitivity to QCD and
electroweak phase transitions. We then solve rate equations to determine the
mass distribution of black holes in the present universe. A second order phase
transition or rapid crossover would have significant consequences only if the
index of primordial density fluctuations n > 1.25. However, a first order
transition would lead to a black hole dominated universe for any realistic
value of n including n=1.
",astro-ph,Joseph I. Kapusta and Todd Springer,universe; black; dense; lead; hole,9,"Cosmological Black Hole Formation due to QCD and Electroweak Phase
  Transitions   We solve dynamical equations of motion to determine the conditions under
which an over-dense region in the early universe will lead to collapse to a
black hole, starting from horizon crossing of the over-dense region to the
point of gravitational instability. Here we focus on the sensitivity to QCD and
electroweak phase transitions. We then solve rate equations to determine the
mass distribution of black holes in the present universe. A second order phase
transition or rapid crossover would have significant consequences only if the
index of primordial density fluctuations n > 1.25. However, a first order
transition would lead to a black hole dominated universe for any realistic
value of n including n=1.
"
706.1156,Temperature and doping dependence of high-energy kink in cuprates,"  It is shown that spectral functions within the extended t-J model, evaluated
using the finite-temperature diagonalization of small clusters, exhibit the
high-energy kink in single-particle dispersion consistent with recent
angle-resolved photoemission results on hole-doped cuprates. The kink and
waterfall-like features persist up to large doping and to temperatures beyond
$J$ hence the origin can be generally attributed to strong correlations and
incoherent hole propagation at large binding energies. In contrast, our
analysis predicts that electron-doped cuprates do not exhibit these phenomena
in photoemission.
",cond-mat.str-el,M. M. Zemljic; P. Prelovsek and T. Tohyama,exhibit; hole; large; phenomena; propagation,9,"Temperature and doping dependence of high-energy kink in cuprates   It is shown that spectral functions within the extended t-J model, evaluated
using the finite-temperature diagonalization of small clusters, exhibit the
high-energy kink in single-particle dispersion consistent with recent
angle-resolved photoemission results on hole-doped cuprates. The kink and
waterfall-like features persist up to large doping and to temperatures beyond
$J$ hence the origin can be generally attributed to strong correlations and
incoherent hole propagation at large binding energies. In contrast, our
analysis predicts that electron-doped cuprates do not exhibit these phenomena
in photoemission.
"
706.1167,Extremal black holes in D=5: SUSY vs. Gauss-Bonnet corrections,"  We analyse near-horizon solutions and compare the results for the black hole
entropy of five-dimensional spherically symmetric extremal black holes when the
N=2 SUGRA actions are supplied with two different types of higher-order
corrections: (1) supersymmetric completion of gravitational Chern-Simons term,
and (2) Gauss-Bonnet term. We show that for large BPS black holes lowest order
\alpha' corrections to the entropy are the same, but for non-BPS are generally
different. We pay special attention to the class of prepotentials connected
with K3\times T^2 and T^6 compactifications. For supersymmetric correction we
find beside BPS also a set of non-BPS solutions. In the particular case of T^6
compactification (equivalent to the heterotic string on $T^4\times S^1$) we
find the (almost) complete set of solutions (with exception of some non-BPS
small black holes), and show that entropy of small black holes is different
from statistical entropy obtained by counting of microstates of heterotic
string theory. We also find complete set of solutions for K3\times T^2 and T^6
case when correction is given by Gauss-Bonnet term. Contrary to
four-dimensional case, obtained entropy is different from the one with
supersymmetric correction. We show that in Gauss-Bonnet case entropy of small
``BPS'' black holes agrees with microscopic entropy in the known cases.
",hep-th,Maro Cvitan; Predrag Dominis Prester; Silvio Pallua and Ivica Smoli\'c,entropy; black; holes; correction; solutions,9,"Extremal black holes in D=5: SUSY vs. Gauss-Bonnet corrections   We analyse near-horizon solutions and compare the results for the black hole
entropy of five-dimensional spherically symmetric extremal black holes when the
N=2 SUGRA actions are supplied with two different types of higher-order
corrections: (1) supersymmetric completion of gravitational Chern-Simons term,
and (2) Gauss-Bonnet term. We show that for large BPS black holes lowest order
\alpha' corrections to the entropy are the same, but for non-BPS are generally
different. We pay special attention to the class of prepotentials connected
with K3\times T^2 and T^6 compactifications. For supersymmetric correction we
find beside BPS also a set of non-BPS solutions. In the particular case of T^6
compactification (equivalent to the heterotic string on $T^4\times S^1$) we
find the (almost) complete set of solutions (with exception of some non-BPS
small black holes), and show that entropy of small black holes is different
from statistical entropy obtained by counting of microstates of heterotic
string theory. We also find complete set of solutions for K3\times T^2 and T^6
case when correction is given by Gauss-Bonnet term. Contrary to
four-dimensional case, obtained entropy is different from the one with
supersymmetric correction. We show that in Gauss-Bonnet case entropy of small
``BPS'' black holes agrees with microscopic entropy in the known cases.
"
706.1189,"Efficient implementation of finite volume methods in Numerical
  Relativity","  Centered finite volume methods are considered in the context of Numerical
Relativity. A specific formulation is presented, in which third-order space
accuracy is reached by using a piecewise-linear reconstruction. This
formulation can be interpreted as an 'adaptive viscosity' modification of
centered finite difference algorithms. These points are fully confirmed by 1D
black-hole simulations. In the 3D case, evidence is found that the use of a
conformal decomposition is a key ingredient for the robustness of black hole
numerical codes.
",gr-qc,Daniela Alic; Carles Bona; Carles Bona-Casas and Joan Mass\'o,formulation; black; hole; numerical; finite,9,"Efficient implementation of finite volume methods in Numerical
  Relativity   Centered finite volume methods are considered in the context of Numerical
Relativity. A specific formulation is presented, in which third-order space
accuracy is reached by using a piecewise-linear reconstruction. This
formulation can be interpreted as an 'adaptive viscosity' modification of
centered finite difference algorithms. These points are fully confirmed by 1D
black-hole simulations. In the 3D case, evidence is found that the use of a
conformal decomposition is a key ingredient for the robustness of black hole
numerical codes.
"
706.1203,Black Stars and Gamma Ray Bursts,"  Stars that are collapsing toward forming a black hole but are frozen near the
Schwarzschild horizon are termed ""black stars"". Collisions of black stars, in
contrast to black hole collisions, may be sources of gamma ray bursts, whose
basic parameters are estimated quite simply and are found to be consistent with
observed gamma ray bursts. Black star gamma ray bursts should be preceded by
gravitational wave emission similar to that from the coalescence of black
holes.
",astro-ph; gr-qc; hep-th,Tanmay Vachaspati,black; gamma; stars; ray; collisions,9,"Black Stars and Gamma Ray Bursts   Stars that are collapsing toward forming a black hole but are frozen near the
Schwarzschild horizon are termed ""black stars"". Collisions of black stars, in
contrast to black hole collisions, may be sources of gamma ray bursts, whose
basic parameters are estimated quite simply and are found to be consistent with
observed gamma ray bursts. Black star gamma ray bursts should be preceded by
gravitational wave emission similar to that from the coalescence of black
holes.
"
706.1231,The Black Di-Ring: An Inverse Scattering Construction,"  We use the inverse scattering method (ISM) to derive concentric
non-supersymmetric black rings. The approach used here is fully
five-dimensional, and has the modest advantage that it generalizes readily to
the construction of more general axi-symmetric solutions.
",hep-th; gr-qc,Jarah Evslin; Chethan Krishnan,inverse; supersymmetric; fully; construction; symmetric,9,"The Black Di-Ring: An Inverse Scattering Construction   We use the inverse scattering method (ISM) to derive concentric
non-supersymmetric black rings. The approach used here is fully
five-dimensional, and has the modest advantage that it generalizes readily to
the construction of more general axi-symmetric solutions.
"
706.1271,Agujeros de Gusano en Gravedad (2+1),"  Traversable wormholes are objects that present a lot of interest in the last
years because of their geometric features and their relation with exotic
matter. In this paper we presnt a review of the principal characteristics of
traversable Morris-Thorne wormholes, their construction proccess and some
aspects about the exotic matter that is needed in order to mantain them. Then,
we use a junction proccess to obatin two specific wormhole solutions in the
(2+1) gravity formalism with negative cosmological constant. The obtained
solutions represent wormholes with an external spacetime correspondient to the
BTZ black hole solution. We also show that exotic matter is needed to mantain
these wormholes.
  -----
  Los agujeros de gusano atravesables son objetos que presentan un gran interes
en la actualidad debido a sus caracteristicas geometricas y a su relacion con
la materia exotica. En el presente trabajo se muestra una revision de las
caracteristicas de los agujeros de gusano atravesables al estilo de Morris y
Thorne, al igual que el proceso de construccion y aspectos de la materia
exotica necesaria para mantenerlos. Luego, se utiliza un proceso de juntura
para construir dos soluciones especificas tipo agujero de gusano en el
formalismo de la gravedad (2+1) con constante cosmologica negativa. Con esta
construccion, se obtienen agujeros atravesables que se encuentran unidos a un
espacio-tiempo externo correspondiente al agujero negro BTZ sin momento angular
y sin carga electrica. Ademas de esto, se muestra que para mantener este tipo
de solucion es necesaria la existencia de materia exotica, es decir, materia
que viole las condiciones de energia.
",gr-qc,Alexis Larranaga,al; matter; solutions; spacetime; su,9,"Agujeros de Gusano en Gravedad (2+1)   Traversable wormholes are objects that present a lot of interest in the last
years because of their geometric features and their relation with exotic
matter. In this paper we presnt a review of the principal characteristics of
traversable Morris-Thorne wormholes, their construction proccess and some
aspects about the exotic matter that is needed in order to mantain them. Then,
we use a junction proccess to obatin two specific wormhole solutions in the
(2+1) gravity formalism with negative cosmological constant. The obtained
solutions represent wormholes with an external spacetime correspondient to the
BTZ black hole solution. We also show that exotic matter is needed to mantain
these wormholes.
  -----
  Los agujeros de gusano atravesables son objetos que presentan un gran interes
en la actualidad debido a sus caracteristicas geometricas y a su relacion con
la materia exotica. En el presente trabajo se muestra una revision de las
caracteristicas de los agujeros de gusano atravesables al estilo de Morris y
Thorne, al igual que el proceso de construccion y aspectos de la materia
exotica necesaria para mantenerlos. Luego, se utiliza un proceso de juntura
para construir dos soluciones especificas tipo agujero de gusano en el
formalismo de la gravedad (2+1) con constante cosmologica negativa. Con esta
construccion, se obtienen agujeros atravesables que se encuentran unidos a un
espacio-tiempo externo correspondiente al agujero negro BTZ sin momento angular
y sin carga electrica. Ademas de esto, se muestra que para mantener este tipo
de solucion es necesaria la existencia de materia exotica, es decir, materia
que viole las condiciones de energia.
"
706.1294,Comments Brane-World Black Holes and Energy-Momentum Vector,"  We show that the energy distribution of the brane-world black holes given by
Salti et al. in the context of teleparallel theory is not right. We give the
correct formula of energy of those black hole.
",gr-qc,Gamal Gergess Lamee Nashed,black; energy; brane; world; holes,9,"Comments Brane-World Black Holes and Energy-Momentum Vector   We show that the energy distribution of the brane-world black holes given by
Salti et al. in the context of teleparallel theory is not right. We give the
correct formula of energy of those black hole.
"
